{
  "method": "adamo",
  "seed": 0,
  "early_acc": 51.45333333333333,
  "late_acc": 72.46888888888888,
  "late_test_acc": 62.04,
  "test_acc": [
    47.0,
    53.2,
    64.4,
    45.6,
    58.8,
    57.4,
    64.6,
    44.6,
    53.2,
    71.4,
    62.0,
    68.6,
    52.6,
    54.2,
    59.4,
    61.2,
    43.8,
    61.4,
    56.0,
    64.8,
    65.8,
    69.0,
    67.4,
    65.8,
    65.2
  ],
  "ntk": null,
  "blockrank": null,
  "adapt_traj": [],
  "plasticity_drop": -21.01555555555555,
  "mean_acc": 64.98311111111111,
  "task_acc": [
    43.644444444444446,
    49.43333333333333,
    54.644444444444446,
    54.18888888888889,
    55.355555555555554,
    60.3,
    63.48888888888889,
    56.2,
    57.27777777777778,
    71.94444444444444,
    63.355555555555554,
    69.9888888888889,
    67.43333333333334,
    62.544444444444444,
    70.08888888888889,
    72.6,
    70.41111111111111,
    69.06666666666666,
    72.93333333333334,
    77.85555555555555,
    72.18888888888888,
    69.57777777777778,
    75.6,
    75.34444444444445,
    69.11111111111111
  ],
  "rank_traj": []
}