{
  "method": "adamo",
  "seed": 1,
  "early_acc": 51.855555555555554,
  "late_acc": 72.21777777777778,
  "late_test_acc": 59.42,
  "test_acc": [
    53.8,
    47.4,
    60.8,
    54.6,
    60.6,
    53.2,
    61.2,
    46.4,
    50.0,
    49.4,
    46.6,
    59.4,
    63.8,
    63.8,
    47.6,
    75.4,
    48.0,
    60.0,
    42.2,
    47.4,
    63.6,
    75.4,
    70.4,
    55.2,
    56.6
  ],
  "ntk": null,
  "blockrank": null,
  "adapt_traj": [],
  "plasticity_drop": -20.36222222222223,
  "mean_acc": 64.71111111111111,
  "task_acc": [
    51.93333333333333,
    44.96666666666667,
    49.22222222222222,
    55.08888888888889,
    58.06666666666667,
    53.733333333333334,
    59.96666666666667,
    54.17777777777778,
    60.27777777777778,
    63.77777777777778,
    66.78888888888889,
    69.06666666666666,
    72.7,
    70.17777777777778,
    65.65555555555555,
    72.83333333333333,
    63.022222222222226,
    73.06666666666666,
    72.78888888888889,
    73.5111111111111,
    70.66666666666667,
    74.52222222222223,
    74.71111111111111,
    74.0,
    73.05555555555556
  ],
  "rank_traj": []
}