{
  "method": "adamo",
  "seed": 2,
  "early_acc": 53.14222222222222,
  "late_acc": 68.27333333333334,
  "late_test_acc": 49.5,
  "test_acc": [
    46.6,
    42.6,
    59.8,
    42.0,
    44.4,
    40.4,
    46.6,
    55.4,
    53.8,
    66.6,
    61.8,
    44.0,
    48.4,
    64.6,
    47.0,
    54.2,
    58.8,
    48.2,
    62.8,
    52.8,
    43.6,
    30.4,
    32.6,
    57.8,
    53.8
  ],
  "ntk": null,
  "blockrank": null,
  "adapt_traj": [],
  "plasticity_drop": -15.131111111111117,
  "mean_acc": 64.69644444444445,
  "task_acc": [
    48.5,
    41.733333333333334,
    61.37777777777778,
    56.6,
    57.5,
    62.833333333333336,
    64.81111111111112,
    69.5,
    68.28888888888889,
    70.95555555555555,
    69.2,
    68.16666666666667,
    63.27777777777778,
    67.08888888888889,
    64.84444444444445,
    67.92222222222222,
    73.07777777777778,
    64.57777777777778,
    72.55555555555556,
    68.4,
    65.83333333333333,
    69.68888888888888,
    68.65555555555555,
    65.2,
    66.82222222222222
  ],
  "rank_traj": []
}