{
  "method": "ptc_muon",
  "seed": 0,
  "early_acc": 63.66888888888889,
  "late_acc": 79.6211111111111,
  "late_test_acc": 78.25999999999999,
  "test_acc": [
    53.4,
    65.2,
    70.4,
    63.6,
    66.0,
    70.6,
    75.2,
    55.2,
    58.0,
    71.2,
    73.2,
    71.8,
    75.4,
    63.2,
    76.2,
    75.6,
    77.4,
    77.2,
    79.0,
    79.8,
    79.2,
    73.2,
    84.4,
    86.0,
    70.8
  ],
  "ntk": null,
  "blockrank": null,
  "adapt_traj": [],
  "plasticity_drop": -15.952222222222218,
  "mean_acc": 74.22,
  "task_acc": [
    46.34444444444444,
    65.32222222222222,
    70.1,
    68.44444444444444,
    68.13333333333334,
    73.43333333333334,
    75.7,
    67.33333333333333,
    68.25555555555556,
    78.74444444444444,
    71.23333333333333,
    79.42222222222222,
    75.81111111111112,
    73.47777777777777,
    77.53333333333333,
    80.17777777777778,
    78.65555555555555,
    77.86666666666666,
    79.77777777777777,
    82.21111111111111,
    79.07777777777778,
    76.97777777777777,
    82.3,
    81.86666666666666,
    77.3
  ],
  "rank_traj": []
}