{
  "method": "ptc_muon",
  "seed": 2,
  "early_acc": 63.47555555555556,
  "late_acc": 78.65555555555557,
  "late_test_acc": 73.4,
  "test_acc": [
    63.2,
    63.2,
    76.8,
    72.2,
    66.2,
    68.4,
    71.4,
    72.2,
    67.0,
    76.6,
    73.0,
    78.2,
    64.0,
    68.8,
    74.6,
    79.0,
    83.4,
    65.0,
    80.8,
    74.6,
    69.2,
    77.8,
    73.6,
    61.6,
    69.0
  ],
  "ntk": null,
  "blockrank": null,
  "adapt_traj": [],
  "plasticity_drop": -15.180000000000007,
  "mean_acc": 74.11244444444444,
  "task_acc": [
    52.15555555555556,
    55.9,
    72.16666666666667,
    68.35555555555555,
    68.8,
    69.66666666666667,
    71.55555555555556,
    75.83333333333333,
    76.52222222222223,
    75.9888888888889,
    76.18888888888888,
    75.95555555555555,
    74.77777777777777,
    75.4,
    76.9888888888889,
    80.63333333333334,
    79.44444444444444,
    76.21111111111111,
    79.75555555555556,
    79.11111111111111,
    76.41111111111111,
    79.13333333333334,
    81.34444444444445,
    76.86666666666666,
    77.64444444444445
  ],
  "rank_traj": []
}