{
  "method": "ptc_muon",
  "seed": 1,
  "early_acc": 64.22888888888889,
  "late_acc": 79.46777777777778,
  "late_test_acc": 77.36,
  "test_acc": [
    62.0,
    48.4,
    58.4,
    74.4,
    72.8,
    63.2,
    75.4,
    59.2,
    67.8,
    70.4,
    75.2,
    79.4,
    77.8,
    77.0,
    66.0,
    75.4,
    67.6,
    81.2,
    79.2,
    79.8,
    73.4,
    79.4,
    80.2,
    81.6,
    75.8
  ],
  "ntk": null,
  "blockrank": null,
  "adapt_traj": [],
  "plasticity_drop": -15.238888888888894,
  "mean_acc": 74.4631111111111,
  "task_acc": [
    55.4,
    57.611111111111114,
    62.111111111111114,
    71.24444444444444,
    74.77777777777777,
    66.96666666666667,
    73.35555555555555,
    72.67777777777778,
    74.13333333333334,
    73.32222222222222,
    75.97777777777777,
    75.44444444444444,
    80.74444444444444,
    78.68888888888888,
    74.44444444444444,
    80.17777777777778,
    73.83333333333333,
    79.0,
    80.37777777777778,
    79.76666666666667,
    78.26666666666667,
    80.93333333333334,
    80.33333333333333,
    82.07777777777778,
    79.91111111111111
  ],
  "rank_traj": []
}