{
  "method": "adamo",
  "seed": 0,
  "early_acc": 48.31399999999999,
  "late_acc": 59.751999999999995,
  "plasticity_drop": -11.438000000000002,
  "mean_acc": 55.663999999999994,
  "task_acc": [
    44.95,
    50.46,
    45.26,
    46.8,
    54.1,
    49.84,
    57.5,
    52.86,
    47.89,
    51.54,
    53.57,
    63.79,
    69.59,
    48.29,
    57.64,
    55.32,
    59.65,
    57.15,
    53.02,
    70.59,
    58.75,
    60.21,
    61.89,
    60.66,
    60.28
  ],
  "rank_traj": [
    66.06061553955078,
    63.91747283935547,
    72.88627624511719,
    79.5110092163086,
    75.5040512084961,
    77.46101379394531,
    76.62354278564453,
    83.56309509277344,
    90.20439147949219,
    86.84307098388672,
    96.68601989746094,
    77.92217254638672,
    76.08528137207031,
    97.90351867675781,
    83.28955841064453,
    90.64855194091797,
    84.0798110961914,
    84.88658905029297,
    88.75686645507812,
    78.89104461669922,
    89.7890625,
    78.54003143310547,
    74.3161392211914,
    82.73906707763672,
    80.77278900146484
  ]
}