{
  "method": "adam",
  "seed": 1,
  "early_acc": 43.89,
  "late_acc": 44.763999999999996,
  "plasticity_drop": -0.8739999999999952,
  "mean_acc": 42.493599999999994,
  "task_acc": [
    47.87,
    39.03,
    44.76,
    44.39,
    43.4,
    44.28,
    45.39,
    37.01,
    34.1,
    34.19,
    42.96,
    38.15,
    37.71,
    42.7,
    38.76,
    43.2,
    51.33,
    47.49,
    50.46,
    46.8,
    45.89,
    35.89,
    36.47,
    46.77,
    43.34
  ],
  "rank_traj": [
    53.134765625,
    60.103492736816406,
    57.915897369384766,
    50.84346008300781,
    55.68918228149414,
    61.81968307495117,
    57.86789321899414,
    55.04954147338867,
    53.71141052246094,
    47.22774124145508,
    49.14384078979492,
    53.012672424316406,
    44.41533660888672,
    51.05816650390625,
    58.24982833862305,
    52.922996520996094,
    58.737266540527344,
    57.81565475463867,
    59.0648307800293,
    60.793907165527344,
    55.937225341796875,
    55.47090530395508,
    58.21784210205078,
    62.460975646972656,
    60.630287170410156
  ]
}