{
  "method": "adamo",
  "seed": 1,
  "early_acc": 46.547999999999995,
  "late_acc": 60.444,
  "plasticity_drop": -13.896000000000008,
  "mean_acc": 54.34400000000001,
  "task_acc": [
    48.14,
    39.86,
    47.82,
    49.51,
    47.41,
    49.18,
    52.25,
    46.17,
    45.69,
    47.63,
    61.24,
    57.77,
    50.58,
    57.51,
    53.4,
    56.87,
    67.65,
    68.06,
    69.84,
    57.97,
    60.31,
    45.86,
    52.67,
    65.22,
    59.99
  ],
  "rank_traj": [
    52.55531311035156,
    63.21717071533203,
    61.03749465942383,
    64.99507904052734,
    67.87980651855469,
    76.59373474121094,
    81.37606811523438,
    91.82701873779297,
    87.59187316894531,
    91.09025573730469,
    85.15716552734375,
    85.66902923583984,
    88.22583770751953,
    78.07313537597656,
    91.54886627197266,
    88.7784194946289,
    88.88821411132812,
    86.33638000488281,
    82.15028381347656,
    79.12771606445312,
    74.9674301147461,
    80.6839828491211,
    89.72640991210938,
    83.1396484375,
    89.81883239746094
  ]
}