{
  "method": "adam",
  "seed": 0,
  "early_acc": 45.53600000000001,
  "late_acc": 45.84400000000001,
  "plasticity_drop": -0.30799999999999983,
  "mean_acc": 45.2756,
  "task_acc": [
    45.31,
    50.36,
    41.94,
    42.86,
    47.21,
    42.63,
    49.13,
    48.3,
    38.37,
    40.92,
    38.57,
    50.33,
    56.28,
    34.9,
    46.34,
    42.9,
    45.78,
    47.21,
    43.34,
    55.77,
    47.22,
    43.58,
    47.66,
    39.7,
    45.28
  ],
  "rank_traj": [
    62.24556350708008,
    52.72108459472656,
    61.357322692871094,
    62.85601806640625,
    56.454383850097656,
    58.83803939819336,
    58.55057907104492,
    56.94330596923828,
    68.99102020263672,
    63.20906448364258,
    64.62572479248047,
    62.82236862182617,
    54.35003662109375,
    71.00919342041016,
    62.616371154785156,
    62.115875244140625,
    64.98931884765625,
    58.19887924194336,
    59.27033996582031,
    55.39884948730469,
    63.02243423461914,
    61.96553421020508,
    54.98796844482422,
    61.458194732666016,
    54.093631744384766
  ]
}