{
  "method": "adamo",
  "seed": 0,
  "early_acc": 54.791999999999994,
  "late_acc": 69.29999999999998,
  "plasticity_drop": -14.507999999999988,
  "mean_acc": 63.967600000000004,
  "task_acc": [
    49.26,
    56.5,
    52.86,
    54.47,
    60.87,
    57.88,
    65.67,
    59.89,
    56.46,
    61.94,
    61.59,
    70.19,
    76.54,
    56.59,
    65.48,
    65.28,
    68.75,
    66.81,
    64.32,
    76.78,
    66.17,
    68.63,
    74.33,
    70.8,
    71.13
  ],
  "rank_traj": [
    100.4820556640625,
    97.3648681640625,
    105.4758071899414,
    106.59548950195312,
    100.82171630859375,
    102.94342041015625,
    98.87885284423828,
    102.89734649658203,
    115.46778106689453,
    109.28558349609375,
    112.18572235107422,
    104.14478302001953,
    97.284912109375,
    116.0949478149414,
    109.67742919921875,
    113.16765594482422,
    108.36497497558594,
    106.89778137207031,
    108.29017639160156,
    99.729248046875,
    109.28152465820312,
    107.33654022216797,
    98.34717559814453,
    104.43399810791016,
    107.09854888916016
  ]
}