{
  "method": "adamo",
  "seed": 1,
  "early_acc": 55.65,
  "late_acc": 69.86500000000001,
  "plasticity_drop": -14.21500000000001,
  "mean_acc": 63.7324,
  "task_acc": [
    51.05,
    48.56,
    57.44,
    61.65,
    59.55,
    62.61,
    60.48,
    55.99,
    56.82,
    56.0,
    69.64,
    65.86,
    60.48,
    67.02,
    61.51,
    65.15,
    72.9,
    76.36,
    77.82,
    69.39,
    72.84,
    58.92,
    63.03,
    73.18,
    69.06
  ],
  "rank_traj": [
    76.20164489746094,
    96.84806823730469,
    105.10759735107422,
    101.6982192993164,
    103.94072723388672,
    108.28692626953125,
    110.87782287597656,
    112.97113800048828,
    109.37614440917969,
    110.74134826660156,
    101.02103424072266,
    106.82522583007812,
    104.23370361328125,
    101.05239868164062,
    111.03337097167969,
    111.1212387084961,
    108.4807357788086,
    105.53300476074219,
    104.69816589355469,
    108.95055389404297,
    101.06652069091797,
    104.04228210449219,
    118.08674621582031,
    107.3069076538086,
    111.79765319824219
  ]
}