{
  "method": "ptc_muon",
  "seed": 1,
  "early_acc": 61.074,
  "late_acc": 78.72,
  "plasticity_drop": -17.646,
  "mean_acc": 72.5552,
  "task_acc": [
    49.82,
    54.91,
    66.02,
    68.37,
    66.25,
    70.95,
    69.64,
    67.86,
    70.03,
    67.57,
    78.17,
    74.84,
    72.23,
    76.13,
    73.89,
    75.02,
    80.99,
    83.69,
    83.29,
    76.54,
    80.86,
    71.91,
    74.44,
    82.37,
    78.09
  ],
  "rank_traj": [
    72.44974517822266,
    123.23430633544922,
    139.43661499023438,
    142.185546875,
    149.22396850585938,
    150.5447235107422,
    158.7316436767578,
    172.84005737304688,
    170.57456970214844,
    172.97164916992188,
    165.3467254638672,
    170.58505249023438,
    174.54603576660156,
    168.4617156982422,
    178.64590454101562,
    177.31875610351562,
    168.56898498535156,
    167.8314208984375,
    167.2873992919922,
    176.1216583251953,
    167.6096649169922,
    186.50738525390625,
    185.56007385253906,
    174.98829650878906,
    182.50222778320312
  ]
}