{
  "method": "muon",
  "seed": 1,
  "early_acc": 57.58,
  "late_acc": 63.11,
  "plasticity_drop": -5.530000000000001,
  "mean_acc": 61.1604,
  "task_acc": [
    49.87,
    49.9,
    63.2,
    64.75,
    60.18,
    63.26,
    61.64,
    58.02,
    58.21,
    56.81,
    66.74,
    64.63,
    57.14,
    62.27,
    61.29,
    64.07,
    68.23,
    66.85,
    70.65,
    59.47,
    62.22,
    53.15,
    58.58,
    67.02,
    60.86
  ],
  "rank_traj": [
    48.18438720703125,
    124.55888366699219,
    133.24366760253906,
    140.8128204345703,
    153.52699279785156,
    153.45753479003906,
    167.1068115234375,
    176.5741424560547,
    178.07421875,
    183.17982482910156,
    173.16046142578125,
    175.70559692382812,
    186.68772888183594,
    177.50587463378906,
    190.70916748046875,
    184.83285522460938,
    183.69317626953125,
    186.95159912109375,
    178.01316833496094,
    185.76829528808594,
    188.40423583984375,
    192.6435089111328,
    196.3583221435547,
    189.45826721191406,
    192.210693359375
  ]
}