{
  "method": "ptc_muon",
  "seed": 0,
  "early_acc": 57.407999999999994,
  "late_acc": 77.826,
  "plasticity_drop": -20.418,
  "mean_acc": 71.5316,
  "task_acc": [
    44.71,
    57.55,
    56.88,
    58.75,
    69.15,
    64.89,
    75.07,
    69.94,
    65.36,
    73.03,
    70.82,
    77.75,
    83.3,
    67.18,
    75.65,
    76.17,
    76.84,
    75.79,
    73.48,
    83.82,
    77.08,
    75.59,
    81.29,
    78.83,
    79.37
  ],
  "rank_traj": [
    56.26787567138672,
    104.38236999511719,
    129.09056091308594,
    125.59700012207031,
    128.7028045654297,
    145.43284606933594,
    132.85702514648438,
    157.69393920898438,
    171.1486358642578,
    166.70220947265625,
    170.8928985595703,
    167.57562255859375,
    158.90589904785156,
    183.58802795410156,
    174.0428924560547,
    177.47048950195312,
    177.07211303710938,
    175.0400390625,
    177.9847412109375,
    168.31622314453125,
    180.68331909179688,
    176.1432342529297,
    167.32872009277344,
    173.10894775390625,
    174.8178253173828
  ]
}