{
  "method": "muon",
  "seed": 0,
  "early_acc": 52.824,
  "late_acc": 61.677,
  "plasticity_drop": -8.853000000000002,
  "mean_acc": 58.571200000000005,
  "task_acc": [
    44.85,
    54.36,
    51.62,
    51.43,
    61.86,
    54.4,
    61.08,
    55.81,
    53.99,
    54.76,
    55.0,
    64.63,
    70.98,
    52.69,
    60.05,
    59.57,
    62.5,
    59.74,
    58.99,
    70.49,
    62.99,
    59.96,
    63.03,
    61.87,
    57.63
  ],
  "rank_traj": [
    40.5217170715332,
    88.77973175048828,
    122.69644165039062,
    110.42759704589844,
    110.1128921508789,
    123.7820053100586,
    99.503662109375,
    109.36925506591797,
    126.26943969726562,
    119.61165618896484,
    139.16395568847656,
    133.1136016845703,
    112.7186050415039,
    146.2371368408203,
    151.5689239501953,
    138.26168823242188,
    152.9557342529297,
    148.21861267089844,
    139.4765167236328,
    135.26864624023438,
    142.48301696777344,
    141.40069580078125,
    139.36822509765625,
    157.69137573242188,
    157.3733367919922
  ]
}