{
  "method": "adam",
  "seed": 1,
  "early_acc": 52.94,
  "late_acc": 52.82833333333334,
  "plasticity_drop": 0.11166666666665748,
  "late_rank": 48.6542724609375,
  "mean_acc": 52.66958333333332,
  "task_acc": [
    45.983333333333334,
    52.15,
    57.38333333333333,
    56.483333333333334,
    52.7,
    58.5,
    54.53333333333333,
    50.56666666666667,
    51.233333333333334,
    52.2,
    48.38333333333333,
    50.31666666666667,
    46.6,
    49.18333333333333,
    51.68333333333333,
    50.61666666666667,
    52.9,
    46.833333333333336,
    53.516666666666666,
    57.233333333333334,
    51.46666666666667,
    49.45,
    54.8,
    50.666666666666664,
    52.85,
    54.15,
    60.25,
    51.68333333333333,
    59.483333333333334,
    48.4,
    53.46666666666667,
    54.18333333333333,
    51.5,
    52.93333333333333,
    56.93333333333333,
    56.06666666666667,
    53.78333333333333,
    55.63333333333333,
    51.43333333333333,
    55.25,
    53.516666666666666,
    56.46666666666667,
    49.35,
    48.583333333333336,
    48.55,
    51.833333333333336,
    49.31666666666667,
    50.7,
    54.983333333333334,
    52.68333333333333,
    48.2,
    54.983333333333334,
    51.333333333333336,
    56.4,
    56.666666666666664,
    61.516666666666666,
    51.55,
    48.25,
    48.71666666666667,
    51.56666666666667,
    52.13333333333333,
    50.36666666666667,
    50.05,
    51.266666666666666,
    54.06666666666667,
    52.083333333333336,
    56.06666666666667,
    52.0,
    53.53333333333333,
    55.166666666666664,
    51.43333333333333,
    50.416666666666664,
    44.266666666666666,
    53.53333333333333,
    48.6,
    53.35,
    60.75,
    51.65,
    56.46666666666667,
    57.81666666666667
  ],
  "task_rank": [
    43.60645294189453,
    21.734773635864258,
    24.85348892211914,
    25.89358901977539,
    26.186363220214844,
    27.184492111206055,
    27.477031707763672,
    28.910198211669922,
    30.804468154907227,
    29.6060733795166,
    32.021209716796875,
    31.389019012451172,
    33.056732177734375,
    31.02262306213379,
    33.33338928222656,
    33.16550827026367,
    33.30496597290039,
    34.070655822753906,
    35.837257385253906,
    35.1518440246582,
    35.802703857421875,
    40.38703155517578,
    39.191734313964844,
    38.57241439819336,
    38.574058532714844,
    39.486671447753906,
    39.227638244628906,
    42.2578125,
    40.1672248840332,
    40.325557708740234,
    41.15326690673828,
    39.97941589355469,
    39.95610809326172,
    41.745880126953125,
    42.22985076904297,
    41.024208068847656,
    40.08776092529297,
    42.51167678833008,
    42.440155029296875,
    44.177207946777344,
    43.90518569946289,
    42.844688415527344,
    44.68026351928711,
    44.3112907409668,
    44.54881286621094,
    43.7552604675293,
    42.116180419921875,
    44.9827766418457,
    46.40024948120117,
    43.35811996459961,
    47.76612854003906,
    46.96475601196289,
    48.69585418701172,
    46.317508697509766,
    46.02090835571289,
    44.62905502319336,
    47.42239761352539,
    45.035099029541016,
    46.974578857421875,
    47.23296356201172,
    48.33755874633789,
    48.20960998535156,
    47.09590148925781,
    48.12087631225586,
    45.63758850097656,
    45.05936050415039,
    46.6418571472168,
    47.37660598754883,
    46.859317779541016,
    49.22460174560547,
    50.269569396972656,
    49.14829635620117,
    50.669864654541016,
    47.63679504394531,
    47.991363525390625,
    46.86358642578125,
    49.13397979736328,
    48.31084060668945,
    48.156307220458984,
    48.36212158203125
  ],
  "forget_avg": null
}