{
  "method": "adamo",
  "seed": 1,
  "early_acc": 58.013333333333335,
  "late_acc": 65.87499999999999,
  "plasticity_drop": -7.86166666666665,
  "late_rank": 201.63233337402343,
  "mean_acc": 65.42625000000001,
  "task_acc": [
    46.93333333333333,
    55.28333333333333,
    61.766666666666666,
    63.21666666666667,
    62.86666666666667,
    66.4,
    65.18333333333334,
    63.93333333333333,
    65.18333333333334,
    67.23333333333333,
    67.11666666666666,
    65.31666666666666,
    66.15,
    66.75,
    66.83333333333333,
    67.36666666666666,
    65.06666666666666,
    65.71666666666667,
    66.56666666666666,
    67.31666666666666,
    66.91666666666667,
    66.95,
    66.25,
    65.56666666666666,
    65.15,
    65.71666666666667,
    68.16666666666667,
    63.86666666666667,
    67.36666666666666,
    64.21666666666667,
    65.46666666666667,
    66.91666666666667,
    66.5,
    65.73333333333333,
    66.23333333333333,
    65.95,
    65.3,
    65.05,
    64.53333333333333,
    66.43333333333334,
    66.76666666666667,
    65.0,
    64.9,
    64.06666666666666,
    63.78333333333333,
    66.3,
    65.15,
    66.85,
    64.16666666666667,
    67.9,
    66.7,
    64.9,
    67.41666666666667,
    66.01666666666667,
    67.18333333333334,
    65.98333333333333,
    66.53333333333333,
    63.96666666666667,
    65.08333333333333,
    69.23333333333333,
    67.98333333333333,
    65.41666666666667,
    64.03333333333333,
    65.45,
    65.7,
    64.21666666666667,
    66.83333333333333,
    65.53333333333333,
    66.58333333333333,
    65.21666666666667,
    65.46666666666667,
    64.51666666666667,
    63.03333333333333,
    67.61666666666666,
    64.51666666666667,
    67.1,
    68.05,
    66.35,
    64.43333333333334,
    67.66666666666667
  ],
  "task_rank": [
    53.8819694519043,
    36.786930084228516,
    47.506229400634766,
    59.5593147277832,
    71.83248901367188,
    86.67105865478516,
    100.24382019042969,
    112.43115997314453,
    125.97872161865234,
    132.7612762451172,
    143.77305603027344,
    153.2439422607422,
    158.72256469726562,
    160.85333251953125,
    173.99600219726562,
    175.48077392578125,
    181.0149688720703,
    181.9003143310547,
    185.52769470214844,
    180.94886779785156,
    187.53329467773438,
    188.44717407226562,
    189.85690307617188,
    190.10440063476562,
    194.39138793945312,
    191.95249938964844,
    191.79696655273438,
    198.89520263671875,
    188.71099853515625,
    192.71205139160156,
    194.56202697753906,
    191.6380615234375,
    194.69381713867188,
    195.099365234375,
    196.17515563964844,
    196.50369262695312,
    197.7825164794922,
    197.6351776123047,
    195.74981689453125,
    202.2646484375,
    196.72738647460938,
    199.348876953125,
    199.6614532470703,
    198.96701049804688,
    202.16726684570312,
    198.8965301513672,
    201.8102264404297,
    198.8972930908203,
    201.20901489257812,
    197.655517578125,
    199.6659393310547,
    198.7310028076172,
    198.0313720703125,
    200.40956115722656,
    196.7699737548828,
    200.3103790283203,
    199.7339324951172,
    197.22056579589844,
    197.85147094726562,
    197.05775451660156,
    196.854248046875,
    197.50440979003906,
    201.19979858398438,
    199.80299377441406,
    201.63804626464844,
    198.63787841796875,
    199.6287078857422,
    199.38613891601562,
    197.1277618408203,
    199.89369201660156,
    202.88189697265625,
    203.6881866455078,
    202.63099670410156,
    200.96690368652344,
    203.24441528320312,
    200.90797424316406,
    200.56166076660156,
    199.9710235595703,
    201.15586853027344,
    200.3144073486328
  ],
  "forget_avg": null
}