{
  "method": "adamo",
  "seed": 3,
  "early_acc": 60.00333333333333,
  "late_acc": 66.04666666666667,
  "plasticity_drop": -6.0433333333333366,
  "late_rank": 200.43498840332032,
  "mean_acc": 65.53999999999999,
  "task_acc": [
    54.43333333333333,
    58.1,
    59.93333333333333,
    64.25,
    63.3,
    66.56666666666666,
    66.26666666666667,
    65.0,
    66.98333333333333,
    67.8,
    69.38333333333334,
    67.51666666666667,
    66.06666666666666,
    66.71666666666667,
    66.01666666666667,
    64.4,
    67.03333333333333,
    64.7,
    65.88333333333334,
    66.08333333333333,
    66.43333333333334,
    67.41666666666667,
    65.0,
    66.63333333333334,
    65.6,
    63.88333333333333,
    64.05,
    66.01666666666667,
    67.65,
    66.35,
    67.53333333333333,
    68.71666666666667,
    63.96666666666667,
    66.18333333333334,
    64.01666666666667,
    66.16666666666667,
    67.65,
    64.93333333333334,
    64.45,
    64.23333333333333,
    63.36666666666667,
    64.95,
    65.96666666666667,
    64.03333333333333,
    65.45,
    64.88333333333334,
    67.71666666666667,
    63.75,
    67.8,
    64.6,
    66.7,
    65.86666666666666,
    65.71666666666667,
    67.98333333333333,
    66.96666666666667,
    68.01666666666667,
    65.53333333333333,
    64.61666666666666,
    64.56666666666666,
    67.3,
    65.31666666666666,
    66.45,
    64.81666666666666,
    64.83333333333333,
    66.18333333333334,
    64.93333333333334,
    66.23333333333333,
    65.03333333333333,
    67.25,
    62.583333333333336,
    68.06666666666666,
    67.16666666666667,
    64.45,
    66.48333333333333,
    64.66666666666667,
    65.98333333333333,
    65.93333333333334,
    68.4,
    65.4,
    63.916666666666664
  ],
  "task_rank": [
    57.231170654296875,
    37.304073333740234,
    47.452301025390625,
    59.582550048828125,
    73.5116195678711,
    83.43194580078125,
    98.08687591552734,
    113.43205261230469,
    123.07011413574219,
    131.46896362304688,
    143.10084533691406,
    149.26246643066406,
    159.67677307128906,
    163.15011596679688,
    167.54261779785156,
    173.42727661132812,
    177.46253967285156,
    180.29344177246094,
    183.6972198486328,
    185.8919219970703,
    186.07327270507812,
    187.1718292236328,
    193.85008239746094,
    195.60276794433594,
    188.2764434814453,
    196.12353515625,
    190.2425994873047,
    192.57913208007812,
    193.641845703125,
    193.78659057617188,
    195.42926025390625,
    195.7161102294922,
    197.34474182128906,
    191.49667358398438,
    197.5319061279297,
    196.99913024902344,
    193.34078979492188,
    197.01754760742188,
    196.3406219482422,
    200.77943420410156,
    199.66175842285156,
    196.6123046875,
    198.55728149414062,
    201.2541046142578,
    196.166748046875,
    197.09458923339844,
    196.7854461669922,
    200.55792236328125,
    196.1871337890625,
    200.44003295898438,
    196.30458068847656,
    196.5888671875,
    197.2384490966797,
    198.87405395507812,
    200.19598388671875,
    196.85302734375,
    199.5531463623047,
    198.35997009277344,
    200.23829650878906,
    197.7152862548828,
    200.36111450195312,
    198.86012268066406,
    198.1656951904297,
    199.78526306152344,
    198.3320770263672,
    199.6314697265625,
    199.2205810546875,
    202.44558715820312,
    200.0107879638672,
    202.70977783203125,
    200.46824645996094,
    197.1426239013672,
    198.52963256835938,
    197.9786834716797,
    201.50473022460938,
    201.82427978515625,
    201.63104248046875,
    202.0546112060547,
    201.43997192382812,
    201.77606201171875
  ],
  "forget_avg": null
}