{
  "method": "adam",
  "seed": 3,
  "early_acc": 55.833333333333336,
  "late_acc": 55.47166666666666,
  "plasticity_drop": 0.3616666666666788,
  "late_rank": 47.69074630737305,
  "mean_acc": 54.65333333333333,
  "task_acc": [
    52.96666666666667,
    56.416666666666664,
    55.43333333333333,
    57.833333333333336,
    56.516666666666666,
    58.9,
    55.233333333333334,
    53.31666666666667,
    53.916666666666664,
    57.05,
    57.6,
    55.71666666666667,
    54.983333333333334,
    55.15,
    55.61666666666667,
    53.56666666666667,
    60.2,
    52.36666666666667,
    52.65,
    53.61666666666667,
    56.15,
    55.416666666666664,
    51.6,
    51.2,
    54.53333333333333,
    52.6,
    50.61666666666667,
    53.083333333333336,
    53.733333333333334,
    50.9,
    56.95,
    58.93333333333333,
    54.916666666666664,
    56.53333333333333,
    51.5,
    53.333333333333336,
    58.45,
    53.766666666666666,
    49.78333333333333,
    51.833333333333336,
    50.38333333333333,
    54.63333333333333,
    56.68333333333333,
    53.766666666666666,
    56.36666666666667,
    53.21666666666667,
    57.2,
    52.36666666666667,
    59.88333333333333,
    50.233333333333334,
    52.666666666666664,
    54.6,
    55.916666666666664,
    57.333333333333336,
    56.916666666666664,
    54.86666666666667,
    54.56666666666667,
    51.65,
    52.96666666666667,
    57.266666666666666,
    56.016666666666666,
    53.21666666666667,
    50.5,
    48.63333333333333,
    57.266666666666666,
    56.88333333333333,
    58.6,
    52.8,
    58.233333333333334,
    47.03333333333333,
    55.68333333333333,
    57.483333333333334,
    50.516666666666666,
    59.05,
    57.75,
    57.416666666666664,
    52.166666666666664,
    57.36666666666667,
    56.88333333333333,
    50.4
  ],
  "task_rank": [
    46.76353454589844,
    23.086557388305664,
    25.290767669677734,
    25.400415420532227,
    25.396692276000977,
    26.775850296020508,
    26.95905113220215,
    28.89557456970215,
    29.412168502807617,
    29.750314712524414,
    31.01742935180664,
    31.867334365844727,
    32.7313232421875,
    32.1132698059082,
    33.24732971191406,
    35.053951263427734,
    34.57081985473633,
    36.945281982421875,
    37.150089263916016,
    37.99583435058594,
    37.00244140625,
    36.79585266113281,
    40.587158203125,
    40.257057189941406,
    37.44290542602539,
    41.1032829284668,
    39.57386779785156,
    39.69303512573242,
    38.78247833251953,
    41.727142333984375,
    41.8291130065918,
    40.027095794677734,
    42.49626922607422,
    40.85655212402344,
    41.279048919677734,
    43.05073165893555,
    40.3948974609375,
    41.6127815246582,
    42.137351989746094,
    40.43231201171875,
    41.69298553466797,
    40.29721450805664,
    42.426509857177734,
    43.0583381652832,
    43.08184051513672,
    44.11167907714844,
    43.55719757080078,
    45.56010437011719,
    44.92730712890625,
    45.06736755371094,
    44.81103515625,
    44.88088607788086,
    44.50017166137695,
    44.94491195678711,
    46.54975891113281,
    47.56009292602539,
    46.72553253173828,
    47.89284133911133,
    47.933475494384766,
    46.8118896484375,
    47.112205505371094,
    49.768062591552734,
    48.518577575683594,
    48.46213912963867,
    45.322654724121094,
    46.02229309082031,
    46.87810134887695,
    46.269309997558594,
    47.621543884277344,
    46.22368240356445,
    47.62046813964844,
    46.253814697265625,
    48.604942321777344,
    46.16529083251953,
    48.40819549560547,
    48.4827995300293,
    48.134681701660156,
    46.81947326660156,
    47.036598205566406,
    49.38119888305664
  ],
  "forget_avg": null
}