{
  "method": "adam",
  "seed": 4,
  "early_acc": 52.373333333333335,
  "late_acc": 53.266666666666666,
  "plasticity_drop": -0.8933333333333309,
  "late_rank": 50.53256607055664,
  "mean_acc": 53.13333333333334,
  "task_acc": [
    46.416666666666664,
    50.36666666666667,
    55.36666666666667,
    53.7,
    56.016666666666666,
    56.86666666666667,
    53.733333333333334,
    55.0,
    51.56666666666667,
    52.766666666666666,
    50.03333333333333,
    50.916666666666664,
    51.95,
    51.733333333333334,
    54.9,
    55.25,
    54.0,
    52.56666666666667,
    53.983333333333334,
    58.03333333333333,
    51.3,
    52.4,
    56.15,
    53.983333333333334,
    52.63333333333333,
    53.13333333333333,
    49.5,
    52.983333333333334,
    52.516666666666666,
    54.56666666666667,
    52.28333333333333,
    51.86666666666667,
    53.95,
    54.13333333333333,
    51.2,
    53.483333333333334,
    54.55,
    52.1,
    55.8,
    49.13333333333333,
    53.016666666666666,
    51.96666666666667,
    52.18333333333333,
    48.53333333333333,
    48.8,
    48.55,
    52.1,
    56.96666666666667,
    57.03333333333333,
    56.1,
    51.733333333333334,
    52.5,
    55.18333333333333,
    51.833333333333336,
    52.95,
    55.88333333333333,
    55.916666666666664,
    53.15,
    47.35,
    54.166666666666664,
    54.68333333333333,
    54.766666666666666,
    53.666666666666664,
    53.983333333333334,
    51.13333333333333,
    54.766666666666666,
    55.45,
    55.78333333333333,
    51.95,
    53.06666666666667,
    54.983333333333334,
    47.15,
    55.88333333333333,
    51.083333333333336,
    52.733333333333334,
    52.083333333333336,
    50.6,
    56.766666666666666,
    54.3,
    57.083333333333336
  ],
  "task_rank": [
    46.07715606689453,
    21.78799057006836,
    24.771438598632812,
    25.239267349243164,
    26.022573471069336,
    27.37847137451172,
    27.801074981689453,
    27.16310691833496,
    29.179508209228516,
    29.811851501464844,
    30.54941749572754,
    31.11528778076172,
    31.226594924926758,
    33.24757385253906,
    33.413875579833984,
    34.15228271484375,
    33.698272705078125,
    37.51873016357422,
    34.90873336791992,
    35.38474655151367,
    34.73894500732422,
    38.747798919677734,
    37.00522994995117,
    38.02834701538086,
    39.12189483642578,
    38.005638122558594,
    40.427947998046875,
    42.017940521240234,
    40.14157485961914,
    41.5272216796875,
    41.78425598144531,
    41.450828552246094,
    41.517608642578125,
    40.745670318603516,
    42.9422492980957,
    42.69477081298828,
    42.558101654052734,
    41.699581146240234,
    42.46421813964844,
    42.98786544799805,
    42.98215866088867,
    44.57956314086914,
    44.123146057128906,
    45.37028884887695,
    43.14026641845703,
    45.70899963378906,
    45.478797912597656,
    43.421817779541016,
    44.129173278808594,
    45.3182487487793,
    44.98870849609375,
    45.539981842041016,
    44.03915023803711,
    46.02964401245117,
    45.85136413574219,
    47.315208435058594,
    48.25590515136719,
    45.79551315307617,
    46.3603515625,
    47.228641510009766,
    45.5820426940918,
    44.90571975708008,
    48.25809097290039,
    47.78230285644531,
    48.08141326904297,
    47.76927185058594,
    47.901065826416016,
    47.367454528808594,
    47.909584045410156,
    48.0418586730957,
    48.1839714050293,
    51.08718490600586,
    51.92556381225586,
    51.46992111206055,
    50.652099609375,
    50.365203857421875,
    49.36795425415039,
    50.15699768066406,
    51.419795989990234,
    50.69696807861328
  ],
  "forget_avg": null
}