{
  "method": "adam",
  "seed": 2,
  "early_acc": 50.473333333333336,
  "late_acc": 53.95666666666667,
  "plasticity_drop": -3.4833333333333343,
  "late_rank": 47.79796447753906,
  "mean_acc": 53.335208333333334,
  "task_acc": [
    40.53333333333333,
    48.083333333333336,
    54.45,
    57.4,
    51.9,
    54.18333333333333,
    55.61666666666667,
    53.46666666666667,
    52.06666666666667,
    52.85,
    52.65,
    53.21666666666667,
    49.0,
    47.75,
    54.43333333333333,
    55.36666666666667,
    54.833333333333336,
    56.11666666666667,
    53.15,
    54.21666666666667,
    53.05,
    54.43333333333333,
    51.45,
    52.25,
    55.9,
    50.583333333333336,
    51.63333333333333,
    55.31666666666667,
    52.31666666666667,
    55.11666666666667,
    51.86666666666667,
    56.18333333333333,
    54.35,
    57.483333333333334,
    50.2,
    54.2,
    52.18333333333333,
    53.983333333333334,
    53.78333333333333,
    48.21666666666667,
    52.71666666666667,
    53.483333333333334,
    53.28333333333333,
    54.93333333333333,
    53.766666666666666,
    53.71666666666667,
    48.25,
    55.93333333333333,
    58.88333333333333,
    56.733333333333334,
    49.166666666666664,
    59.416666666666664,
    57.05,
    55.56666666666667,
    51.81666666666667,
    52.7,
    51.65,
    55.65,
    57.05,
    52.8,
    54.43333333333333,
    55.05,
    48.75,
    51.083333333333336,
    53.333333333333336,
    50.916666666666664,
    52.56666666666667,
    52.75,
    51.733333333333334,
    56.28333333333333,
    55.833333333333336,
    53.75,
    54.266666666666666,
    52.833333333333336,
    54.6,
    54.5,
    52.71666666666667,
    48.35,
    60.15,
    52.56666666666667
  ],
  "task_rank": [
    41.31697463989258,
    21.1530704498291,
    23.18185043334961,
    25.242490768432617,
    25.368684768676758,
    24.871057510375977,
    25.78510856628418,
    25.861101150512695,
    27.082990646362305,
    27.57937240600586,
    28.063032150268555,
    29.611360549926758,
    32.306514739990234,
    33.229530334472656,
    31.940479278564453,
    31.24005126953125,
    33.19492721557617,
    32.20553207397461,
    34.073829650878906,
    34.63801956176758,
    35.28103256225586,
    35.43000030517578,
    37.06332778930664,
    36.2213134765625,
    37.15198516845703,
    39.233543395996094,
    39.15624237060547,
    39.618587493896484,
    38.755733489990234,
    38.6793212890625,
    39.44292449951172,
    38.12639236450195,
    39.00965118408203,
    37.97804641723633,
    39.86187744140625,
    39.95353317260742,
    40.1650390625,
    39.6254768371582,
    38.523338317871094,
    41.56700897216797,
    41.25728225708008,
    42.743408203125,
    42.47139358520508,
    40.44703674316406,
    40.680137634277344,
    42.64576721191406,
    43.154380798339844,
    42.75709533691406,
    43.977115631103516,
    44.520591735839844,
    46.158111572265625,
    45.884246826171875,
    44.4345703125,
    44.62483215332031,
    45.99846649169922,
    44.40605926513672,
    46.78219223022461,
    43.89836502075195,
    43.033939361572266,
    46.171607971191406,
    44.57054901123047,
    45.409332275390625,
    44.40303039550781,
    45.94719314575195,
    44.711883544921875,
    45.97184753417969,
    46.41822814941406,
    43.789066314697266,
    46.03578186035156,
    46.60182571411133,
    46.05112838745117,
    46.2492561340332,
    46.9442138671875,
    48.35021209716797,
    48.21448516845703,
    47.75225067138672,
    49.84832763671875,
    48.35456085205078,
    47.662109375,
    48.5531005859375
  ],
  "forget_avg": null
}