{
  "method": "adamo",
  "seed": 4,
  "early_acc": 57.0,
  "late_acc": 65.89666666666668,
  "plasticity_drop": -8.896666666666675,
  "late_rank": 199.32352142333986,
  "mean_acc": 65.40833333333333,
  "task_acc": [
    48.15,
    53.78333333333333,
    58.78333333333333,
    60.11666666666667,
    64.16666666666667,
    65.38333333333334,
    64.61666666666666,
    64.98333333333333,
    66.78333333333333,
    66.0,
    63.93333333333333,
    68.08333333333333,
    67.76666666666667,
    67.46666666666667,
    67.48333333333333,
    67.95,
    65.46666666666667,
    64.11666666666666,
    66.75,
    67.56666666666666,
    66.0,
    70.33333333333333,
    68.36666666666666,
    64.95,
    65.53333333333333,
    66.01666666666667,
    66.3,
    67.23333333333333,
    65.41666666666667,
    68.15,
    66.71666666666667,
    65.56666666666666,
    65.03333333333333,
    63.45,
    66.83333333333333,
    66.33333333333333,
    65.55,
    64.51666666666667,
    65.56666666666666,
    65.18333333333334,
    63.56666666666667,
    65.4,
    66.45,
    65.4,
    63.3,
    64.95,
    64.31666666666666,
    65.86666666666666,
    65.1,
    67.51666666666667,
    64.76666666666667,
    65.76666666666667,
    67.15,
    64.63333333333334,
    64.4,
    66.46666666666667,
    66.85,
    65.26666666666667,
    65.03333333333333,
    67.2,
    66.21666666666667,
    66.51666666666667,
    66.4,
    66.11666666666666,
    66.26666666666667,
    67.58333333333333,
    65.61666666666666,
    67.11666666666666,
    64.98333333333333,
    65.08333333333333,
    65.93333333333334,
    65.83333333333333,
    66.28333333333333,
    65.61666666666666,
    64.35,
    67.16666666666667,
    65.15,
    67.71666666666667,
    64.1,
    66.81666666666666
  ],
  "task_rank": [
    56.729957580566406,
    36.79005432128906,
    48.59741973876953,
    60.40839767456055,
    74.32262420654297,
    87.84551239013672,
    99.08605194091797,
    111.58584594726562,
    121.10853576660156,
    135.4185028076172,
    147.4165496826172,
    152.38992309570312,
    161.4547119140625,
    163.08058166503906,
    171.57843017578125,
    173.3754425048828,
    177.14517211914062,
    183.07992553710938,
    184.27862548828125,
    182.80148315429688,
    185.9873046875,
    190.00643920898438,
    189.8615264892578,
    194.22055053710938,
    195.16134643554688,
    190.1437530517578,
    195.6674041748047,
    197.5169219970703,
    195.08432006835938,
    195.0898895263672,
    199.66384887695312,
    194.9393310546875,
    197.31283569335938,
    198.28546142578125,
    198.6949920654297,
    200.33494567871094,
    198.66268920898438,
    201.00091552734375,
    195.80023193359375,
    197.4292755126953,
    199.72068786621094,
    200.07861328125,
    199.25106811523438,
    200.66917419433594,
    199.42625427246094,
    197.14291381835938,
    200.3087615966797,
    198.0219268798828,
    199.6435546875,
    197.38690185546875,
    197.68173217773438,
    200.21221923828125,
    198.78919982910156,
    201.5673828125,
    198.57528686523438,
    201.02191162109375,
    199.97073364257812,
    199.3587646484375,
    198.1817626953125,
    201.329833984375,
    199.7864227294922,
    199.4412841796875,
    200.21421813964844,
    200.0496063232422,
    196.77381896972656,
    198.0441131591797,
    196.88043212890625,
    197.27908325195312,
    197.77024841308594,
    200.66439819335938,
    198.1736297607422,
    198.57528686523438,
    199.8472900390625,
    198.72096252441406,
    200.4888916015625,
    200.02566528320312,
    201.76759338378906,
    199.69041442871094,
    200.71023559570312,
    195.23524475097656
  ],
  "forget_avg": null
}