{
  "method": "adam",
  "seed": 0,
  "early_acc": 52.510000000000005,
  "late_acc": 53.93833333333333,
  "plasticity_drop": -1.4283333333333275,
  "late_rank": 47.17150993347168,
  "mean_acc": 54.04916666666666,
  "task_acc": [
    39.016666666666666,
    52.733333333333334,
    57.2,
    56.65,
    56.95,
    54.31666666666667,
    54.31666666666667,
    53.1,
    52.68333333333333,
    54.083333333333336,
    58.93333333333333,
    57.28333333333333,
    50.43333333333333,
    57.3,
    55.8,
    55.18333333333333,
    56.333333333333336,
    56.333333333333336,
    56.016666666666666,
    55.55,
    59.21666666666667,
    53.733333333333334,
    50.3,
    53.05,
    54.61666666666667,
    52.15,
    54.45,
    55.28333333333333,
    50.4,
    52.35,
    53.06666666666667,
    51.15,
    49.78333333333333,
    55.96666666666667,
    56.9,
    52.483333333333334,
    55.1,
    54.78333333333333,
    58.78333333333333,
    49.03333333333333,
    54.766666666666666,
    55.81666666666667,
    54.03333333333333,
    56.75,
    51.11666666666667,
    55.583333333333336,
    53.266666666666666,
    51.65,
    54.06666666666667,
    52.93333333333333,
    52.6,
    52.5,
    51.733333333333334,
    52.266666666666666,
    52.56666666666667,
    51.63333333333333,
    54.43333333333333,
    54.083333333333336,
    53.25,
    56.31666666666667,
    52.583333333333336,
    55.68333333333333,
    48.46666666666667,
    59.3,
    57.766666666666666,
    57.233333333333334,
    57.65,
    53.43333333333333,
    51.05,
    57.2,
    53.483333333333334,
    55.68333333333333,
    53.666666666666664,
    57.55,
    54.6,
    53.75,
    54.03333333333333,
    53.233333333333334,
    47.4,
    55.983333333333334
  ],
  "task_rank": [
    43.26187515258789,
    21.08319854736328,
    24.282695770263672,
    24.986724853515625,
    25.78023910522461,
    26.613035202026367,
    26.68674087524414,
    27.75398826599121,
    28.885517120361328,
    30.398967742919922,
    29.810523986816406,
    30.974332809448242,
    33.07833480834961,
    33.693851470947266,
    32.89663314819336,
    34.80632019042969,
    34.36487579345703,
    35.063419342041016,
    35.91179275512695,
    35.18300247192383,
    37.42395782470703,
    36.56652069091797,
    41.05905532836914,
    37.6829833984375,
    38.16080856323242,
    37.35839080810547,
    37.90365982055664,
    36.414913177490234,
    38.96689987182617,
    36.805152893066406,
    40.153587341308594,
    39.70513153076172,
    39.876007080078125,
    40.33351135253906,
    40.15113830566406,
    42.2825927734375,
    41.783668518066406,
    42.60374450683594,
    41.513763427734375,
    44.45555114746094,
    43.623714447021484,
    42.39634704589844,
    44.5532112121582,
    44.09323501586914,
    44.756004333496094,
    44.533172607421875,
    44.85422134399414,
    42.42842102050781,
    46.25130844116211,
    42.97637939453125,
    44.255409240722656,
    44.19764709472656,
    40.112098693847656,
    41.204200744628906,
    42.03383255004883,
    41.47093200683594,
    44.18992233276367,
    44.331504821777344,
    43.80677795410156,
    43.67537307739258,
    44.67721939086914,
    44.34156799316406,
    45.90730285644531,
    44.889320373535156,
    45.916507720947266,
    46.55815887451172,
    45.457557678222656,
    47.56459426879883,
    47.89470672607422,
    45.21598434448242,
    47.00204849243164,
    46.96774673461914,
    47.18767166137695,
    46.285316467285156,
    47.29401779174805,
    47.78153991699219,
    46.20226287841797,
    47.994598388671875,
    49.4779167175293,
    45.52198028564453
  ],
  "forget_avg": null
}