{
  "method": "adamo",
  "seed": 2,
  "early_acc": 55.04666666666667,
  "late_acc": 66.05666666666667,
  "plasticity_drop": -11.010000000000005,
  "late_rank": 199.0388626098633,
  "mean_acc": 65.43041666666667,
  "task_acc": [
    42.983333333333334,
    50.75,
    58.05,
    62.86666666666667,
    60.583333333333336,
    61.916666666666664,
    65.5,
    67.36666666666666,
    66.8,
    66.2,
    67.66666666666667,
    66.53333333333333,
    65.31666666666666,
    65.43333333333334,
    65.66666666666667,
    66.31666666666666,
    69.01666666666667,
    68.68333333333334,
    67.4,
    65.83333333333333,
    66.46666666666667,
    67.13333333333334,
    63.25,
    66.2,
    68.15,
    65.53333333333333,
    65.53333333333333,
    66.4,
    66.05,
    65.73333333333333,
    66.0,
    66.26666666666667,
    66.21666666666667,
    67.16666666666667,
    65.11666666666666,
    67.55,
    65.86666666666666,
    65.8,
    63.333333333333336,
    66.53333333333333,
    66.0,
    66.5,
    67.7,
    66.66666666666667,
    66.73333333333333,
    66.11666666666666,
    63.65,
    68.01666666666667,
    66.48333333333333,
    67.2,
    65.85,
    68.25,
    65.23333333333333,
    66.53333333333333,
    67.46666666666667,
    63.63333333333333,
    67.96666666666667,
    65.53333333333333,
    67.7,
    66.55,
    65.21666666666667,
    64.85,
    65.56666666666666,
    66.51666666666667,
    65.21666666666667,
    65.08333333333333,
    65.23333333333333,
    65.05,
    64.05,
    66.11666666666666,
    65.88333333333334,
    64.56666666666666,
    66.61666666666666,
    64.3,
    66.06666666666666,
    67.3,
    66.65,
    66.06666666666666,
    67.4,
    65.71666666666667
  ],
  "task_rank": [
    51.77253723144531,
    35.42056655883789,
    45.862369537353516,
    56.11894607543945,
    68.44244384765625,
    80.3079833984375,
    94.04350280761719,
    105.85096740722656,
    119.75524139404297,
    130.21170043945312,
    139.69004821777344,
    151.85546875,
    156.94482421875,
    163.90359497070312,
    169.34144592285156,
    169.2029266357422,
    175.37413024902344,
    176.99993896484375,
    178.47332763671875,
    180.36569213867188,
    183.5241241455078,
    185.25657653808594,
    189.54745483398438,
    189.88516235351562,
    187.18307495117188,
    188.35043334960938,
    189.30682373046875,
    194.0694580078125,
    192.3525390625,
    192.3804168701172,
    195.7323455810547,
    194.9281005859375,
    194.28028869628906,
    194.0566864013672,
    195.8226318359375,
    195.7198486328125,
    193.93966674804688,
    197.73414611816406,
    197.20570373535156,
    197.02760314941406,
    199.27757263183594,
    199.23463439941406,
    197.53163146972656,
    195.85250854492188,
    193.81773376464844,
    197.8762969970703,
    202.11898803710938,
    197.8198699951172,
    198.01551818847656,
    196.640625,
    200.8889923095703,
    198.26890563964844,
    201.19769287109375,
    197.87289428710938,
    201.88241577148438,
    198.17514038085938,
    200.18768310546875,
    198.63616943359375,
    197.46749877929688,
    199.4226531982422,
    196.95997619628906,
    201.21629333496094,
    197.38446044921875,
    199.0289764404297,
    195.68980407714844,
    198.42430114746094,
    199.5697021484375,
    196.54116821289062,
    198.88836669921875,
    200.9260711669922,
    200.13433837890625,
    199.39173889160156,
    199.53955078125,
    202.20814514160156,
    199.59205627441406,
    197.833740234375,
    198.105224609375,
    197.5641326904297,
    198.85263061523438,
    197.1670684814453
  ],
  "forget_avg": null
}