{
  "method": "adamo",
  "seed": 0,
  "early_acc": 56.873333333333335,
  "late_acc": 65.22666666666666,
  "plasticity_drop": -8.353333333333325,
  "late_rank": 200.9522674560547,
  "mean_acc": 65.12145833333334,
  "task_acc": [
    40.81666666666667,
    55.1,
    61.06666666666667,
    62.3,
    65.08333333333333,
    62.96666666666667,
    64.91666666666667,
    64.73333333333333,
    64.88333333333334,
    66.55,
    66.9,
    66.58333333333333,
    66.28333333333333,
    67.4,
    66.8,
    67.18333333333334,
    66.68333333333334,
    68.66666666666667,
    66.8,
    66.86666666666666,
    67.55,
    65.43333333333334,
    67.0,
    64.78333333333333,
    65.48333333333333,
    66.01666666666667,
    64.78333333333333,
    66.33333333333333,
    66.11666666666666,
    65.65,
    66.85,
    64.05,
    63.93333333333333,
    65.1,
    66.01666666666667,
    64.86666666666666,
    64.5,
    65.11666666666666,
    66.08333333333333,
    63.05,
    67.36666666666666,
    66.26666666666667,
    67.01666666666667,
    65.81666666666666,
    67.11666666666666,
    66.35,
    64.0,
    66.56666666666666,
    65.45,
    65.91666666666667,
    66.7,
    64.91666666666667,
    64.95,
    65.55,
    64.88333333333334,
    64.0,
    64.91666666666667,
    67.1,
    64.7,
    66.36666666666666,
    66.81666666666666,
    64.63333333333334,
    65.23333333333333,
    65.68333333333334,
    66.03333333333333,
    65.2,
    64.36666666666666,
    65.86666666666666,
    65.26666666666667,
    65.1,
    64.9,
    66.68333333333334,
    66.01666666666667,
    66.65,
    65.71666666666667,
    64.11666666666666,
    66.15,
    64.11666666666666,
    62.7,
    65.21666666666667
  ],
  "task_rank": [
    53.15041732788086,
    34.938941955566406,
    46.330604553222656,
    57.39475631713867,
    69.254638671875,
    84.78986358642578,
    93.15547180175781,
    106.5642318725586,
    122.61427307128906,
    133.11912536621094,
    138.80203247070312,
    146.18017578125,
    154.41815185546875,
    164.09573364257812,
    163.43814086914062,
    169.7262420654297,
    174.19590759277344,
    175.7407989501953,
    180.93283081054688,
    181.58953857421875,
    182.73446655273438,
    185.7652130126953,
    186.68479919433594,
    191.02426147460938,
    187.99598693847656,
    187.40008544921875,
    195.7662353515625,
    191.7285614013672,
    191.54725646972656,
    191.36795043945312,
    196.37461853027344,
    194.38555908203125,
    193.34400939941406,
    195.9098663330078,
    198.0245819091797,
    198.67784118652344,
    195.07286071777344,
    196.36251831054688,
    194.5061798095703,
    198.4488067626953,
    198.5474395751953,
    197.4626007080078,
    195.16525268554688,
    196.21023559570312,
    193.15115356445312,
    198.35116577148438,
    201.98611450195312,
    196.29754638671875,
    198.39450073242188,
    195.90016174316406,
    197.58013916015625,
    198.9691925048828,
    195.2156982421875,
    198.54933166503906,
    201.29209899902344,
    202.2276153564453,
    201.06187438964844,
    198.62754821777344,
    200.93325805664062,
    198.10711669921875,
    195.6693572998047,
    199.08819580078125,
    200.0850067138672,
    199.668212890625,
    199.30020141601562,
    201.54393005371094,
    200.58433532714844,
    201.22080993652344,
    199.3229217529297,
    201.7756805419922,
    201.67257690429688,
    199.8004150390625,
    200.8771209716797,
    203.08961486816406,
    202.3335418701172,
    199.12008666992188,
    198.7436981201172,
    201.53453063964844,
    201.740478515625,
    200.61061096191406
  ],
  "forget_avg": null
}