{
  "method": "cbp",
  "seed": 4,
  "early_acc": 51.526666666666664,
  "late_acc": 52.68833333333333,
  "plasticity_drop": -1.1616666666666688,
  "late_rank": 49.86340560913086,
  "mean_acc": 53.545208333333335,
  "task_acc": [
    46.416666666666664,
    49.516666666666666,
    51.85,
    53.666666666666664,
    56.18333333333333,
    55.93333333333333,
    52.36666666666667,
    54.516666666666666,
    52.583333333333336,
    51.88333333333333,
    49.916666666666664,
    50.38333333333333,
    51.65,
    52.6,
    54.9,
    55.35,
    51.983333333333334,
    52.8,
    53.78333333333333,
    57.35,
    52.983333333333334,
    54.86666666666667,
    56.71666666666667,
    55.2,
    53.266666666666666,
    53.63333333333333,
    49.88333333333333,
    54.06666666666667,
    52.25,
    54.5,
    53.28333333333333,
    52.733333333333334,
    53.31666666666667,
    55.31666666666667,
    55.483333333333334,
    54.53333333333333,
    55.766666666666666,
    53.68333333333333,
    56.15,
    52.11666666666667,
    53.166666666666664,
    52.416666666666664,
    54.6,
    49.5,
    52.43333333333333,
    50.15,
    53.733333333333334,
    57.45,
    56.1,
    55.63333333333333,
    51.7,
    55.03333333333333,
    56.85,
    52.78333333333333,
    52.583333333333336,
    57.46666666666667,
    57.483333333333334,
    52.35,
    51.166666666666664,
    55.75,
    55.68333333333333,
    57.416666666666664,
    54.36666666666667,
    52.56666666666667,
    51.333333333333336,
    54.0,
    54.55,
    54.916666666666664,
    53.93333333333333,
    54.233333333333334,
    51.5,
    47.016666666666666,
    56.28333333333333,
    50.916666666666664,
    51.35,
    54.31666666666667,
    50.666666666666664,
    55.2,
    53.86666666666667,
    55.766666666666666
  ],
  "task_rank": [
    46.07715606689453,
    25.7545108795166,
    28.313520431518555,
    28.605188369750977,
    28.296951293945312,
    30.272109985351562,
    29.646575927734375,
    29.974069595336914,
    30.38068199157715,
    31.998382568359375,
    31.991731643676758,
    33.21861267089844,
    33.04571533203125,
    34.1641731262207,
    34.12779998779297,
    35.352020263671875,
    34.28834533691406,
    38.003379821777344,
    36.51359558105469,
    36.3594856262207,
    35.40629196166992,
    37.687347412109375,
    36.6944694519043,
    38.23411560058594,
    39.726776123046875,
    37.65336227416992,
    41.58046340942383,
    42.71401596069336,
    41.015201568603516,
    41.78936004638672,
    42.2724609375,
    42.43614959716797,
    42.55138397216797,
    41.76137161254883,
    42.8489990234375,
    43.85145950317383,
    44.17942810058594,
    43.013240814208984,
    44.28166580200195,
    44.138275146484375,
    44.79188537597656,
    46.52889633178711,
    45.06394958496094,
    46.56138229370117,
    43.51483917236328,
    45.896541595458984,
    46.52090072631836,
    45.31582260131836,
    45.68260192871094,
    45.31625747680664,
    46.03207015991211,
    46.6089973449707,
    44.166297912597656,
    49.529083251953125,
    47.77549362182617,
    48.41413879394531,
    49.91372299194336,
    46.83854293823242,
    46.86641311645508,
    47.46778106689453,
    47.016326904296875,
    46.346923828125,
    49.62997055053711,
    47.42195510864258,
    48.64031982421875,
    48.182228088378906,
    46.96689224243164,
    48.65950393676758,
    48.745338439941406,
    48.68484878540039,
    47.21567153930664,
    50.98738098144531,
    51.71848678588867,
    51.334747314453125,
    49.521121978759766,
    49.7910041809082,
    49.45640182495117,
    49.1580696105957,
    50.059329986572266,
    49.391841888427734
  ],
  "forget_avg": null
}