{
  "method": "cbp",
  "seed": 2,
  "early_acc": 50.739999999999995,
  "late_acc": 55.32166666666667,
  "plasticity_drop": -4.581666666666678,
  "late_rank": 50.11012077331543,
  "mean_acc": 53.88229166666666,
  "task_acc": [
    40.53333333333333,
    49.46666666666667,
    54.85,
    57.416666666666664,
    51.43333333333333,
    52.28333333333333,
    54.11666666666667,
    52.166666666666664,
    52.483333333333334,
    53.21666666666667,
    54.733333333333334,
    54.03333333333333,
    46.266666666666666,
    46.45,
    53.766666666666666,
    52.85,
    54.1,
    54.766666666666666,
    52.75,
    53.416666666666664,
    52.06666666666667,
    53.31666666666667,
    51.6,
    53.21666666666667,
    57.1,
    52.266666666666666,
    54.083333333333336,
    55.03333333333333,
    54.21666666666667,
    55.166666666666664,
    52.083333333333336,
    55.68333333333333,
    54.15,
    56.9,
    51.6,
    56.85,
    51.666666666666664,
    54.733333333333334,
    54.55,
    51.4,
    53.03333333333333,
    54.21666666666667,
    54.75,
    55.46666666666667,
    53.666666666666664,
    54.6,
    49.05,
    58.21666666666667,
    58.43333333333333,
    56.78333333333333,
    49.85,
    59.0,
    57.9,
    56.06666666666667,
    52.916666666666664,
    53.6,
    53.2,
    56.483333333333334,
    56.733333333333334,
    55.266666666666666,
    54.7,
    55.56666666666667,
    50.25,
    53.88333333333333,
    54.666666666666664,
    54.06666666666667,
    53.63333333333333,
    53.56666666666667,
    52.36666666666667,
    56.65,
    57.05,
    54.55,
    54.483333333333334,
    55.61666666666667,
    56.53333333333333,
    55.5,
    55.81666666666667,
    49.25,
    60.96666666666667,
    53.45
  ],
  "task_rank": [
    41.31697463989258,
    24.67416763305664,
    25.245037078857422,
    26.965866088867188,
    27.402048110961914,
    27.487287521362305,
    28.700048446655273,
    28.46452522277832,
    28.735383987426758,
    29.46699333190918,
    30.125606536865234,
    31.728981018066406,
    35.444129943847656,
    34.38449478149414,
    32.93877029418945,
    34.21330642700195,
    34.30501174926758,
    33.439674377441406,
    35.136043548583984,
    35.8974609375,
    37.8360595703125,
    36.99711227416992,
    38.78400421142578,
    38.35957336425781,
    38.59507751464844,
    40.39981460571289,
    41.330711364746094,
    40.452232360839844,
    39.66107940673828,
    41.24448013305664,
    41.41231918334961,
    38.78226089477539,
    40.300724029541016,
    39.38179397583008,
    40.85527038574219,
    42.10762023925781,
    42.7274169921875,
    42.91892623901367,
    40.848392486572266,
    43.51239013671875,
    43.52119064331055,
    45.46574401855469,
    43.3297233581543,
    42.44611740112305,
    43.355289459228516,
    44.15477752685547,
    43.769630432128906,
    44.90203857421875,
    45.7724494934082,
    45.58075714111328,
    47.57966995239258,
    46.87395477294922,
    47.2949333190918,
    45.999454498291016,
    46.44194412231445,
    46.92997741699219,
    47.991119384765625,
    46.346858978271484,
    46.828590393066406,
    47.67372512817383,
    47.0368766784668,
    47.5595817565918,
    46.66828155517578,
    47.70698928833008,
    46.559661865234375,
    47.14637756347656,
    48.456729888916016,
    44.65156555175781,
    48.52796936035156,
    49.5935173034668,
    48.24241256713867,
    48.975616455078125,
    49.80739974975586,
    50.921024322509766,
    50.73870849609375,
    50.217220306396484,
    51.02055358886719,
    51.64978790283203,
    49.02326202392578,
    50.50522232055664
  ],
  "forget_avg": null
}