{
  "method": "cbp",
  "seed": 3,
  "early_acc": 55.11,
  "late_acc": 56.92333333333333,
  "plasticity_drop": -1.8133333333333326,
  "late_rank": 49.96915626525879,
  "mean_acc": 55.02229166666666,
  "task_acc": [
    52.96666666666667,
    55.75,
    53.95,
    57.71666666666667,
    55.166666666666664,
    56.85,
    54.45,
    51.1,
    52.63333333333333,
    55.4,
    54.583333333333336,
    56.0,
    53.68333333333333,
    54.4,
    55.0,
    53.75,
    59.95,
    53.4,
    52.93333333333333,
    53.88333333333333,
    56.083333333333336,
    55.016666666666666,
    52.13333333333333,
    51.416666666666664,
    54.0,
    53.083333333333336,
    50.0,
    51.13333333333333,
    52.71666666666667,
    52.11666666666667,
    56.766666666666666,
    57.483333333333334,
    55.166666666666664,
    56.833333333333336,
    51.0,
    53.55,
    60.25,
    54.95,
    50.15,
    52.63333333333333,
    50.11666666666667,
    52.483333333333334,
    56.766666666666666,
    54.75,
    58.1,
    55.05,
    58.71666666666667,
    52.516666666666666,
    57.266666666666666,
    50.21666666666667,
    54.1,
    56.516666666666666,
    56.983333333333334,
    56.85,
    59.53333333333333,
    55.81666666666667,
    55.31666666666667,
    54.1,
    54.583333333333336,
    56.2,
    56.4,
    52.78333333333333,
    53.61666666666667,
    51.11666666666667,
    57.61666666666667,
    57.516666666666666,
    60.333333333333336,
    54.46666666666667,
    61.333333333333336,
    51.333333333333336,
    57.11666666666667,
    59.6,
    54.05,
    58.833333333333336,
    58.96666666666667,
    58.45,
    53.083333333333336,
    59.55,
    56.61666666666667,
    52.96666666666667
  ],
  "task_rank": [
    46.76353454589844,
    25.37579345703125,
    28.61036491394043,
    27.407516479492188,
    27.686100006103516,
    28.8233699798584,
    29.44927215576172,
    30.741804122924805,
    30.154565811157227,
    31.424795150756836,
    33.14885711669922,
    32.01744079589844,
    33.8953971862793,
    31.976022720336914,
    34.35605239868164,
    36.057159423828125,
    35.12677764892578,
    38.192481994628906,
    37.848140716552734,
    38.78692626953125,
    37.628395080566406,
    38.85218048095703,
    41.20562744140625,
    41.58951187133789,
    38.775230407714844,
    42.30034637451172,
    41.134429931640625,
    41.79340362548828,
    41.34283447265625,
    42.90991973876953,
    42.689613342285156,
    41.032005310058594,
    43.8613166809082,
    42.9968376159668,
    42.176109313964844,
    44.39704132080078,
    41.410152435302734,
    42.58012390136719,
    43.37350845336914,
    42.26236343383789,
    42.6558837890625,
    41.82813262939453,
    41.89334487915039,
    43.49871063232422,
    43.493202209472656,
    44.79203414916992,
    43.8846549987793,
    46.575313568115234,
    46.432716369628906,
    45.95280075073242,
    44.7320442199707,
    45.10140609741211,
    44.440162658691406,
    43.66555404663086,
    46.17629623413086,
    46.68303680419922,
    46.19114303588867,
    47.723350524902344,
    47.30072784423828,
    47.40498733520508,
    46.90996551513672,
    48.64366149902344,
    49.18777847290039,
    47.42167282104492,
    46.92919158935547,
    47.25678634643555,
    47.44923400878906,
    48.934486389160156,
    49.73068618774414,
    49.02092361450195,
    49.67074203491211,
    47.91316223144531,
    51.02046585083008,
    48.30242156982422,
    49.647613525390625,
    50.928165435791016,
    50.9265251159668,
    49.95827102661133,
    49.13266372680664,
    52.191532135009766
  ],
  "forget_avg": null
}