{
  "method": "cbp",
  "seed": 1,
  "early_acc": 52.336666666666666,
  "late_acc": 54.763333333333335,
  "plasticity_drop": -2.4266666666666694,
  "late_rank": 49.73506469726563,
  "mean_acc": 52.941250000000004,
  "task_acc": [
    45.983333333333334,
    50.416666666666664,
    55.6,
    55.75,
    53.93333333333333,
    58.6,
    54.56666666666667,
    50.516666666666666,
    51.93333333333333,
    50.63333333333333,
    49.86666666666667,
    49.3,
    46.233333333333334,
    48.083333333333336,
    48.333333333333336,
    48.56666666666667,
    51.11666666666667,
    46.416666666666664,
    52.55,
    56.766666666666666,
    52.3,
    47.666666666666664,
    54.0,
    49.06666666666667,
    51.45,
    53.88333333333333,
    59.1,
    51.13333333333333,
    57.2,
    47.68333333333333,
    51.68333333333333,
    52.78333333333333,
    50.0,
    51.083333333333336,
    53.65,
    54.95,
    52.65,
    55.03333333333333,
    50.833333333333336,
    54.166666666666664,
    52.35,
    54.93333333333333,
    49.45,
    48.38333333333333,
    50.6,
    56.016666666666666,
    52.86666666666667,
    51.516666666666666,
    54.483333333333334,
    52.45,
    55.36666666666667,
    58.25,
    54.13333333333333,
    58.38333333333333,
    57.9,
    60.21666666666667,
    52.4,
    52.38333333333333,
    50.516666666666666,
    56.1,
    50.083333333333336,
    50.85,
    48.43333333333333,
    51.016666666666666,
    53.166666666666664,
    55.31666666666667,
    55.68333333333333,
    54.71666666666667,
    55.68333333333333,
    58.53333333333333,
    55.68333333333333,
    53.7,
    50.083333333333336,
    56.81666666666667,
    51.88333333333333,
    51.86666666666667,
    60.88333333333333,
    52.06666666666667,
    56.46666666666667,
    58.18333333333333
  ],
  "task_rank": [
    43.60645294189453,
    25.719871520996094,
    28.558263778686523,
    29.17120361328125,
    28.909618377685547,
    29.779075622558594,
    29.574600219726562,
    32.0418815612793,
    32.60871505737305,
    31.62976837158203,
    34.6378288269043,
    33.819679260253906,
    36.11737060546875,
    33.4984245300293,
    36.58302688598633,
    35.73536682128906,
    35.58079147338867,
    35.510597229003906,
    37.8138313293457,
    36.88284683227539,
    38.8769416809082,
    41.806549072265625,
    40.61916732788086,
    40.039276123046875,
    41.94577407836914,
    41.37448501586914,
    41.49892044067383,
    43.44108581542969,
    41.71086883544922,
    42.24531936645508,
    43.49000930786133,
    41.825462341308594,
    41.656639099121094,
    43.46084213256836,
    43.33203887939453,
    42.43580627441406,
    42.47979736328125,
    44.05687713623047,
    42.64958190917969,
    46.61225128173828,
    45.738739013671875,
    44.73899841308594,
    45.331539154052734,
    46.306453704833984,
    45.444034576416016,
    44.44580078125,
    44.94135284423828,
    46.34646224975586,
    48.69773483276367,
    45.91438293457031,
    48.767799377441406,
    46.82853698730469,
    47.99689865112305,
    46.77392578125,
    46.71037292480469,
    47.33052062988281,
    47.80514144897461,
    47.47593688964844,
    49.3843879699707,
    49.23280715942383,
    52.48173522949219,
    50.0366325378418,
    48.991573333740234,
    49.8787956237793,
    49.415435791015625,
    47.88039779663086,
    48.38998794555664,
    47.55766296386719,
    46.03211212158203,
    49.83515930175781,
    50.35492706298828,
    50.3881950378418,
    49.545249938964844,
    48.5261344909668,
    49.88450241088867,
    48.10196304321289,
    50.7030143737793,
    50.750553131103516,
    48.925621032714844,
    50.17048645019531
  ],
  "forget_avg": null
}