{
  "method": "cbp",
  "seed": 0,
  "early_acc": 51.10666666666667,
  "late_acc": 54.96666666666666,
  "plasticity_drop": -3.8599999999999923,
  "late_rank": 50.44013366699219,
  "mean_acc": 54.26291666666666,
  "task_acc": [
    39.016666666666666,
    51.63333333333333,
    55.61666666666667,
    54.53333333333333,
    54.733333333333334,
    53.71666666666667,
    53.11666666666667,
    53.266666666666666,
    51.4,
    51.45,
    57.36666666666667,
    56.53333333333333,
    50.28333333333333,
    57.166666666666664,
    55.266666666666666,
    54.56666666666667,
    56.05,
    56.11666666666667,
    55.983333333333334,
    54.63333333333333,
    58.45,
    54.416666666666664,
    50.65,
    53.15,
    54.81666666666667,
    53.1,
    54.45,
    55.766666666666666,
    51.0,
    52.666666666666664,
    54.6,
    51.75,
    49.233333333333334,
    56.11666666666667,
    56.86666666666667,
    54.6,
    55.05,
    55.1,
    57.55,
    48.38333333333333,
    55.05,
    55.15,
    53.63333333333333,
    57.233333333333334,
    51.266666666666666,
    56.8,
    53.766666666666666,
    53.61666666666667,
    53.233333333333334,
    52.31666666666667,
    53.95,
    52.55,
    53.88333333333333,
    52.46666666666667,
    52.733333333333334,
    52.53333333333333,
    54.516666666666666,
    54.71666666666667,
    53.53333333333333,
    58.983333333333334,
    53.15,
    55.86666666666667,
    49.15,
    59.5,
    59.0,
    57.516666666666666,
    57.93333333333333,
    56.18333333333333,
    53.233333333333334,
    57.733333333333334,
    53.86666666666667,
    54.4,
    52.61666666666667,
    58.35,
    55.516666666666666,
    56.45,
    59.266666666666666,
    54.016666666666666,
    50.2,
    54.983333333333334
  ],
  "task_rank": [
    43.26187515258789,
    24.41350555419922,
    26.233837127685547,
    27.866239547729492,
    27.437654495239258,
    28.09562110900879,
    28.680011749267578,
    29.17059898376465,
    30.555208206176758,
    32.160465240478516,
    32.72671890258789,
    30.97871971130371,
    33.41836929321289,
    34.78752136230469,
    33.796043395996094,
    35.60445785522461,
    35.124637603759766,
    36.39521789550781,
    36.94590759277344,
    36.98363494873047,
    38.19508361816406,
    39.03081512451172,
    42.33515548706055,
    39.0134162902832,
    40.01280212402344,
    38.62055969238281,
    40.57013702392578,
    40.31037902832031,
    41.03569412231445,
    40.719486236572266,
    43.20262908935547,
    41.63542938232422,
    43.363922119140625,
    43.145877838134766,
    42.69957733154297,
    44.282405853271484,
    43.838768005371094,
    45.50479507446289,
    44.28396987915039,
    46.749454498291016,
    45.37433624267578,
    44.683982849121094,
    46.197486877441406,
    44.31547546386719,
    45.726131439208984,
    45.19289016723633,
    45.86167526245117,
    44.36241912841797,
    47.822818756103516,
    44.580116271972656,
    44.42250442504883,
    44.92393493652344,
    41.90586853027344,
    44.01194381713867,
    44.764713287353516,
    44.3414192199707,
    46.648216247558594,
    45.7566032409668,
    45.99225997924805,
    46.90585708618164,
    47.16785430908203,
    47.10874938964844,
    49.02016067504883,
    47.7223014831543,
    47.811180114746094,
    49.317073822021484,
    47.23871994018555,
    50.80873107910156,
    51.991641998291016,
    48.743106842041016,
    50.3774528503418,
    50.46334457397461,
    50.08341979980469,
    49.596187591552734,
    50.55049133300781,
    50.3053092956543,
    49.17329406738281,
    52.31147384643555,
    52.599700927734375,
    48.9406623840332
  ],
  "forget_avg": null
}