{
  "method": "muon",
  "seed": 2,
  "early_acc": 71.17666666666666,
  "late_acc": 70.31833333333333,
  "plasticity_drop": 0.8583333333333343,
  "late_rank": 203.86246185302736,
  "mean_acc": 71.65041666666666,
  "task_acc": [
    62.68333333333333,
    70.55,
    72.73333333333333,
    77.16666666666667,
    72.75,
    73.0,
    74.41666666666667,
    73.33333333333333,
    75.21666666666667,
    73.3,
    75.4,
    73.15,
    72.08333333333333,
    73.33333333333333,
    73.88333333333334,
    72.76666666666667,
    72.61666666666666,
    71.55,
    70.55,
    73.96666666666667,
    71.36666666666666,
    71.51666666666667,
    71.1,
    70.96666666666667,
    75.06666666666666,
    72.86666666666666,
    71.5,
    71.6,
    73.18333333333334,
    74.46666666666667,
    70.76666666666667,
    73.63333333333334,
    73.78333333333333,
    69.61666666666666,
    70.9,
    72.33333333333333,
    71.6,
    70.9,
    70.51666666666667,
    72.56666666666666,
    72.25,
    68.78333333333333,
    72.68333333333334,
    70.25,
    72.53333333333333,
    70.91666666666667,
    68.08333333333333,
    73.78333333333333,
    71.83333333333333,
    72.9,
    70.91666666666667,
    71.98333333333333,
    71.36666666666666,
    69.6,
    72.98333333333333,
    70.96666666666667,
    70.51666666666667,
    72.06666666666666,
    71.38333333333334,
    72.56666666666666,
    70.83333333333333,
    69.81666666666666,
    70.01666666666667,
    72.98333333333333,
    70.71666666666667,
    69.88333333333334,
    70.55,
    70.43333333333334,
    71.28333333333333,
    69.26666666666667,
    69.7,
    70.55,
    69.38333333333334,
    69.0,
    71.71666666666667,
    70.01666666666667,
    73.61666666666666,
    67.53333333333333,
    70.53333333333333,
    71.13333333333334
  ],
  "task_rank": [
    58.603370666503906,
    50.762962341308594,
    61.69382095336914,
    65.5007553100586,
    74.49542236328125,
    78.81306457519531,
    84.04918670654297,
    87.38349914550781,
    92.3521499633789,
    101.25121307373047,
    102.06275939941406,
    109.4683837890625,
    110.23430633544922,
    119.8421859741211,
    125.44964599609375,
    123.65988159179688,
    134.9010467529297,
    138.03704833984375,
    137.43020629882812,
    141.8901824951172,
    143.6626434326172,
    147.33856201171875,
    154.11428833007812,
    159.34059143066406,
    155.4866485595703,
    161.23391723632812,
    162.38214111328125,
    171.05267333984375,
    165.76956176757812,
    170.24644470214844,
    175.0314483642578,
    173.01454162597656,
    177.49671936035156,
    175.05247497558594,
    183.8909912109375,
    180.35519409179688,
    182.82257080078125,
    186.6044464111328,
    174.20013427734375,
    181.40347290039062,
    189.90771484375,
    186.3082733154297,
    182.77655029296875,
    188.40541076660156,
    180.9097900390625,
    189.98016357421875,
    197.02796936035156,
    188.20938110351562,
    189.87945556640625,
    192.5290985107422,
    183.4669952392578,
    195.01976013183594,
    203.53517150878906,
    203.5507049560547,
    192.87844848632812,
    195.17996215820312,
    204.76895141601562,
    189.2572784423828,
    200.10150146484375,
    201.82879638671875,
    198.29954528808594,
    204.16583251953125,
    202.7427215576172,
    207.68458557128906,
    202.1372833251953,
    207.06991577148438,
    209.95382690429688,
    204.40585327148438,
    205.69601440429688,
    200.98077392578125,
    207.6780548095703,
    196.380126953125,
    203.75210571289062,
    206.306884765625,
    203.63380432128906,
    201.24815368652344,
    199.22998046875,
    207.91229248046875,
    204.34913635253906,
    208.1340789794922
  ],
  "forget_avg": null
}