{
  "method": "muon",
  "seed": 0,
  "early_acc": 70.47666666666666,
  "late_acc": 70.05666666666667,
  "plasticity_drop": 0.4199999999999875,
  "late_rank": 199.13172454833983,
  "mean_acc": 71.24229166666666,
  "task_acc": [
    58.583333333333336,
    70.98333333333333,
    74.88333333333334,
    74.56666666666666,
    73.36666666666666,
    72.75,
    73.01666666666667,
    74.45,
    71.75,
    74.15,
    76.63333333333334,
    76.43333333333334,
    72.21666666666667,
    75.16666666666667,
    71.4,
    72.68333333333334,
    73.73333333333333,
    72.73333333333333,
    72.95,
    71.78333333333333,
    76.66666666666667,
    70.55,
    71.2,
    73.63333333333334,
    74.08333333333333,
    71.56666666666666,
    69.83333333333333,
    74.13333333333334,
    69.83333333333333,
    70.16666666666667,
    71.26666666666667,
    68.6,
    70.28333333333333,
    71.93333333333334,
    73.01666666666667,
    70.66666666666667,
    69.38333333333334,
    70.05,
    74.45,
    72.05,
    69.4,
    70.35,
    71.2,
    72.45,
    69.11666666666666,
    72.01666666666667,
    69.01666666666667,
    70.18333333333334,
    68.65,
    68.7,
    71.83333333333333,
    70.13333333333334,
    71.71666666666667,
    70.18333333333334,
    69.96666666666667,
    69.86666666666666,
    73.33333333333333,
    68.06666666666666,
    69.31666666666666,
    70.13333333333334,
    70.73333333333333,
    70.1,
    69.2,
    72.71666666666667,
    71.05,
    72.58333333333333,
    70.66666666666667,
    70.3,
    68.6,
    69.63333333333334,
    70.46666666666667,
    71.81666666666666,
    70.95,
    69.5,
    70.3,
    72.1,
    70.13333333333334,
    67.43333333333334,
    68.7,
    69.16666666666667
  ],
  "task_rank": [
    57.123966217041016,
    50.66789627075195,
    65.5786361694336,
    73.5113296508789,
    76.23857116699219,
    83.53269958496094,
    86.21842956542969,
    91.20247650146484,
    97.85040283203125,
    102.53636932373047,
    106.87663269042969,
    108.4834213256836,
    112.29088592529297,
    124.60711669921875,
    120.88289642333984,
    129.61378479003906,
    133.91494750976562,
    138.9241485595703,
    141.3472442626953,
    143.06126403808594,
    152.18136596679688,
    150.96115112304688,
    150.77146911621094,
    157.1623992919922,
    157.2458953857422,
    161.97860717773438,
    170.11367797851562,
    164.3328399658203,
    168.38259887695312,
    170.2587127685547,
    178.32240295410156,
    177.4268341064453,
    177.93365478515625,
    181.3413848876953,
    183.34585571289062,
    185.48744201660156,
    184.6441650390625,
    184.464111328125,
    186.27772521972656,
    188.48716735839844,
    191.95680236816406,
    190.90414428710938,
    195.29566955566406,
    185.5226593017578,
    196.3434295654297,
    197.411376953125,
    198.13499450683594,
    195.21253967285156,
    196.2754669189453,
    196.40869140625,
    204.17935180664062,
    203.1488800048828,
    183.7385711669922,
    200.54156494140625,
    196.20277404785156,
    201.41941833496094,
    201.76644897460938,
    207.60191345214844,
    203.25091552734375,
    204.97576904296875,
    200.02548217773438,
    201.07740783691406,
    206.5787811279297,
    206.14816284179688,
    206.06069946289062,
    213.16261291503906,
    209.51907348632812,
    201.63784790039062,
    203.70236206054688,
    193.3025360107422,
    192.67530822753906,
    204.28863525390625,
    200.45314025878906,
    203.45599365234375,
    208.50389099121094,
    197.35096740722656,
    197.6640167236328,
    196.46986389160156,
    194.46185302734375,
    195.9935760498047
  ],
  "forget_avg": null
}