{
  "method": "muon",
  "seed": 2,
  "early_acc": 77.37666666666668,
  "late_acc": 10.988333333333333,
  "plasticity_drop": 66.38833333333335,
  "late_rank": 1.0,
  "mean_acc": 15.915208333333334,
  "task_acc": [
    78.51666666666667,
    81.4,
    78.46666666666667,
    75.76666666666667,
    72.73333333333333,
    54.6,
    19.716666666666665,
    9.466666666666667,
    10.883333333333333,
    10.916666666666666,
    10.466666666666667,
    10.583333333333334,
    10.6,
    10.5,
    10.066666666666666,
    11.15,
    10.883333333333333,
    10.133333333333333,
    10.716666666666667,
    9.9,
    11.8,
    11.083333333333334,
    11.0,
    10.766666666666667,
    11.45,
    11.116666666666667,
    11.933333333333334,
    10.65,
    11.333333333333334,
    11.366666666666667,
    11.8,
    11.316666666666666,
    11.55,
    11.183333333333334,
    10.283333333333333,
    11.683333333333334,
    10.65,
    10.366666666666667,
    11.333333333333334,
    11.416666666666666,
    11.633333333333333,
    11.45,
    11.566666666666666,
    11.216666666666667,
    11.05,
    11.416666666666666,
    11.416666666666666,
    11.216666666666667,
    11.7,
    11.283333333333333,
    11.266666666666667,
    11.65,
    11.516666666666667,
    11.833333333333334,
    11.683333333333334,
    11.3,
    10.583333333333334,
    11.333333333333334,
    11.25,
    11.45,
    11.133333333333333,
    11.433333333333334,
    11.2,
    10.916666666666666,
    11.933333333333334,
    11.7,
    11.633333333333333,
    11.55,
    11.15,
    11.316666666666666,
    11.35,
    10.666666666666666,
    10.5,
    10.983333333333333,
    10.883333333333333,
    11.533333333333333,
    10.8,
    11.216666666666667,
    10.7,
    11.25
  ],
  "task_rank": [
    219.60897827148438,
    271.88848876953125,
    269.4021301269531,
    183.23634338378906,
    91.91168975830078,
    23.20340347290039,
    2.0551581382751465,
    1.2944185733795166,
    1.0,
    1.0,
    1.0,
    1.0,
    1.0,
    1.0,
    1.0,
    1.0,
    1.0,
    1.0,
    1.0,
    1.0,
    1.0,
    1.0,
    1.0,
    1.0,
    1.0,
    1.0,
    1.0,
    1.0,
    1.0,
    1.0,
    1.0,
    1.0,
    1.0,
    1.0,
    1.0,
    1.0,
    1.0,
    1.0,
    1.0,
    1.0,
    1.0,
    1.0,
    1.0,
    1.0,
    1.0,
    1.0,
    1.0,
    1.0,
    1.0,
    1.0,
    1.0,
    1.0,
    1.0,
    1.0,
    1.0,
    1.0,
    1.0,
    1.1869542598724365,
    1.0,
    1.0,
    1.0,
    1.0,
    1.0,
    1.0,
    1.0,
    1.0,
    1.0,
    1.0,
    1.0,
    1.0,
    1.0,
    1.0,
    1.0,
    1.0,
    1.0,
    1.0,
    1.0,
    1.0,
    1.0,
    1.0
  ],
  "forget_avg": null
}