{
  "method": "muon",
  "seed": 0,
  "early_acc": 79.66666666666667,
  "late_acc": 59.41833333333334,
  "plasticity_drop": 20.248333333333335,
  "late_rank": 49.175807571411134,
  "mean_acc": 69.35,
  "task_acc": [
    74.71666666666667,
    81.71666666666667,
    80.46666666666667,
    79.78333333333333,
    81.65,
    79.33333333333333,
    81.45,
    78.86666666666666,
    79.68333333333334,
    79.01666666666667,
    79.01666666666667,
    78.93333333333334,
    76.25,
    77.81666666666666,
    77.0,
    76.48333333333333,
    77.71666666666667,
    77.13333333333334,
    76.86666666666666,
    74.91666666666667,
    77.13333333333334,
    75.65,
    77.05,
    73.76666666666667,
    75.03333333333333,
    72.96666666666667,
    72.7,
    73.7,
    72.21666666666667,
    71.16666666666667,
    71.66666666666667,
    70.48333333333333,
    69.25,
    69.58333333333333,
    69.45,
    71.55,
    70.03333333333333,
    71.45,
    68.46666666666667,
    66.56666666666666,
    68.41666666666667,
    66.8,
    65.58333333333333,
    70.1,
    67.33333333333333,
    69.8,
    65.96666666666667,
    69.25,
    67.46666666666667,
    66.16666666666667,
    69.31666666666666,
    62.483333333333334,
    68.3,
    70.21666666666667,
    64.6,
    64.13333333333334,
    61.71666666666667,
    63.333333333333336,
    64.98333333333333,
    66.76666666666667,
    66.36666666666666,
    62.916666666666664,
    61.166666666666664,
    62.81666666666667,
    55.93333333333333,
    58.43333333333333,
    60.833333333333336,
    62.5,
    59.766666666666666,
    61.65,
    59.36666666666667,
    64.95,
    60.28333333333333,
    56.9,
    58.35,
    54.63333333333333,
    59.516666666666666,
    58.06666666666667,
    61.05,
    61.06666666666667
  ],
  "task_rank": [
    83.91563415527344,
    116.17025756835938,
    155.2736358642578,
    179.52711486816406,
    195.3641357421875,
    212.50608825683594,
    213.9007110595703,
    224.50340270996094,
    234.9737091064453,
    230.93345642089844,
    235.85714721679688,
    237.8834228515625,
    239.84979248046875,
    238.20330810546875,
    231.1541290283203,
    220.6893768310547,
    224.2179718017578,
    229.50559997558594,
    232.94287109375,
    201.42221069335938,
    209.85943603515625,
    183.29446411132812,
    188.3151397705078,
    179.581298828125,
    177.6738739013672,
    175.1856689453125,
    173.6376953125,
    157.90274047851562,
    144.95761108398438,
    143.2161407470703,
    145.03982543945312,
    136.6939697265625,
    109.1587142944336,
    104.19295501708984,
    125.96862030029297,
    116.56084442138672,
    128.75840759277344,
    115.82820892333984,
    113.5457534790039,
    121.94158935546875,
    117.63169860839844,
    103.43029022216797,
    121.55349731445312,
    101.22602081298828,
    108.44950103759766,
    97.82997131347656,
    104.2946548461914,
    100.41456604003906,
    74.51290130615234,
    94.2385025024414,
    81.83352661132812,
    61.89064407348633,
    61.480560302734375,
    81.06129455566406,
    85.74537658691406,
    69.58048248291016,
    64.42425537109375,
    74.4283447265625,
    77.3138198852539,
    82.27588653564453,
    73.83026885986328,
    57.581878662109375,
    68.839599609375,
    59.97248077392578,
    60.99853515625,
    69.86843872070312,
    66.71366882324219,
    63.85898208618164,
    49.19017028808594,
    46.4960823059082,
    44.81264114379883,
    36.872657775878906,
    55.556644439697266,
    50.21809005737305,
    41.7349853515625,
    42.64602279663086,
    51.68085479736328,
    62.15765380859375,
    54.9703483581543,
    51.108177185058594
  ],
  "forget_avg": null
}