{
  "method": "muon",
  "seed": 0,
  "early_acc": 77.94666666666667,
  "late_acc": 11.156666666666666,
  "plasticity_drop": 66.79,
  "late_rank": 1.0,
  "mean_acc": 16.024583333333332,
  "task_acc": [
    77.6,
    82.18333333333334,
    79.55,
    76.55,
    73.85,
    62.88333333333333,
    21.05,
    10.55,
    9.9,
    10.016666666666667,
    9.516666666666667,
    9.483333333333333,
    9.1,
    10.333333333333334,
    10.0,
    9.833333333333334,
    9.85,
    9.583333333333334,
    10.783333333333333,
    11.483333333333333,
    11.316666666666666,
    10.733333333333333,
    11.433333333333334,
    10.916666666666666,
    11.216666666666667,
    10.8,
    10.25,
    10.883333333333333,
    11.366666666666667,
    11.45,
    10.816666666666666,
    11.166666666666666,
    11.733333333333333,
    11.916666666666666,
    10.7,
    11.333333333333334,
    11.083333333333334,
    11.2,
    12.4,
    10.7,
    11.333333333333334,
    11.333333333333334,
    11.5,
    11.383333333333333,
    12.366666666666667,
    11.95,
    11.35,
    11.466666666666667,
    10.916666666666666,
    11.633333333333333,
    11.116666666666667,
    11.166666666666666,
    10.733333333333333,
    10.983333333333333,
    11.6,
    11.533333333333333,
    12.25,
    11.683333333333334,
    10.95,
    11.066666666666666,
    10.95,
    11.7,
    11.1,
    11.266666666666667,
    11.516666666666667,
    11.583333333333334,
    12.0,
    11.75,
    11.433333333333334,
    11.266666666666667,
    11.1,
    11.183333333333334,
    10.75,
    11.466666666666667,
    11.016666666666667,
    11.633333333333333,
    11.516666666666667,
    10.766666666666667,
    10.883333333333333,
    11.25
  ],
  "task_rank": [
    210.34542846679688,
    268.7290954589844,
    286.01641845703125,
    199.91944885253906,
    104.94292449951172,
    29.712360382080078,
    2.8098437786102295,
    3.3086163997650146,
    2.0584380626678467,
    1.0,
    1.0,
    1.0,
    1.0,
    1.0,
    1.9638010263442993,
    1.0,
    1.0,
    1.0,
    1.0,
    1.0,
    1.0,
    1.0,
    1.0,
    1.0,
    1.0,
    1.0,
    1.0,
    1.0,
    1.0,
    1.0,
    1.0,
    1.0,
    1.0,
    1.0,
    1.0,
    1.0,
    1.0,
    1.0,
    1.0,
    1.0,
    1.0,
    1.0,
    1.0,
    1.0,
    1.0,
    1.0,
    1.0,
    1.0,
    1.0,
    1.0,
    1.0,
    1.0,
    1.0,
    1.0,
    1.0,
    1.0,
    1.0,
    1.0,
    1.0,
    1.0,
    1.0,
    1.0,
    1.0,
    1.0,
    1.0,
    1.0,
    1.0,
    1.0,
    1.0,
    1.0,
    1.0,
    1.0,
    1.0,
    1.0,
    1.0,
    1.0,
    1.0,
    1.0,
    1.0,
    1.0
  ],
  "forget_avg": null
}