{
  "method": "muon",
  "seed": 1,
  "early_acc": 70.62666666666667,
  "late_acc": 69.65833333333335,
  "plasticity_drop": 0.9683333333333195,
  "late_rank": 219.00454406738282,
  "mean_acc": 70.8775,
  "task_acc": [
    61.63333333333333,
    71.9,
    74.81666666666666,
    72.26666666666667,
    72.51666666666667,
    74.2,
    69.78333333333333,
    68.68333333333334,
    71.13333333333334,
    74.35,
    74.83333333333333,
    73.73333333333333,
    72.56666666666666,
    71.23333333333333,
    72.93333333333334,
    68.85,
    72.23333333333333,
    69.91666666666667,
    71.06666666666666,
    73.56666666666666,
    73.75,
    70.71666666666667,
    70.28333333333333,
    74.53333333333333,
    72.23333333333333,
    74.88333333333334,
    73.2,
    70.18333333333334,
    72.83333333333333,
    71.43333333333334,
    69.13333333333334,
    73.51666666666667,
    71.46666666666667,
    73.28333333333333,
    71.6,
    71.58333333333333,
    69.1,
    70.3,
    71.18333333333334,
    67.38333333333334,
    70.56666666666666,
    70.23333333333333,
    67.66666666666667,
    71.36666666666666,
    68.13333333333334,
    70.35,
    69.65,
    70.28333333333333,
    72.41666666666667,
    70.76666666666667,
    70.63333333333334,
    68.95,
    71.6,
    70.23333333333333,
    71.93333333333334,
    72.61666666666666,
    72.06666666666666,
    68.93333333333334,
    67.95,
    69.95,
    70.98333333333333,
    71.51666666666667,
    69.98333333333333,
    67.51666666666667,
    72.38333333333334,
    71.25,
    70.15,
    70.23333333333333,
    67.33333333333333,
    71.15,
    68.81666666666666,
    69.9,
    68.76666666666667,
    67.5,
    69.18333333333334,
    72.55,
    70.4,
    68.1,
    68.93333333333334,
    72.43333333333334
  ],
  "task_rank": [
    56.28982162475586,
    52.613895416259766,
    64.46746063232422,
    72.26067352294922,
    75.66681671142578,
    78.05512237548828,
    91.09072875976562,
    89.5274658203125,
    96.21947479248047,
    94.82525634765625,
    101.38963317871094,
    105.60157012939453,
    110.90135955810547,
    112.55007934570312,
    124.71204376220703,
    135.18133544921875,
    130.3650360107422,
    132.16653442382812,
    140.10455322265625,
    142.0362548828125,
    143.84771728515625,
    146.73167419433594,
    152.81370544433594,
    152.25816345214844,
    157.56082153320312,
    157.4104766845703,
    163.30648803710938,
    171.57090759277344,
    162.74778747558594,
    167.0358428955078,
    166.8759002685547,
    167.2063751220703,
    172.2254180908203,
    176.92684936523438,
    178.6653289794922,
    172.427001953125,
    187.24244689941406,
    184.7610321044922,
    185.50372314453125,
    189.80006408691406,
    188.78076171875,
    188.30372619628906,
    189.32614135742188,
    192.73779296875,
    204.85079956054688,
    198.38636779785156,
    202.50872802734375,
    196.31626892089844,
    194.5583038330078,
    200.11114501953125,
    199.64889526367188,
    207.0615234375,
    199.6718292236328,
    206.2628173828125,
    202.2265625,
    206.80279541015625,
    204.54673767089844,
    194.25241088867188,
    201.2803955078125,
    208.4344024658203,
    203.1926727294922,
    208.49942016601562,
    209.67828369140625,
    210.23081970214844,
    199.3293914794922,
    204.08865356445312,
    218.25247192382812,
    208.32948303222656,
    209.6468963623047,
    218.5032196044922,
    206.94277954101562,
    213.0266571044922,
    213.52294921875,
    218.51092529296875,
    223.64756774902344,
    223.18052673339844,
    226.1132049560547,
    228.46578979492188,
    211.65196228027344,
    224.9830780029297
  ],
  "forget_avg": null
}