{
  "method": "muon",
  "seed": 4,
  "early_acc": 70.66333333333333,
  "late_acc": 69.955,
  "plasticity_drop": 0.7083333333333286,
  "late_rank": 205.25902862548827,
  "mean_acc": 71.57833333333333,
  "task_acc": [
    61.71666666666667,
    71.28333333333333,
    74.78333333333333,
    72.16666666666667,
    73.36666666666666,
    74.5,
    74.1,
    75.06666666666666,
    73.73333333333333,
    73.0,
    72.36666666666666,
    74.38333333333334,
    73.43333333333334,
    73.58333333333333,
    73.45,
    77.16666666666667,
    73.18333333333334,
    72.18333333333334,
    73.81666666666666,
    74.33333333333333,
    70.58333333333333,
    75.28333333333333,
    74.16666666666667,
    73.75,
    71.23333333333333,
    73.8,
    71.45,
    73.63333333333334,
    67.5,
    75.01666666666667,
    71.2,
    70.68333333333334,
    69.71666666666667,
    71.7,
    72.41666666666667,
    73.43333333333334,
    70.45,
    71.33333333333333,
    71.68333333333334,
    71.76666666666667,
    72.31666666666666,
    69.93333333333334,
    70.75,
    72.95,
    72.81666666666666,
    69.9,
    69.18333333333334,
    68.93333333333334,
    68.91666666666667,
    70.13333333333334,
    72.56666666666666,
    71.73333333333333,
    72.56666666666666,
    69.73333333333333,
    70.33333333333333,
    72.03333333333333,
    69.28333333333333,
    70.7,
    70.58333333333333,
    70.5,
    71.56666666666666,
    70.41666666666667,
    71.31666666666666,
    70.5,
    69.06666666666666,
    70.15,
    72.26666666666667,
    72.36666666666666,
    69.76666666666667,
    71.01666666666667,
    69.16666666666667,
    70.6,
    69.83333333333333,
    67.3,
    70.58333333333333,
    70.05,
    70.26666666666667,
    72.9,
    67.78333333333333,
    71.06666666666666
  ],
  "task_rank": [
    60.34514617919922,
    51.079437255859375,
    66.22941589355469,
    71.15663146972656,
    79.05870056152344,
    83.64131164550781,
    86.39588928222656,
    90.92089080810547,
    93.18043518066406,
    102.53118133544922,
    109.92671203613281,
    112.07601165771484,
    119.61894989013672,
    119.53154754638672,
    126.86534881591797,
    126.55757141113281,
    135.06942749023438,
    140.4440155029297,
    141.84835815429688,
    139.6085968017578,
    140.8603057861328,
    149.88446044921875,
    152.43724060058594,
    161.89939880371094,
    163.68179321289062,
    157.8710479736328,
    165.6597900390625,
    167.5828094482422,
    176.70201110839844,
    175.75210571289062,
    174.75990295410156,
    179.62643432617188,
    178.5675506591797,
    180.2545166015625,
    185.5872344970703,
    177.9508819580078,
    183.2165069580078,
    189.37977600097656,
    181.1971893310547,
    189.69139099121094,
    192.59481811523438,
    189.08868408203125,
    195.3267822265625,
    184.6570281982422,
    188.42408752441406,
    182.8339080810547,
    194.9485321044922,
    196.01638793945312,
    197.85279846191406,
    199.73802185058594,
    198.08689880371094,
    193.5118865966797,
    202.71653747558594,
    200.5990447998047,
    207.0448455810547,
    201.9408416748047,
    207.85330200195312,
    202.2205810546875,
    205.76182556152344,
    210.4100341796875,
    210.54393005371094,
    211.65390014648438,
    210.75042724609375,
    203.87767028808594,
    200.74986267089844,
    205.75259399414062,
    205.86398315429688,
    209.4945068359375,
    208.29689025878906,
    208.28131103515625,
    211.33673095703125,
    211.28675842285156,
    208.4674072265625,
    201.70448303222656,
    199.73448181152344,
    201.4351806640625,
    198.8994598388672,
    207.78433227539062,
    204.45166015625,
    207.4897918701172
  ],
  "forget_avg": null
}