{
  "method": "muon",
  "seed": 1,
  "early_acc": 77.33000000000001,
  "late_acc": 11.260000000000002,
  "plasticity_drop": 66.07000000000001,
  "late_rank": 1.0,
  "mean_acc": 15.374375,
  "task_acc": [
    80.7,
    81.46666666666667,
    78.81666666666666,
    76.36666666666666,
    69.3,
    24.116666666666667,
    11.7,
    10.583333333333334,
    9.766666666666667,
    9.833333333333334,
    9.666666666666666,
    9.95,
    9.966666666666667,
    9.866666666666667,
    10.816666666666666,
    11.233333333333333,
    11.183333333333334,
    10.866666666666667,
    10.883333333333333,
    11.283333333333333,
    11.166666666666666,
    11.316666666666666,
    11.083333333333334,
    11.1,
    11.166666666666666,
    11.883333333333333,
    11.25,
    11.0,
    11.266666666666667,
    11.166666666666666,
    10.733333333333333,
    11.583333333333334,
    10.466666666666667,
    11.6,
    10.95,
    11.866666666666667,
    11.383333333333333,
    11.333333333333334,
    10.516666666666667,
    10.416666666666666,
    10.55,
    10.616666666666667,
    10.95,
    11.266666666666667,
    10.133333333333333,
    11.183333333333334,
    11.533333333333333,
    11.016666666666667,
    11.5,
    11.016666666666667,
    11.516666666666667,
    11.933333333333334,
    10.183333333333334,
    11.933333333333334,
    11.55,
    11.6,
    11.15,
    10.983333333333333,
    11.333333333333334,
    12.016666666666667,
    10.85,
    10.916666666666666,
    11.15,
    11.45,
    11.183333333333334,
    10.883333333333333,
    11.7,
    11.316666666666666,
    11.316666666666666,
    11.0,
    11.516666666666667,
    11.683333333333334,
    11.433333333333334,
    10.933333333333334,
    11.85,
    11.3,
    10.866666666666667,
    10.966666666666667,
    11.066666666666666,
    10.983333333333333
  ],
  "task_rank": [
    203.79428100585938,
    263.1643371582031,
    230.59268188476562,
    136.11068725585938,
    45.232364654541016,
    8.355415344238281,
    2.34442400932312,
    1.0,
    1.0,
    1.0,
    1.1858597993850708,
    1.0,
    1.0,
    1.7126970291137695,
    1.0,
    1.0,
    1.0,
    1.0,
    1.0,
    1.0,
    1.0,
    1.0,
    1.0,
    1.0,
    1.0,
    1.0,
    1.0,
    1.0,
    1.0,
    1.0,
    1.0,
    1.0,
    1.0,
    1.0,
    1.0,
    1.0,
    1.0,
    1.0,
    1.0,
    1.0,
    1.0,
    1.0,
    1.0,
    1.0,
    1.0,
    1.0,
    1.0,
    1.0,
    1.0,
    1.0,
    1.0,
    1.0,
    1.0,
    1.0,
    1.0,
    1.0,
    1.0,
    1.0,
    1.0,
    1.0,
    1.0,
    1.0,
    1.0,
    1.0,
    1.0,
    1.0,
    1.0,
    1.0,
    1.0,
    1.0,
    1.0,
    1.0,
    1.0,
    1.0,
    1.0,
    1.0,
    1.0,
    1.0,
    1.0,
    1.0
  ],
  "forget_avg": null
}