{
  "method": "muon",
  "seed": 3,
  "early_acc": 73.32,
  "late_acc": 70.13833333333335,
  "plasticity_drop": 3.1816666666666436,
  "late_rank": 211.2406494140625,
  "mean_acc": 71.59604166666666,
  "task_acc": [
    68.83333333333333,
    73.9,
    74.88333333333334,
    74.78333333333333,
    74.2,
    74.41666666666667,
    74.7,
    71.41666666666667,
    73.45,
    73.83333333333333,
    74.03333333333333,
    73.25,
    73.56666666666666,
    72.88333333333334,
    74.86666666666666,
    71.28333333333333,
    75.48333333333333,
    70.53333333333333,
    74.53333333333333,
    71.8,
    73.5,
    74.45,
    71.86666666666666,
    71.21666666666667,
    72.4,
    68.26666666666667,
    70.8,
    69.8,
    73.33333333333333,
    70.5,
    73.11666666666666,
    76.3,
    70.71666666666667,
    72.6,
    72.9,
    70.28333333333333,
    72.21666666666667,
    71.65,
    68.1,
    71.53333333333333,
    70.55,
    72.11666666666666,
    71.95,
    72.55,
    74.53333333333333,
    71.86666666666666,
    71.1,
    71.7,
    71.6,
    67.43333333333334,
    68.55,
    69.36666666666666,
    72.86666666666666,
    71.11666666666666,
    70.48333333333333,
    70.96666666666667,
    71.6,
    67.81666666666666,
    71.4,
    73.81666666666666,
    68.51666666666667,
    70.66666666666667,
    70.36666666666666,
    69.06666666666666,
    72.48333333333333,
    69.65,
    71.93333333333334,
    69.75,
    70.96666666666667,
    67.31666666666666,
    68.48333333333333,
    72.25,
    68.11666666666666,
    70.98333333333333,
    70.65,
    72.01666666666667,
    69.41666666666667,
    69.76666666666667,
    69.98333333333333,
    69.71666666666667
  ],
  "task_rank": [
    59.99161911010742,
    50.36334228515625,
    63.582027435302734,
    72.37112426757812,
    77.25360107421875,
    83.36084747314453,
    85.03791046142578,
    93.5118179321289,
    98.18954467773438,
    99.96195220947266,
    107.4874267578125,
    106.6152114868164,
    115.09194946289062,
    114.84919738769531,
    119.3203353881836,
    126.9179916381836,
    129.3701934814453,
    135.3548583984375,
    135.4390411376953,
    145.2268829345703,
    146.10595703125,
    143.83529663085938,
    153.98220825195312,
    158.7527618408203,
    155.37384033203125,
    165.64035034179688,
    159.1726837158203,
    170.99192810058594,
    167.19512939453125,
    174.46051025390625,
    175.05148315429688,
    176.43106079101562,
    179.24217224121094,
    173.1229705810547,
    172.61669921875,
    179.21005249023438,
    187.2004852294922,
    191.54617309570312,
    194.02569580078125,
    190.99383544921875,
    193.84286499023438,
    195.05416870117188,
    195.25108337402344,
    191.78652954101562,
    194.6353302001953,
    193.62161254882812,
    194.8896942138672,
    196.73947143554688,
    187.8916778564453,
    204.9467315673828,
    203.9097442626953,
    203.28260803222656,
    201.5452880859375,
    207.2502899169922,
    212.4215087890625,
    213.97743225097656,
    203.76881408691406,
    213.4348907470703,
    201.46063232421875,
    198.3979034423828,
    207.3469696044922,
    209.81422424316406,
    210.12969970703125,
    206.3240966796875,
    210.6652374267578,
    206.93043518066406,
    208.09548950195312,
    211.70729064941406,
    213.07754516601562,
    202.37501525878906,
    213.2329559326172,
    209.1667938232422,
    212.54034423828125,
    212.66940307617188,
    209.463134765625,
    208.53273010253906,
    211.57427978515625,
    212.302001953125,
    209.810302734375,
    213.1145477294922
  ],
  "forget_avg": null
}