{
  "method": "muon",
  "seed": 2,
  "early_acc": 80.2,
  "late_acc": 60.75,
  "plasticity_drop": 19.450000000000003,
  "late_rank": 62.8464656829834,
  "mean_acc": 69.63791666666665,
  "task_acc": [
    75.8,
    80.16666666666667,
    81.81666666666666,
    81.6,
    81.61666666666666,
    81.2,
    80.11666666666666,
    81.01666666666667,
    79.98333333333333,
    79.55,
    77.88333333333334,
    78.11666666666666,
    78.3,
    78.51666666666667,
    77.26666666666667,
    78.15,
    77.85,
    77.1,
    77.63333333333334,
    76.63333333333334,
    73.2,
    76.2,
    74.03333333333333,
    74.2,
    74.5,
    74.11666666666666,
    73.91666666666667,
    73.63333333333334,
    73.0,
    73.36666666666666,
    72.98333333333333,
    73.08333333333333,
    73.31666666666666,
    70.63333333333334,
    70.51666666666667,
    72.95,
    69.8,
    70.58333333333333,
    69.63333333333334,
    69.76666666666667,
    70.73333333333333,
    69.8,
    67.11666666666666,
    66.65,
    65.93333333333334,
    69.86666666666666,
    68.46666666666667,
    67.38333333333334,
    68.7,
    66.83333333333333,
    65.93333333333334,
    64.35,
    67.65,
    61.88333333333333,
    63.0,
    60.016666666666666,
    65.96666666666667,
    62.0,
    63.86666666666667,
    63.983333333333334,
    61.5,
    60.65,
    60.4,
    65.03333333333333,
    58.166666666666664,
    61.766666666666666,
    59.45,
    59.733333333333334,
    60.8,
    62.15,
    62.71666666666667,
    62.4,
    63.416666666666664,
    63.5,
    54.916666666666664,
    61.18333333333333,
    60.05,
    60.36666666666667,
    61.583333333333336,
    57.36666666666667
  ],
  "task_rank": [
    87.51480102539062,
    126.1279067993164,
    149.2673797607422,
    172.75164794921875,
    192.13729858398438,
    210.74671936035156,
    216.21713256835938,
    225.62315368652344,
    233.08721923828125,
    240.910400390625,
    231.5648651123047,
    237.4414520263672,
    242.3137664794922,
    243.40684509277344,
    237.08360290527344,
    224.8961944580078,
    227.67591857910156,
    211.4486083984375,
    205.91915893554688,
    195.58811950683594,
    199.67059326171875,
    170.74220275878906,
    169.0508270263672,
    185.33448791503906,
    174.93849182128906,
    168.9405059814453,
    165.50149536132812,
    166.93104553222656,
    150.1142120361328,
    153.07778930664062,
    148.57530212402344,
    138.04147338867188,
    142.3451690673828,
    123.58732604980469,
    108.76275634765625,
    105.06129455566406,
    117.99713897705078,
    136.53724670410156,
    116.19834899902344,
    128.10276794433594,
    125.47333526611328,
    101.3575439453125,
    114.53380584716797,
    106.00381469726562,
    100.0453109741211,
    107.64325714111328,
    89.97001647949219,
    82.81587219238281,
    92.81163024902344,
    105.1844482421875,
    86.6830062866211,
    71.67550659179688,
    68.5811538696289,
    62.7570686340332,
    66.94062042236328,
    77.33668518066406,
    64.45227813720703,
    62.13447952270508,
    75.11814880371094,
    53.909915924072266,
    49.64352035522461,
    75.61304473876953,
    53.74522399902344,
    61.57978820800781,
    55.90055847167969,
    59.37069320678711,
    47.65947341918945,
    70.27962493896484,
    60.02787780761719,
    54.63838577270508,
    64.5320816040039,
    67.03443145751953,
    69.18294525146484,
    72.95091247558594,
    80.54813385009766,
    51.135963439941406,
    58.59090805053711,
    55.04195785522461,
    65.93218994140625,
    43.515132904052734
  ],
  "forget_avg": null
}