{
  "method": "muon",
  "seed": 1,
  "early_acc": 80.35333333333332,
  "late_acc": 60.738333333333344,
  "plasticity_drop": 19.61499999999998,
  "late_rank": 63.14415969848633,
  "mean_acc": 69.58145833333333,
  "task_acc": [
    76.08333333333333,
    81.63333333333334,
    81.66666666666667,
    81.65,
    80.73333333333333,
    78.73333333333333,
    78.98333333333333,
    79.6,
    77.8,
    79.1,
    80.63333333333334,
    79.8,
    79.65,
    78.28333333333333,
    78.11666666666666,
    76.16666666666667,
    75.01666666666667,
    77.35,
    75.38333333333334,
    76.56666666666666,
    75.81666666666666,
    78.01666666666667,
    76.16666666666667,
    76.36666666666666,
    74.53333333333333,
    74.51666666666667,
    75.95,
    72.33333333333333,
    74.51666666666667,
    73.01666666666667,
    72.15,
    71.73333333333333,
    72.65,
    70.11666666666666,
    72.81666666666666,
    71.06666666666666,
    70.63333333333334,
    70.9,
    68.73333333333333,
    69.31666666666666,
    69.05,
    69.1,
    67.25,
    67.13333333333334,
    66.75,
    68.23333333333333,
    68.26666666666667,
    64.2,
    70.68333333333334,
    67.55,
    65.75,
    64.03333333333333,
    67.41666666666667,
    61.7,
    63.3,
    62.95,
    66.48333333333333,
    66.48333333333333,
    63.266666666666666,
    61.666666666666664,
    58.6,
    61.25,
    61.65,
    63.11666666666667,
    62.93333333333333,
    64.66666666666667,
    62.166666666666664,
    57.016666666666666,
    56.93333333333333,
    55.233333333333334,
    62.15,
    58.916666666666664,
    63.5,
    59.733333333333334,
    58.85,
    60.13333333333333,
    59.46666666666667,
    61.2,
    63.86666666666667,
    59.56666666666667
  ],
  "task_rank": [
    90.82589721679688,
    115.96687316894531,
    145.1699676513672,
    170.79840087890625,
    194.31466674804688,
    208.4141387939453,
    213.6495361328125,
    221.19085693359375,
    232.7450408935547,
    231.07864379882812,
    238.2782745361328,
    237.82888793945312,
    235.01583862304688,
    226.60787963867188,
    240.036865234375,
    237.0310516357422,
    234.7169189453125,
    209.86904907226562,
    213.71209716796875,
    215.95510864257812,
    218.24508666992188,
    176.3657989501953,
    189.45059204101562,
    151.8567657470703,
    160.75318908691406,
    141.8743438720703,
    162.47206115722656,
    160.1588592529297,
    151.64215087890625,
    165.35232543945312,
    146.4512176513672,
    158.14190673828125,
    135.3991241455078,
    175.65115356445312,
    138.18768310546875,
    103.21646881103516,
    112.8304672241211,
    114.41748046875,
    124.92898559570312,
    124.63688659667969,
    119.75581359863281,
    115.65032958984375,
    103.670654296875,
    109.75533294677734,
    115.02140045166016,
    108.66670227050781,
    99.25440216064453,
    94.95729064941406,
    82.49191284179688,
    99.44499206542969,
    77.41486358642578,
    85.35855865478516,
    76.05760955810547,
    78.72010803222656,
    73.62812042236328,
    72.41282653808594,
    87.6779556274414,
    71.46650695800781,
    58.273746490478516,
    56.051605224609375,
    60.57858657836914,
    72.31355285644531,
    63.24894714355469,
    66.263916015625,
    58.220645904541016,
    58.47100830078125,
    67.64952087402344,
    63.21331024169922,
    59.696956634521484,
    60.5750846862793,
    62.45317459106445,
    57.91960144042969,
    61.13548278808594,
    67.40145874023438,
    71.69772338867188,
    55.50059127807617,
    63.55386734008789,
    63.670166015625,
    56.49599075317383,
    71.61354064941406
  ],
  "forget_avg": null
}