{
  "method": "ptc_muon",
  "seed": 0,
  "early_acc": 71.79333333333334,
  "late_acc": 72.27833333333334,
  "plasticity_drop": -0.48499999999999943,
  "late_rank": 236.46286163330078,
  "mean_acc": 73.17666666666666,
  "task_acc": [
    58.583333333333336,
    72.45,
    77.43333333333334,
    75.6,
    74.9,
    73.95,
    73.98333333333333,
    73.7,
    74.08333333333333,
    75.81666666666666,
    76.55,
    75.33333333333333,
    73.8,
    74.96666666666667,
    72.85,
    73.61666666666666,
    74.76666666666667,
    73.85,
    74.0,
    73.28333333333333,
    73.8,
    73.75,
    69.51666666666667,
    73.15,
    72.88333333333334,
    73.41666666666667,
    73.91666666666667,
    75.48333333333333,
    71.25,
    69.61666666666666,
    75.43333333333334,
    74.73333333333333,
    74.33333333333333,
    74.2,
    72.48333333333333,
    74.58333333333333,
    74.63333333333334,
    73.0,
    75.7,
    73.85,
    72.53333333333333,
    73.5,
    73.1,
    71.0,
    72.78333333333333,
    76.78333333333333,
    73.18333333333334,
    71.58333333333333,
    73.51666666666667,
    70.25,
    75.66666666666667,
    69.8,
    74.73333333333333,
    69.7,
    73.53333333333333,
    74.25,
    72.66666666666667,
    72.76666666666667,
    73.18333333333334,
    74.3,
    73.33333333333333,
    72.76666666666667,
    71.83333333333333,
    76.23333333333333,
    71.66666666666667,
    71.66666666666667,
    72.58333333333333,
    72.31666666666666,
    74.71666666666667,
    72.15,
    70.95,
    70.05,
    70.9,
    74.45,
    75.21666666666667,
    73.73333333333333,
    72.1,
    70.31666666666666,
    72.05,
    73.01666666666667
  ],
  "task_rank": [
    57.123966217041016,
    57.54035186767578,
    84.30607604980469,
    106.6716079711914,
    116.00491333007812,
    130.50820922851562,
    146.34762573242188,
    153.8762969970703,
    162.43272399902344,
    167.90890502929688,
    173.00917053222656,
    177.53811645507812,
    182.22952270507812,
    187.4306640625,
    190.45889282226562,
    195.96031188964844,
    191.14125061035156,
    199.3456268310547,
    209.34840393066406,
    211.04861450195312,
    219.1009521484375,
    217.4521942138672,
    218.70294189453125,
    224.08265686035156,
    215.2542724609375,
    219.959228515625,
    222.31668090820312,
    227.33865356445312,
    223.1005096435547,
    226.36856079101562,
    234.32676696777344,
    226.25784301757812,
    228.0966796875,
    228.86781311035156,
    228.6533660888672,
    227.56011962890625,
    230.46243286132812,
    235.13734436035156,
    224.84506225585938,
    242.7333221435547,
    236.56787109375,
    236.22901916503906,
    232.93023681640625,
    242.49163818359375,
    234.5954132080078,
    232.5823974609375,
    231.42918395996094,
    240.73126220703125,
    231.95883178710938,
    231.1847686767578,
    236.56167602539062,
    244.51162719726562,
    237.610107421875,
    244.4670867919922,
    239.3679962158203,
    232.56065368652344,
    233.95263671875,
    234.84925842285156,
    236.33021545410156,
    237.68614196777344,
    234.05160522460938,
    235.22032165527344,
    231.87445068359375,
    237.9741973876953,
    237.40794372558594,
    239.41810607910156,
    237.3290557861328,
    238.3726043701172,
    232.43482971191406,
    237.8427276611328,
    244.89224243164062,
    238.79226684570312,
    232.6715850830078,
    235.34689331054688,
    233.97662353515625,
    222.2408905029297,
    237.3939208984375,
    242.21511840820312,
    237.31423950195312,
    239.7848358154297
  ],
  "forget_avg": null
}