{
  "method": "ptc_muon",
  "seed": 1,
  "early_acc": 72.90333333333334,
  "late_acc": 72.58666666666667,
  "plasticity_drop": 0.3166666666666629,
  "late_rank": 233.0733215332031,
  "mean_acc": 73.20479166666667,
  "task_acc": [
    61.63333333333333,
    75.93333333333334,
    76.83333333333333,
    75.3,
    74.81666666666666,
    76.35,
    72.15,
    73.25,
    74.55,
    73.2,
    74.96666666666667,
    73.43333333333334,
    73.26666666666667,
    75.06666666666666,
    72.65,
    73.66666666666667,
    73.88333333333334,
    73.56666666666666,
    74.31666666666666,
    76.28333333333333,
    73.86666666666666,
    74.33333333333333,
    74.93333333333334,
    75.75,
    75.33333333333333,
    75.43333333333334,
    74.81666666666666,
    73.36666666666666,
    75.0,
    72.61666666666666,
    75.18333333333334,
    72.71666666666667,
    71.63333333333334,
    74.66666666666667,
    73.41666666666667,
    73.51666666666667,
    71.05,
    72.8,
    72.91666666666667,
    73.06666666666666,
    74.11666666666666,
    70.76666666666667,
    72.86666666666666,
    73.41666666666667,
    73.56666666666666,
    70.26666666666667,
    72.86666666666666,
    73.58333333333333,
    73.18333333333334,
    73.4,
    72.43333333333334,
    72.26666666666667,
    72.76666666666667,
    72.76666666666667,
    73.58333333333333,
    73.73333333333333,
    71.46666666666667,
    72.43333333333334,
    72.71666666666667,
    73.51666666666667,
    69.6,
    70.66666666666667,
    71.96666666666667,
    71.85,
    73.45,
    72.98333333333333,
    72.51666666666667,
    71.15,
    73.63333333333334,
    75.45,
    72.53333333333333,
    74.53333333333333,
    72.58333333333333,
    72.11666666666666,
    72.6,
    70.98333333333333,
    73.11666666666666,
    74.78333333333333,
    70.93333333333334,
    71.68333333333334
  ],
  "task_rank": [
    56.28982162475586,
    59.58470916748047,
    87.98809051513672,
    103.54546356201172,
    120.3048095703125,
    134.0074462890625,
    146.98117065429688,
    155.375244140625,
    164.35533142089844,
    171.0029296875,
    176.33006286621094,
    177.86978149414062,
    188.2085723876953,
    187.29931640625,
    198.6877899169922,
    204.37417602539062,
    204.29583740234375,
    206.27609252929688,
    211.80462646484375,
    208.2317657470703,
    214.17811584472656,
    215.20120239257812,
    212.5773468017578,
    216.708984375,
    219.99562072753906,
    215.53826904296875,
    223.4712371826172,
    228.0823211669922,
    218.27099609375,
    218.13926696777344,
    224.74269104003906,
    226.82009887695312,
    227.8154754638672,
    231.34567260742188,
    226.475341796875,
    220.94081115722656,
    231.11380004882812,
    231.4550323486328,
    228.59994506835938,
    233.77699279785156,
    220.87496948242188,
    229.46336364746094,
    223.93045043945312,
    229.2892303466797,
    230.03433227539062,
    235.2225799560547,
    235.4007568359375,
    229.99989318847656,
    234.84747314453125,
    239.49119567871094,
    234.04971313476562,
    237.2013397216797,
    239.24281311035156,
    241.66067504882812,
    237.8658447265625,
    240.5380401611328,
    241.63323974609375,
    240.69625854492188,
    234.21035766601562,
    238.08258056640625,
    229.46051025390625,
    240.6503448486328,
    231.93505859375,
    230.76712036132812,
    231.62835693359375,
    233.75804138183594,
    239.6020965576172,
    233.34555053710938,
    242.31918334960938,
    240.3535614013672,
    234.0902099609375,
    228.50796508789062,
    246.3321990966797,
    233.5169677734375,
    237.814697265625,
    233.79627990722656,
    238.5897979736328,
    224.4481658935547,
    229.1147003173828,
    224.52223205566406
  ],
  "forget_avg": null
}