{
  "method": "ptc_muon",
  "seed": 2,
  "early_acc": 78.65,
  "late_acc": 39.19500000000001,
  "plasticity_drop": 39.455,
  "late_rank": 12.78140983581543,
  "mean_acc": 49.24208333333333,
  "task_acc": [
    78.51666666666667,
    80.73333333333333,
    80.81666666666666,
    77.4,
    75.78333333333333,
    73.26666666666667,
    68.63333333333334,
    67.0,
    67.71666666666667,
    64.23333333333333,
    64.16666666666667,
    61.06666666666667,
    58.03333333333333,
    63.21666666666667,
    61.75,
    61.5,
    57.6,
    60.5,
    54.88333333333333,
    57.88333333333333,
    54.1,
    54.85,
    61.06666666666667,
    54.333333333333336,
    50.2,
    47.8,
    56.68333333333333,
    51.96666666666667,
    45.833333333333336,
    50.46666666666667,
    52.766666666666666,
    42.7,
    38.666666666666664,
    45.61666666666667,
    40.516666666666666,
    40.65,
    48.5,
    42.56666666666667,
    43.5,
    37.983333333333334,
    38.06666666666667,
    41.56666666666667,
    47.65,
    48.233333333333334,
    41.5,
    42.666666666666664,
    51.38333333333333,
    43.35,
    39.86666666666667,
    30.833333333333332,
    52.15,
    47.06666666666667,
    36.733333333333334,
    44.65,
    42.05,
    40.0,
    46.45,
    40.06666666666667,
    48.4,
    49.666666666666664,
    35.15,
    34.55,
    28.783333333333335,
    35.016666666666666,
    43.483333333333334,
    43.56666666666667,
    37.3,
    37.31666666666667,
    40.81666666666667,
    43.61666666666667,
    42.25,
    40.2,
    47.8,
    29.216666666666665,
    32.666666666666664,
    35.983333333333334,
    41.81666666666667,
    42.63333333333333,
    40.3,
    39.083333333333336
  ],
  "task_rank": [
    219.60897827148438,
    261.72283935546875,
    248.15756225585938,
    180.80630493164062,
    104.04337310791016,
    63.37616729736328,
    44.287960052490234,
    29.0321044921875,
    35.600341796875,
    27.68326187133789,
    27.35675621032715,
    26.924474716186523,
    22.840984344482422,
    27.129087448120117,
    22.177709579467773,
    29.721771240234375,
    15.933241844177246,
    27.592144012451172,
    13.676166534423828,
    22.832164764404297,
    16.363130569458008,
    15.883305549621582,
    17.58260726928711,
    11.171991348266602,
    7.658690452575684,
    22.924795150756836,
    13.414546966552734,
    14.055208206176758,
    8.214436531066895,
    16.937742233276367,
    14.240394592285156,
    8.199841499328613,
    11.895186424255371,
    11.730623245239258,
    8.001554489135742,
    7.353464126586914,
    11.698124885559082,
    8.714156150817871,
    10.221172332763672,
    9.591740608215332,
    9.722586631774902,
    13.482843399047852,
    12.943934440612793,
    12.289959907531738,
    17.814151763916016,
    7.442759990692139,
    15.943976402282715,
    10.981332778930664,
    8.242402076721191,
    5.054142951965332,
    17.065372467041016,
    15.541254997253418,
    9.83476448059082,
    14.50444221496582,
    10.312725067138672,
    8.636789321899414,
    16.20235252380371,
    7.401689529418945,
    17.804227828979492,
    12.16666316986084,
    13.892043113708496,
    4.784468173980713,
    8.66451358795166,
    4.930634021759033,
    15.472721099853516,
    12.677258491516113,
    14.611239433288574,
    9.247772216796875,
    7.887534141540527,
    15.732965469360352,
    12.142923355102539,
    12.331867218017578,
    18.24817657470703,
    6.79793643951416,
    8.69995403289795,
    10.196389198303223,
    16.180368423461914,
    20.1240234375,
    12.897134780883789,
    10.195324897766113
  ],
  "forget_avg": null
}