{
  "method": "ptc_muon",
  "seed": 1,
  "early_acc": 78.83333333333333,
  "late_acc": 43.41333333333334,
  "plasticity_drop": 35.41999999999999,
  "late_rank": 16.269942474365234,
  "mean_acc": 51.991458333333334,
  "task_acc": [
    80.7,
    81.51666666666667,
    79.75,
    77.41666666666667,
    74.78333333333333,
    72.81666666666666,
    69.2,
    65.56666666666666,
    62.93333333333333,
    65.9,
    65.0,
    63.28333333333333,
    59.21666666666667,
    65.41666666666667,
    57.1,
    58.93333333333333,
    58.9,
    62.06666666666667,
    56.083333333333336,
    55.666666666666664,
    57.81666666666667,
    58.81666666666667,
    52.63333333333333,
    58.7,
    51.61666666666667,
    54.083333333333336,
    54.93333333333333,
    52.53333333333333,
    52.916666666666664,
    52.083333333333336,
    47.61666666666667,
    50.55,
    52.8,
    48.56666666666667,
    48.81666666666667,
    51.0,
    49.15,
    50.5,
    47.45,
    42.95,
    45.833333333333336,
    51.733333333333334,
    41.233333333333334,
    49.833333333333336,
    44.78333333333333,
    45.983333333333334,
    46.25,
    48.46666666666667,
    47.63333333333333,
    42.36666666666667,
    39.266666666666666,
    40.63333333333333,
    37.68333333333333,
    42.1,
    53.18333333333333,
    49.93333333333333,
    46.15,
    44.86666666666667,
    47.95,
    51.1,
    39.75,
    49.95,
    45.61666666666667,
    44.93333333333333,
    36.36666666666667,
    51.11666666666667,
    41.06666666666667,
    46.25,
    44.63333333333333,
    40.733333333333334,
    44.61666666666667,
    38.53333333333333,
    41.45,
    48.733333333333334,
    48.38333333333333,
    40.86666666666667,
    51.03333333333333,
    38.96666666666667,
    46.05,
    35.5
  ],
  "task_rank": [
    203.79428100585938,
    257.88372802734375,
    247.84866333007812,
    200.28497314453125,
    125.3114242553711,
    60.01393508911133,
    45.05542755126953,
    22.112567901611328,
    27.791921615600586,
    30.34197425842285,
    31.0494384765625,
    34.183799743652344,
    26.21746063232422,
    36.221866607666016,
    22.46866798400879,
    22.95548439025879,
    22.233919143676758,
    23.624969482421875,
    17.51759147644043,
    17.180349349975586,
    21.937288284301758,
    17.65903091430664,
    21.158370971679688,
    18.538848876953125,
    18.78351402282715,
    15.049912452697754,
    24.070209503173828,
    20.62982177734375,
    13.30509090423584,
    19.889305114746094,
    12.327496528625488,
    16.331295013427734,
    13.262299537658691,
    13.034473419189453,
    14.396591186523438,
    11.136465072631836,
    18.864625930786133,
    15.330965042114258,
    13.377217292785645,
    8.719368934631348,
    19.91423988342285,
    13.251546859741211,
    10.111356735229492,
    12.662270545959473,
    15.489160537719727,
    18.744190216064453,
    13.812686920166016,
    12.13449478149414,
    16.637664794921875,
    9.272503852844238,
    17.458145141601562,
    10.303631782531738,
    9.08414077758789,
    9.25044059753418,
    21.874794006347656,
    12.117684364318848,
    14.966382026672363,
    15.351293563842773,
    18.283546447753906,
    21.265056610107422,
    18.005207061767578,
    17.538461685180664,
    22.556787490844727,
    22.29543685913086,
    6.880903244018555,
    21.736934661865234,
    14.973213195800781,
    9.709441184997559,
    16.14084243774414,
    14.312494277954102,
    14.053120613098145,
    10.84644889831543,
    23.06631088256836,
    24.158157348632812,
    13.810529708862305,
    13.909283638000488,
    18.293846130371094,
    14.640402793884277,
    19.476682662963867,
    10.444642066955566
  ],
  "forget_avg": null
}