{
  "method": "ptc_adamo",
  "seed": 0,
  "early_acc": 58.77333333333333,
  "late_acc": 75.625,
  "plasticity_drop": -16.851666666666667,
  "late_rank": 137.34851989746093,
  "mean_acc": 74.50562500000001,
  "task_acc": [
    40.81666666666667,
    56.88333333333333,
    63.016666666666666,
    64.78333333333333,
    68.36666666666666,
    69.16666666666667,
    71.1,
    73.75,
    72.25,
    72.68333333333334,
    73.25,
    77.23333333333333,
    74.36666666666666,
    75.66666666666667,
    75.38333333333334,
    73.98333333333333,
    75.63333333333334,
    74.93333333333334,
    73.11666666666666,
    75.6,
    75.6,
    74.18333333333334,
    74.46666666666667,
    73.5,
    76.18333333333334,
    75.86666666666666,
    76.1,
    75.93333333333334,
    75.75,
    76.85,
    76.31666666666666,
    76.78333333333333,
    74.55,
    76.35,
    77.35,
    76.05,
    75.51666666666667,
    74.45,
    76.65,
    75.35,
    74.16666666666667,
    77.03333333333333,
    77.48333333333333,
    74.3,
    76.76666666666667,
    75.73333333333333,
    75.61666666666666,
    76.1,
    75.86666666666666,
    76.58333333333333,
    76.63333333333334,
    76.86666666666666,
    76.55,
    74.83333333333333,
    76.61666666666666,
    75.05,
    77.15,
    75.0,
    76.23333333333333,
    78.2,
    78.38333333333334,
    76.36666666666666,
    77.08333333333333,
    77.03333333333333,
    77.2,
    77.46666666666667,
    75.61666666666666,
    76.58333333333333,
    74.0,
    75.9,
    74.9,
    75.23333333333333,
    78.21666666666667,
    77.5,
    77.93333333333334,
    73.48333333333333,
    76.43333333333334,
    74.36666666666666,
    73.65,
    74.53333333333333
  ],
  "task_rank": [
    53.15041732788086,
    39.371070861816406,
    50.05330276489258,
    59.231773376464844,
    70.11260223388672,
    75.97496032714844,
    83.32427978515625,
    92.22317504882812,
    99.28199768066406,
    106.76437377929688,
    110.59237670898438,
    110.42665100097656,
    117.33014678955078,
    124.17057800292969,
    115.8392562866211,
    126.99063873291016,
    125.91445922851562,
    132.14837646484375,
    132.10768127441406,
    132.23158264160156,
    132.13510131835938,
    138.0,
    136.525390625,
    136.812255859375,
    142.75625610351562,
    131.76318359375,
    145.72537231445312,
    137.07240295410156,
    135.32904052734375,
    135.52671813964844,
    141.1363067626953,
    134.96505737304688,
    138.0411376953125,
    133.35585021972656,
    139.42750549316406,
    138.01690673828125,
    137.99171447753906,
    134.41836547851562,
    132.12425231933594,
    136.40325927734375,
    138.5343780517578,
    141.79852294921875,
    138.02796936035156,
    138.02554321289062,
    138.29815673828125,
    139.9622039794922,
    141.80906677246094,
    141.3278350830078,
    137.37747192382812,
    135.6775665283203,
    140.8568878173828,
    137.48861694335938,
    137.0507049560547,
    139.4007110595703,
    139.75086975097656,
    139.52633666992188,
    141.0973358154297,
    137.95053100585938,
    140.9389190673828,
    140.8760223388672,
    133.99127197265625,
    139.2340545654297,
    139.10272216796875,
    144.27099609375,
    140.69960021972656,
    137.10064697265625,
    134.99429321289062,
    138.9424285888672,
    133.6885223388672,
    138.2916259765625,
    141.10885620117188,
    140.1638946533203,
    136.9249725341797,
    137.57943725585938,
    137.8105010986328,
    136.6881103515625,
    136.88417053222656,
    138.2818145751953,
    135.9989776611328,
    132.04446411132812
  ],
  "forget_avg": null
}