{
  "method": "ptc",
  "seed": 1,
  "early_acc": 56.71666666666666,
  "late_acc": 72.91,
  "plasticity_drop": -16.193333333333335,
  "late_rank": 112.39101943969726,
  "mean_acc": 71.045625,
  "task_acc": [
    45.983333333333334,
    53.1,
    60.416666666666664,
    61.516666666666666,
    62.56666666666667,
    66.0,
    64.13333333333334,
    62.983333333333334,
    67.95,
    68.88333333333334,
    67.05,
    69.95,
    65.03333333333333,
    69.86666666666666,
    72.3,
    72.93333333333334,
    70.28333333333333,
    71.91666666666667,
    71.81666666666666,
    73.41666666666667,
    72.65,
    69.01666666666667,
    71.3,
    72.65,
    70.26666666666667,
    74.71666666666667,
    71.58333333333333,
    70.16666666666667,
    73.76666666666667,
    72.33333333333333,
    73.55,
    75.13333333333334,
    71.9,
    71.73333333333333,
    74.91666666666667,
    71.86666666666666,
    71.85,
    72.95,
    72.88333333333334,
    75.7,
    74.4,
    70.56666666666666,
    72.3,
    72.73333333333333,
    72.2,
    73.08333333333333,
    74.2,
    73.01666666666667,
    75.31666666666666,
    68.88333333333334,
    72.1,
    72.85,
    71.33333333333333,
    72.51666666666667,
    74.36666666666666,
    73.41666666666667,
    72.68333333333334,
    72.73333333333333,
    71.48333333333333,
    75.01666666666667,
    70.86666666666666,
    72.6,
    70.8,
    71.56666666666666,
    74.36666666666666,
    73.8,
    74.35,
    72.53333333333333,
    73.91666666666667,
    75.51666666666667,
    72.45,
    73.46666666666667,
    69.65,
    75.56666666666666,
    70.28333333333333,
    71.81666666666666,
    75.03333333333333,
    73.6,
    73.35,
    73.88333333333334
  ],
  "task_rank": [
    43.60645294189453,
    30.16451644897461,
    35.914546966552734,
    41.9560546875,
    47.634727478027344,
    52.34492492675781,
    55.89714431762695,
    60.81319046020508,
    66.68424987792969,
    66.80038452148438,
    72.1875991821289,
    73.61895751953125,
    79.18653106689453,
    75.20947265625,
    83.45323181152344,
    82.53235626220703,
    87.91913604736328,
    80.8387222290039,
    87.65274810791016,
    86.80519104003906,
    89.15602111816406,
    90.51741790771484,
    93.22608184814453,
    92.60221862792969,
    96.95743560791016,
    94.82122802734375,
    99.14423370361328,
    99.1727523803711,
    96.28065490722656,
    93.7906494140625,
    96.48567962646484,
    98.75205993652344,
    98.29344940185547,
    102.46554565429688,
    102.60449981689453,
    103.67080688476562,
    102.88959503173828,
    105.64160919189453,
    107.51726531982422,
    107.32610321044922,
    107.46118927001953,
    107.22022247314453,
    106.73998260498047,
    106.43022155761719,
    110.66432189941406,
    104.71273803710938,
    107.4376220703125,
    106.65740966796875,
    109.69322967529297,
    107.47943878173828,
    105.49451446533203,
    107.42220306396484,
    108.00238037109375,
    107.15776062011719,
    107.93473052978516,
    108.08341979980469,
    110.60565948486328,
    110.27767944335938,
    105.28095245361328,
    107.86470794677734,
    110.26553344726562,
    114.7588119506836,
    108.41180419921875,
    105.35919189453125,
    105.38953399658203,
    103.29495239257812,
    113.97233581542969,
    108.0045394897461,
    106.21855163574219,
    112.10193634033203,
    110.73680114746094,
    112.12364196777344,
    113.37181854248047,
    116.74055480957031,
    113.52366638183594,
    112.53440856933594,
    114.66478729248047,
    107.91996002197266,
    109.94181060791016,
    112.35274505615234
  ],
  "forget_avg": null
}