{
  "method": "ptc_muon",
  "seed": 0,
  "early_acc": 79.07333333333334,
  "late_acc": 38.67833333333333,
  "plasticity_drop": 40.39500000000001,
  "late_rank": 13.628590297698974,
  "mean_acc": 51.32458333333333,
  "task_acc": [
    77.6,
    82.18333333333334,
    80.91666666666667,
    78.61666666666666,
    76.05,
    71.66666666666667,
    68.7,
    70.06666666666666,
    66.75,
    65.08333333333333,
    64.28333333333333,
    65.48333333333333,
    62.46666666666667,
    65.2,
    59.63333333333333,
    60.6,
    58.11666666666667,
    58.7,
    55.65,
    57.46666666666667,
    56.78333333333333,
    54.86666666666667,
    57.78333333333333,
    54.3,
    56.75,
    54.4,
    58.766666666666666,
    59.71666666666667,
    56.05,
    57.78333333333333,
    55.53333333333333,
    53.68333333333333,
    52.75,
    46.18333333333333,
    48.31666666666667,
    52.86666666666667,
    58.8,
    49.13333333333333,
    49.45,
    52.18333333333333,
    50.63333333333333,
    43.266666666666666,
    47.45,
    45.7,
    43.45,
    47.68333333333333,
    43.516666666666666,
    39.05,
    43.983333333333334,
    46.016666666666666,
    38.93333333333333,
    46.36666666666667,
    43.4,
    43.03333333333333,
    42.15,
    33.65,
    48.083333333333336,
    44.45,
    45.8,
    43.9,
    36.38333333333333,
    35.5,
    41.43333333333333,
    42.233333333333334,
    43.733333333333334,
    39.78333333333333,
    39.666666666666664,
    36.68333333333333,
    41.56666666666667,
    50.35,
    35.416666666666664,
    43.266666666666666,
    35.75,
    35.516666666666666,
    30.066666666666666,
    41.45,
    41.18333333333333,
    45.766666666666666,
    45.11666666666667,
    33.25
  ],
  "task_rank": [
    210.34542846679688,
    267.88916015625,
    259.2425231933594,
    188.37449645996094,
    114.45938873291016,
    66.23775482177734,
    48.4100341796875,
    48.661312103271484,
    49.60303497314453,
    33.526126861572266,
    32.10947036743164,
    32.137481689453125,
    29.81857681274414,
    25.50387191772461,
    19.51393699645996,
    23.80406379699707,
    18.580961227416992,
    16.71434783935547,
    21.92133331298828,
    18.115921020507812,
    19.030942916870117,
    27.73227882385254,
    20.052459716796875,
    20.508804321289062,
    21.028594970703125,
    22.450851440429688,
    20.57712745666504,
    19.102352142333984,
    16.460180282592773,
    20.976802825927734,
    18.432552337646484,
    18.853111267089844,
    14.542878150939941,
    12.716041564941406,
    15.462034225463867,
    22.480682373046875,
    16.0357723236084,
    17.409011840820312,
    18.89731216430664,
    12.9622220993042,
    19.327159881591797,
    16.600276947021484,
    23.46176528930664,
    13.686753273010254,
    9.123329162597656,
    14.154953956604004,
    12.785923957824707,
    9.730364799499512,
    5.89601469039917,
    12.530038833618164,
    9.693693161010742,
    10.620213508605957,
    8.635213851928711,
    11.080699920654297,
    10.31523323059082,
    12.210118293762207,
    15.139859199523926,
    12.505950927734375,
    14.909640312194824,
    12.927443504333496,
    15.427685737609863,
    10.911561965942383,
    14.026031494140625,
    20.49633026123047,
    12.13852310180664,
    13.007139205932617,
    16.968143463134766,
    9.80533504486084,
    15.955206871032715,
    18.858776092529297,
    12.322704315185547,
    17.93486213684082,
    12.86373519897461,
    7.13884973526001,
    17.038827896118164,
    11.94697093963623,
    16.39833641052246,
    16.742341995239258,
    16.112838745117188,
    7.786435604095459
  ],
  "forget_avg": null
}