{
  "method": "ptc_adamo",
  "seed": 3,
  "early_acc": 62.766666666666666,
  "late_acc": 76.76666666666668,
  "plasticity_drop": -14.000000000000014,
  "late_rank": 141.01608276367188,
  "mean_acc": 75.03854166666666,
  "task_acc": [
    54.43333333333333,
    60.233333333333334,
    61.88333333333333,
    68.06666666666666,
    69.21666666666667,
    69.13333333333334,
    73.56666666666666,
    72.6,
    73.3,
    73.95,
    73.01666666666667,
    74.46666666666667,
    75.4,
    75.21666666666667,
    75.35,
    73.86666666666666,
    77.45,
    74.5,
    74.36666666666666,
    74.06666666666666,
    75.28333333333333,
    76.41666666666667,
    75.86666666666666,
    76.05,
    74.21666666666667,
    75.35,
    75.68333333333334,
    74.1,
    76.75,
    77.21666666666667,
    77.68333333333334,
    76.93333333333334,
    74.21666666666667,
    78.26666666666667,
    75.86666666666666,
    76.51666666666667,
    77.05,
    75.18333333333334,
    76.88333333333334,
    76.41666666666667,
    76.66666666666667,
    76.93333333333334,
    75.55,
    76.63333333333334,
    74.61666666666666,
    76.01666666666667,
    75.45,
    74.96666666666667,
    77.88333333333334,
    75.68333333333334,
    77.35,
    75.31666666666666,
    76.71666666666667,
    76.38333333333334,
    76.51666666666667,
    74.5,
    75.48333333333333,
    76.88333333333334,
    77.01666666666667,
    78.63333333333334,
    77.15,
    76.7,
    76.26666666666667,
    74.93333333333334,
    76.95,
    75.58333333333333,
    76.96666666666667,
    75.65,
    76.81666666666666,
    77.16666666666667,
    78.13333333333334,
    78.28333333333333,
    75.38333333333334,
    77.41666666666667,
    75.8,
    74.65,
    76.95,
    79.03333333333333,
    74.61666666666666,
    77.4
  ],
  "task_rank": [
    57.231170654296875,
    41.625701904296875,
    53.54853820800781,
    61.663177490234375,
    72.82943725585938,
    81.53251647949219,
    87.79303741455078,
    96.15531158447266,
    103.05107879638672,
    104.63517761230469,
    116.59607696533203,
    114.14556121826172,
    122.09554290771484,
    118.43440246582031,
    126.33966064453125,
    128.93991088867188,
    125.39378356933594,
    133.62619018554688,
    133.6958465576172,
    135.1133575439453,
    134.85537719726562,
    134.3337860107422,
    135.28941345214844,
    145.73008728027344,
    133.83534240722656,
    142.81031799316406,
    134.2563018798828,
    137.5888214111328,
    134.188720703125,
    140.9604949951172,
    139.13687133789062,
    141.8765106201172,
    141.7924346923828,
    134.2536163330078,
    138.8818817138672,
    140.3287353515625,
    135.380859375,
    143.33453369140625,
    140.0067138671875,
    144.2666778564453,
    138.0421142578125,
    137.34622192382812,
    138.15966796875,
    138.2885284423828,
    141.74044799804688,
    137.33738708496094,
    137.03260803222656,
    139.31326293945312,
    137.8311309814453,
    142.4409637451172,
    138.9560089111328,
    135.0091552734375,
    136.0437774658203,
    139.54017639160156,
    138.99490356445312,
    140.0127410888672,
    143.9704132080078,
    137.71905517578125,
    137.99105834960938,
    141.20523071289062,
    143.31663513183594,
    135.4289093017578,
    137.6800537109375,
    139.48788452148438,
    141.65545654296875,
    134.82200622558594,
    140.88368225097656,
    140.95901489257812,
    141.16322326660156,
    144.6634521484375,
    142.51991271972656,
    138.93222045898438,
    136.93353271484375,
    139.5872344970703,
    141.1110076904297,
    144.88754272460938,
    140.67637634277344,
    141.36685180664062,
    142.57638549804688,
    141.56976318359375
  ],
  "forget_avg": null
}