{
  "method": "ptc_muon",
  "seed": 2,
  "early_acc": 72.33333333333333,
  "late_acc": 72.225,
  "plasticity_drop": 0.10833333333333428,
  "late_rank": 235.41627197265626,
  "mean_acc": 73.32354166666667,
  "task_acc": [
    62.68333333333333,
    73.93333333333334,
    75.08333333333333,
    75.36666666666666,
    74.6,
    73.11666666666666,
    75.4,
    74.33333333333333,
    74.91666666666667,
    76.91666666666667,
    76.55,
    72.45,
    75.88333333333334,
    71.95,
    75.58333333333333,
    74.96666666666667,
    74.36666666666666,
    76.93333333333334,
    72.65,
    73.55,
    72.31666666666666,
    72.68333333333334,
    71.1,
    75.56666666666666,
    74.4,
    71.11666666666666,
    74.48333333333333,
    74.9,
    72.6,
    74.31666666666666,
    72.68333333333334,
    75.31666666666666,
    72.26666666666667,
    74.36666666666666,
    72.68333333333334,
    73.66666666666667,
    74.05,
    73.11666666666666,
    72.08333333333333,
    73.76666666666667,
    74.11666666666666,
    73.38333333333334,
    74.28333333333333,
    75.26666666666667,
    72.85,
    74.16666666666667,
    69.55,
    75.3,
    71.8,
    72.73333333333333,
    74.45,
    74.7,
    72.23333333333333,
    74.1,
    75.25,
    72.26666666666667,
    72.03333333333333,
    71.7,
    73.86666666666666,
    75.18333333333334,
    71.46666666666667,
    72.28333333333333,
    73.76666666666667,
    72.56666666666666,
    73.33333333333333,
    73.43333333333334,
    71.93333333333334,
    72.73333333333333,
    71.8,
    72.36666666666666,
    72.95,
    72.7,
    73.85,
    70.6,
    74.35,
    71.91666666666667,
    71.81666666666666,
    69.56666666666666,
    73.45,
    71.05
  ],
  "task_rank": [
    58.603370666503906,
    57.19245910644531,
    86.55657958984375,
    105.41365814208984,
    117.50069427490234,
    132.00543212890625,
    145.34278869628906,
    153.34730529785156,
    166.94435119628906,
    168.00950622558594,
    177.288818359375,
    188.93429565429688,
    186.36477661132812,
    196.4028778076172,
    200.2850799560547,
    196.84963989257812,
    203.9539031982422,
    202.45782470703125,
    212.76788330078125,
    214.5605010986328,
    213.4000701904297,
    212.791015625,
    219.87008666992188,
    219.5501251220703,
    223.06263732910156,
    218.45237731933594,
    218.98825073242188,
    222.78488159179688,
    214.76124572753906,
    224.45578002929688,
    222.17604064941406,
    230.2178192138672,
    228.91661071777344,
    225.49160766601562,
    223.40049743652344,
    225.59120178222656,
    226.90966796875,
    237.5787353515625,
    228.62554931640625,
    235.39166259765625,
    234.49957275390625,
    235.0826416015625,
    233.9753875732422,
    235.1780548095703,
    236.95985412597656,
    227.4744110107422,
    236.87026977539062,
    227.68775939941406,
    229.0968780517578,
    231.6970672607422,
    220.68295288085938,
    227.08316040039062,
    228.85635375976562,
    235.79574584960938,
    231.25765991210938,
    234.07147216796875,
    236.3662567138672,
    230.22418212890625,
    231.18588256835938,
    235.00497436523438,
    240.65219116210938,
    232.5125274658203,
    233.71324157714844,
    240.77154541015625,
    233.2347412109375,
    233.48255920410156,
    241.1371612548828,
    241.2351531982422,
    242.8182830810547,
    245.3509979248047,
    237.6011505126953,
    240.5741729736328,
    233.04798889160156,
    244.603515625,
    231.25643920898438,
    232.6893310546875,
    236.4998779296875,
    239.98159790039062,
    222.20889282226562,
    235.6997528076172
  ],
  "forget_avg": null
}