{
  "method": "ptc_adamo",
  "seed": 4,
  "early_acc": 59.56666666666666,
  "late_acc": 76.30666666666666,
  "plasticity_drop": -16.739999999999995,
  "late_rank": 140.10042419433594,
  "mean_acc": 74.778125,
  "task_acc": [
    48.15,
    56.63333333333333,
    58.13333333333333,
    63.81666666666667,
    71.1,
    70.38333333333334,
    71.5,
    73.75,
    71.76666666666667,
    72.23333333333333,
    71.85,
    72.8,
    74.43333333333334,
    75.13333333333334,
    74.65,
    74.35,
    72.9,
    74.25,
    77.11666666666666,
    76.0,
    76.58333333333333,
    77.05,
    78.21666666666667,
    76.9,
    75.01666666666667,
    74.1,
    76.31666666666666,
    76.26666666666667,
    76.7,
    76.5,
    76.3,
    75.75,
    77.53333333333333,
    77.55,
    77.81666666666666,
    75.51666666666667,
    74.51666666666667,
    75.01666666666667,
    76.35,
    75.2,
    76.86666666666666,
    76.55,
    77.03333333333333,
    77.2,
    74.6,
    74.61666666666666,
    76.6,
    74.35,
    75.46666666666667,
    76.43333333333334,
    76.31666666666666,
    76.3,
    77.93333333333334,
    74.01666666666667,
    77.25,
    77.36666666666666,
    77.55,
    76.76666666666667,
    77.0,
    76.63333333333334,
    76.33333333333333,
    76.55,
    75.86666666666666,
    79.08333333333333,
    77.25,
    74.66666666666667,
    76.91666666666667,
    77.1,
    77.76666666666667,
    74.65,
    76.46666666666667,
    76.68333333333334,
    76.05,
    75.66666666666667,
    74.8,
    77.5,
    75.86666666666666,
    76.76666666666667,
    77.41666666666667,
    75.85
  ],
  "task_rank": [
    56.729957580566406,
    40.928585052490234,
    55.413963317871094,
    61.97067642211914,
    73.23674774169922,
    83.4581298828125,
    87.04322814941406,
    94.58424377441406,
    101.65579223632812,
    109.04718017578125,
    115.74659729003906,
    117.12662506103516,
    120.77647399902344,
    121.74852752685547,
    127.0078353881836,
    125.3649673461914,
    127.7744369506836,
    134.66896057128906,
    130.91983032226562,
    133.76242065429688,
    130.00845336914062,
    139.93063354492188,
    135.58985900878906,
    137.62733459472656,
    140.71449279785156,
    132.99046325683594,
    143.2240753173828,
    145.7611541748047,
    136.3590850830078,
    141.5009307861328,
    142.25241088867188,
    140.1498565673828,
    145.083740234375,
    135.6683807373047,
    140.28111267089844,
    145.93243408203125,
    144.24830627441406,
    142.41053771972656,
    138.26861572265625,
    142.55050659179688,
    138.25779724121094,
    145.61874389648438,
    141.74951171875,
    140.9053955078125,
    139.89573669433594,
    142.25193786621094,
    143.28274536132812,
    145.10629272460938,
    141.35614013671875,
    140.8533172607422,
    139.44639587402344,
    145.3678741455078,
    139.680908203125,
    140.48687744140625,
    137.6037139892578,
    141.97450256347656,
    138.00125122070312,
    136.88763427734375,
    141.18772888183594,
    144.6831817626953,
    138.38893127441406,
    136.22483825683594,
    142.27540588378906,
    139.19302368164062,
    140.0448455810547,
    142.69296264648438,
    133.6683807373047,
    140.86151123046875,
    135.64593505859375,
    136.3037109375,
    138.39883422851562,
    137.01576232910156,
    139.8310546875,
    140.56809997558594,
    140.4757537841797,
    144.48455810546875,
    140.4696044921875,
    139.0059814453125,
    140.59249877929688,
    140.16209411621094
  ],
  "forget_avg": null
}