{
  "method": "ptc",
  "seed": 4,
  "early_acc": 55.92333333333333,
  "late_acc": 73.75166666666668,
  "plasticity_drop": -17.828333333333347,
  "late_rank": 107.84270629882812,
  "mean_acc": 71.28895833333334,
  "task_acc": [
    46.416666666666664,
    53.833333333333336,
    57.25,
    59.88333333333333,
    62.233333333333334,
    64.46666666666667,
    62.583333333333336,
    66.03333333333333,
    64.1,
    67.88333333333334,
    67.45,
    69.18333333333334,
    70.88333333333334,
    70.06666666666666,
    74.43333333333334,
    72.46666666666667,
    68.5,
    69.73333333333333,
    73.01666666666667,
    74.73333333333333,
    73.6,
    72.41666666666667,
    75.03333333333333,
    74.2,
    71.16666666666667,
    71.4,
    71.5,
    73.33333333333333,
    72.83333333333333,
    71.75,
    70.48333333333333,
    69.73333333333333,
    72.93333333333334,
    74.53333333333333,
    75.15,
    75.4,
    72.73333333333333,
    72.96666666666667,
    73.6,
    71.91666666666667,
    71.88333333333334,
    71.45,
    72.48333333333333,
    73.36666666666666,
    73.78333333333333,
    68.53333333333333,
    72.03333333333333,
    74.88333333333334,
    71.31666666666666,
    73.2,
    72.53333333333333,
    73.01666666666667,
    71.45,
    69.33333333333333,
    73.0,
    73.45,
    76.03333333333333,
    73.55,
    75.26666666666667,
    74.26666666666667,
    75.91666666666667,
    73.41666666666667,
    75.91666666666667,
    73.01666666666667,
    74.73333333333333,
    72.1,
    73.96666666666667,
    75.83333333333333,
    74.08333333333333,
    69.95,
    74.1,
    74.43333333333334,
    72.1,
    74.46666666666667,
    72.76666666666667,
    73.33333333333333,
    74.73333333333333,
    74.16666666666667,
    71.08333333333333,
    76.33333333333333
  ],
  "task_rank": [
    46.07715606689453,
    29.52728271484375,
    38.234947204589844,
    42.46864700317383,
    51.79685974121094,
    56.525978088378906,
    59.03917694091797,
    63.05592346191406,
    67.51899719238281,
    70.36402893066406,
    74.53219604492188,
    79.96873474121094,
    85.0328369140625,
    82.23046875,
    86.05631256103516,
    86.09587860107422,
    89.75093078613281,
    95.94123840332031,
    92.56257629394531,
    93.57131958007812,
    86.89800262451172,
    94.90654754638672,
    97.1619644165039,
    96.18502044677734,
    100.21241760253906,
    93.89823150634766,
    98.21698760986328,
    104.34246063232422,
    97.71770477294922,
    102.45074462890625,
    101.96212005615234,
    101.99708557128906,
    102.10184478759766,
    100.23373413085938,
    102.87242126464844,
    106.3507308959961,
    99.52449798583984,
    101.454345703125,
    102.2381591796875,
    104.64840698242188,
    108.22126770019531,
    105.6526870727539,
    105.29138946533203,
    104.45237731933594,
    106.23461151123047,
    107.67938995361328,
    107.26644134521484,
    108.94535827636719,
    106.52063751220703,
    107.4754409790039,
    105.40602111816406,
    110.38883972167969,
    109.58161163330078,
    113.02436828613281,
    105.42411804199219,
    105.12828826904297,
    110.26763153076172,
    107.3185806274414,
    101.53478240966797,
    110.12796783447266,
    110.70259094238281,
    105.10092163085938,
    107.12005615234375,
    107.79462432861328,
    110.02298736572266,
    107.23627471923828,
    109.3470458984375,
    111.39446258544922,
    111.1475830078125,
    108.20403289794922,
    105.5899429321289,
    106.50291442871094,
    112.45935821533203,
    110.32848358154297,
    107.0740966796875,
    111.02373504638672,
    111.82063293457031,
    110.18952941894531,
    99.4643325805664,
    103.97403717041016
  ],
  "forget_avg": null
}