{
  "method": "ptc",
  "seed": 2,
  "early_acc": 54.239999999999995,
  "late_acc": 73.36166666666666,
  "plasticity_drop": -19.12166666666667,
  "late_rank": 107.43855514526368,
  "mean_acc": 71.14083333333333,
  "task_acc": [
    40.53333333333333,
    51.7,
    58.93333333333333,
    61.05,
    58.983333333333334,
    60.78333333333333,
    64.05,
    64.68333333333334,
    65.86666666666666,
    64.2,
    69.78333333333333,
    67.8,
    68.13333333333334,
    71.56666666666666,
    71.61666666666666,
    71.76666666666667,
    71.46666666666667,
    74.33333333333333,
    68.46666666666667,
    71.2,
    73.23333333333333,
    72.88333333333334,
    68.9,
    71.6,
    72.8,
    73.55,
    72.28333333333333,
    72.0,
    73.18333333333334,
    75.13333333333334,
    74.73333333333333,
    72.31666666666666,
    73.66666666666667,
    74.11666666666666,
    70.98333333333333,
    75.51666666666667,
    72.58333333333333,
    72.48333333333333,
    72.9,
    73.6,
    73.33333333333333,
    75.78333333333333,
    74.55,
    74.43333333333334,
    73.21666666666667,
    74.1,
    72.13333333333334,
    75.91666666666667,
    74.36666666666666,
    74.48333333333333,
    73.18333333333334,
    74.4,
    72.68333333333334,
    71.83333333333333,
    72.8,
    70.46666666666667,
    71.8,
    72.15,
    74.31666666666666,
    75.65,
    72.95,
    73.85,
    71.98333333333333,
    73.03333333333333,
    75.13333333333334,
    76.63333333333334,
    67.31666666666666,
    74.18333333333334,
    74.36666666666666,
    71.21666666666667,
    75.88333333333334,
    71.38333333333334,
    74.38333333333334,
    72.0,
    73.6,
    73.0,
    72.55,
    71.7,
    76.16666666666667,
    72.95
  ],
  "task_rank": [
    41.31697463989258,
    29.17463493347168,
    37.78677749633789,
    42.2881965637207,
    46.5594367980957,
    47.90080642700195,
    53.907691955566406,
    57.40787124633789,
    63.20469284057617,
    68.6903076171875,
    69.58871459960938,
    77.66136169433594,
    76.37520599365234,
    73.88968658447266,
    79.17535400390625,
    81.26644134521484,
    84.37203979492188,
    85.61006927490234,
    90.5861587524414,
    90.5198745727539,
    92.12547302246094,
    89.50646209716797,
    94.67896270751953,
    94.93392944335938,
    96.83795166015625,
    96.10021209716797,
    94.85437774658203,
    103.83843231201172,
    95.07450103759766,
    101.3505859375,
    100.17754364013672,
    102.70269012451172,
    97.87187194824219,
    101.17414093017578,
    102.58997344970703,
    106.54151916503906,
    103.05333709716797,
    105.93372344970703,
    102.9578628540039,
    106.3680648803711,
    106.1797103881836,
    106.54278564453125,
    106.9808578491211,
    103.70552062988281,
    103.34673309326172,
    103.8058090209961,
    106.77531433105469,
    106.81645965576172,
    105.58499908447266,
    108.01468658447266,
    108.86258697509766,
    111.7726058959961,
    107.70414733886719,
    108.0565185546875,
    108.82635498046875,
    107.16976928710938,
    109.43722534179688,
    106.58648681640625,
    105.91549682617188,
    110.39521789550781,
    105.34979248046875,
    107.2232894897461,
    108.31806945800781,
    110.25543975830078,
    107.36873626708984,
    109.8186264038086,
    104.3735122680664,
    100.4501953125,
    110.90674591064453,
    111.53742980957031,
    109.29251098632812,
    106.28578186035156,
    107.64956665039062,
    107.6469497680664,
    108.21373748779297,
    105.14488220214844,
    109.3778076171875,
    107.00039672851562,
    104.95939636230469,
    108.81452178955078
  ],
  "forget_avg": null
}