{
  "method": "ptc_muon",
  "seed": 1,
  "early_acc": 81.26,
  "late_acc": 74.05833333333334,
  "plasticity_drop": 7.201666666666668,
  "late_rank": 161.26361236572265,
  "mean_acc": 76.91708333333334,
  "task_acc": [
    76.08333333333333,
    83.51666666666667,
    82.45,
    82.08333333333333,
    82.16666666666667,
    81.73333333333333,
    79.81666666666666,
    81.26666666666667,
    82.21666666666667,
    80.43333333333334,
    80.36666666666666,
    81.06666666666666,
    79.71666666666667,
    80.81666666666666,
    80.13333333333334,
    80.36666666666666,
    78.21666666666667,
    78.73333333333333,
    79.73333333333333,
    77.73333333333333,
    80.4,
    78.58333333333333,
    78.26666666666667,
    78.8,
    77.7,
    76.78333333333333,
    79.73333333333333,
    76.91666666666667,
    77.55,
    77.33333333333333,
    78.45,
    78.05,
    77.56666666666666,
    78.55,
    76.05,
    78.08333333333333,
    75.01666666666667,
    75.18333333333334,
    75.95,
    75.55,
    77.08333333333333,
    74.9,
    76.35,
    75.31666666666666,
    75.71666666666667,
    74.73333333333333,
    75.8,
    77.45,
    77.15,
    75.8,
    75.21666666666667,
    75.03333333333333,
    74.26666666666667,
    74.86666666666666,
    75.48333333333333,
    73.83333333333333,
    74.43333333333334,
    74.1,
    75.38333333333334,
    74.8,
    74.96666666666667,
    75.4,
    73.71666666666667,
    73.8,
    74.28333333333333,
    77.01666666666667,
    74.25,
    74.96666666666667,
    73.66666666666667,
    73.83333333333333,
    73.65,
    75.93333333333334,
    74.11666666666666,
    74.38333333333334,
    74.16666666666667,
    74.6,
    72.23333333333333,
    74.76666666666667,
    73.63333333333334,
    73.1
  ],
  "task_rank": [
    90.82589721679688,
    128.8960723876953,
    160.43922424316406,
    187.7209930419922,
    204.49630737304688,
    224.00958251953125,
    236.03355407714844,
    238.16717529296875,
    247.73782348632812,
    257.0789489746094,
    249.57933044433594,
    253.11767578125,
    248.28871154785156,
    244.9547119140625,
    250.1730499267578,
    249.0416259765625,
    247.35658264160156,
    238.84408569335938,
    233.95777893066406,
    232.24581909179688,
    242.7870330810547,
    227.32510375976562,
    230.1620635986328,
    217.21974182128906,
    218.05897521972656,
    222.8486328125,
    214.15972900390625,
    212.93087768554688,
    212.86367797851562,
    205.69325256347656,
    206.23439025878906,
    190.64097595214844,
    195.51361083984375,
    188.06753540039062,
    190.632080078125,
    207.579833984375,
    193.38734436035156,
    189.0657958984375,
    183.00120544433594,
    174.4970245361328,
    168.87350463867188,
    166.49916076660156,
    171.67221069335938,
    181.84844970703125,
    175.64988708496094,
    176.01930236816406,
    195.46485900878906,
    167.8062286376953,
    172.67678833007812,
    157.20556640625,
    170.51683044433594,
    172.08505249023438,
    190.1586151123047,
    194.2935333251953,
    159.7261962890625,
    174.02969360351562,
    183.2294464111328,
    181.22682189941406,
    162.25474548339844,
    170.8744659423828,
    154.85882568359375,
    153.30592346191406,
    149.18768310546875,
    168.06631469726562,
    167.14434814453125,
    147.15452575683594,
    147.76632690429688,
    165.34262084960938,
    160.2249298095703,
    167.24305725097656,
    166.3135528564453,
    166.54568481445312,
    138.5769805908203,
    174.76573181152344,
    157.3415985107422,
    161.4468536376953,
    166.75674438476562,
    153.98397827148438,
    162.67539978027344,
    164.22959899902344
  ],
  "forget_avg": null
}