{
  "method": "ptc_adamo",
  "seed": 1,
  "early_acc": 60.61666666666666,
  "late_acc": 75.83,
  "plasticity_drop": -15.213333333333338,
  "late_rank": 139.1044952392578,
  "mean_acc": 74.55125000000001,
  "task_acc": [
    46.93333333333333,
    56.03333333333333,
    63.8,
    68.28333333333333,
    68.03333333333333,
    70.65,
    70.7,
    71.66666666666667,
    73.1,
    74.28333333333333,
    74.18333333333334,
    74.33333333333333,
    72.1,
    72.48333333333333,
    74.68333333333334,
    74.63333333333334,
    74.16666666666667,
    75.01666666666667,
    73.96666666666667,
    76.96666666666667,
    77.33333333333333,
    77.11666666666666,
    74.46666666666667,
    73.6,
    73.78333333333333,
    75.1,
    76.78333333333333,
    76.58333333333333,
    76.55,
    76.6,
    77.01666666666667,
    76.06666666666666,
    76.55,
    76.26666666666667,
    76.41666666666667,
    77.28333333333333,
    75.61666666666666,
    75.73333333333333,
    75.05,
    75.0,
    77.4,
    75.53333333333333,
    75.86666666666666,
    75.05,
    73.55,
    76.3,
    75.96666666666667,
    76.26666666666667,
    76.86666666666666,
    75.41666666666667,
    76.06666666666666,
    75.46666666666667,
    77.25,
    77.25,
    75.03333333333333,
    75.81666666666666,
    76.43333333333334,
    75.05,
    75.66666666666667,
    75.23333333333333,
    74.38333333333334,
    77.33333333333333,
    75.48333333333333,
    76.03333333333333,
    76.51666666666667,
    76.91666666666667,
    76.98333333333333,
    75.93333333333334,
    76.7,
    77.1,
    74.76666666666667,
    76.21666666666667,
    74.38333333333334,
    74.63333333333334,
    77.81666666666666,
    75.85,
    77.63333333333334,
    76.3,
    76.78333333333333,
    73.91666666666667
  ],
  "task_rank": [
    53.8819694519043,
    43.53239822387695,
    53.73564147949219,
    60.50519943237305,
    70.96250915527344,
    78.50801086425781,
    86.523193359375,
    92.85819244384766,
    102.25395965576172,
    105.31980895996094,
    110.80694580078125,
    114.96382141113281,
    121.54312133789062,
    118.9710464477539,
    131.934326171875,
    131.3313751220703,
    133.23190307617188,
    128.6140899658203,
    139.20191955566406,
    131.27890014648438,
    135.33897399902344,
    137.49961853027344,
    137.47523498535156,
    136.51744079589844,
    137.64353942871094,
    138.14320373535156,
    137.25750732421875,
    142.98699951171875,
    134.37786865234375,
    133.31764221191406,
    138.98854064941406,
    139.60720825195312,
    137.30575561523438,
    137.91607666015625,
    141.2483367919922,
    140.7919464111328,
    140.5511474609375,
    140.62716674804688,
    139.6861114501953,
    141.13070678710938,
    136.46563720703125,
    138.9849090576172,
    139.31460571289062,
    135.90614318847656,
    139.90908813476562,
    135.037109375,
    143.8948516845703,
    135.8829345703125,
    140.00125122070312,
    137.69744873046875,
    138.52731323242188,
    133.8876190185547,
    137.38421630859375,
    138.7757568359375,
    137.49253845214844,
    136.87351989746094,
    143.41952514648438,
    138.9668731689453,
    134.53598022460938,
    135.73101806640625,
    134.9442138671875,
    138.0137481689453,
    136.4150848388672,
    138.5026092529297,
    134.6510467529297,
    136.51751708984375,
    139.82925415039062,
    140.1405029296875,
    139.4475860595703,
    141.90370178222656,
    134.2739715576172,
    140.31903076171875,
    140.1053009033203,
    135.5985870361328,
    139.5967559814453,
    141.2457733154297,
    142.453125,
    136.778076171875,
    134.26206970214844,
    146.41226196289062
  ],
  "forget_avg": null
}