{
  "method": "ptc_muon",
  "seed": 0,
  "early_acc": 80.71333333333334,
  "late_acc": 73.5,
  "plasticity_drop": 7.213333333333338,
  "late_rank": 158.32289276123046,
  "mean_acc": 76.79520833333333,
  "task_acc": [
    74.71666666666667,
    81.95,
    82.78333333333333,
    82.68333333333334,
    81.43333333333334,
    81.5,
    81.66666666666667,
    82.58333333333333,
    81.48333333333333,
    81.91666666666667,
    80.26666666666667,
    81.0,
    81.01666666666667,
    80.76666666666667,
    78.55,
    78.96666666666667,
    80.65,
    78.15,
    77.58333333333333,
    79.21666666666667,
    78.91666666666667,
    77.9,
    78.46666666666667,
    76.65,
    78.63333333333334,
    77.81666666666666,
    78.18333333333334,
    77.0,
    76.15,
    75.05,
    77.06666666666666,
    77.43333333333334,
    75.06666666666666,
    78.08333333333333,
    77.4,
    76.68333333333334,
    74.31666666666666,
    74.6,
    75.65,
    76.16666666666667,
    75.33333333333333,
    75.66666666666667,
    76.61666666666666,
    73.81666666666666,
    76.41666666666667,
    76.75,
    76.0,
    74.36666666666666,
    76.15,
    77.21666666666667,
    76.35,
    75.86666666666666,
    76.48333333333333,
    75.06666666666666,
    75.06666666666666,
    74.33333333333333,
    76.93333333333334,
    76.71666666666667,
    74.91666666666667,
    75.48333333333333,
    77.2,
    75.83333333333333,
    73.18333333333334,
    75.43333333333334,
    75.46666666666667,
    74.35,
    73.65,
    73.93333333333334,
    73.15,
    74.75,
    73.18333333333334,
    74.93333333333334,
    72.23333333333333,
    73.31666666666666,
    72.73333333333333,
    73.53333333333333,
    74.48333333333333,
    74.35,
    72.51666666666667,
    73.71666666666667
  ],
  "task_rank": [
    83.91563415527344,
    127.58782958984375,
    165.8761444091797,
    193.1519775390625,
    216.9025115966797,
    217.62283325195312,
    234.23672485351562,
    242.266845703125,
    246.22708129882812,
    245.84732055664062,
    251.478515625,
    253.87738037109375,
    250.34739685058594,
    250.0031280517578,
    239.9992218017578,
    242.79107666015625,
    245.61520385742188,
    245.04595947265625,
    255.14292907714844,
    227.6427001953125,
    240.51315307617188,
    232.4715118408203,
    226.02975463867188,
    220.78904724121094,
    210.0411376953125,
    191.43540954589844,
    196.95301818847656,
    198.44956970214844,
    184.4841766357422,
    190.29295349121094,
    206.93113708496094,
    187.81483459472656,
    195.3358154296875,
    179.943115234375,
    173.73194885253906,
    184.84890747070312,
    184.31455993652344,
    194.34402465820312,
    195.64697265625,
    176.3866424560547,
    193.33848571777344,
    188.26072692871094,
    196.56393432617188,
    184.2187042236328,
    186.4092254638672,
    185.74270629882812,
    181.12351989746094,
    167.92213439941406,
    185.53671264648438,
    162.28221130371094,
    166.66246032714844,
    165.86862182617188,
    155.11614990234375,
    152.28997802734375,
    144.46017456054688,
    160.69004821777344,
    151.156005859375,
    161.56700134277344,
    160.00083923339844,
    154.823974609375,
    147.7318115234375,
    149.6426544189453,
    182.79676818847656,
    159.711181640625,
    154.8210906982422,
    172.32080078125,
    151.20257568359375,
    162.62078857421875,
    165.80575561523438,
    159.87615966796875,
    166.2156524658203,
    162.08091735839844,
    168.4401092529297,
    156.87391662597656,
    167.72767639160156,
    145.74302673339844,
    163.3448944091797,
    149.42091369628906,
    154.1509552001953,
    149.23086547851562
  ],
  "forget_avg": null
}