{
  "method": "ptc",
  "seed": 3,
  "early_acc": 58.2,
  "late_acc": 72.94166666666666,
  "plasticity_drop": -14.74166666666666,
  "late_rank": 110.6455924987793,
  "mean_acc": 71.85479166666667,
  "task_acc": [
    52.96666666666667,
    57.016666666666666,
    56.81666666666667,
    61.833333333333336,
    62.36666666666667,
    65.38333333333334,
    66.58333333333333,
    63.71666666666667,
    67.65,
    68.21666666666667,
    70.43333333333334,
    69.63333333333334,
    69.2,
    69.5,
    70.76666666666667,
    70.7,
    76.68333333333334,
    69.83333333333333,
    71.73333333333333,
    73.15,
    73.38333333333334,
    73.63333333333334,
    72.01666666666667,
    72.86666666666666,
    71.28333333333333,
    73.78333333333333,
    72.31666666666666,
    72.13333333333334,
    71.45,
    73.16666666666667,
    78.26666666666667,
    76.28333333333333,
    70.81666666666666,
    73.65,
    71.21666666666667,
    74.21666666666667,
    76.55,
    75.08333333333333,
    74.56666666666666,
    75.28333333333333,
    70.81666666666666,
    73.31666666666666,
    75.9,
    74.16666666666667,
    71.18333333333334,
    72.38333333333334,
    77.41666666666667,
    69.63333333333334,
    74.73333333333333,
    72.31666666666666,
    74.98333333333333,
    71.53333333333333,
    76.65,
    74.83333333333333,
    74.38333333333334,
    71.78333333333333,
    74.8,
    72.58333333333333,
    74.46666666666667,
    75.26666666666667,
    73.15,
    75.15,
    72.56666666666666,
    72.36666666666666,
    75.58333333333333,
    74.3,
    76.41666666666667,
    72.01666666666667,
    75.15,
    72.96666666666667,
    74.68333333333334,
    73.93333333333334,
    68.83333333333333,
    72.13333333333334,
    74.6,
    71.78333333333333,
    71.63333333333334,
    74.5,
    73.43333333333334,
    73.88333333333334
  ],
  "task_rank": [
    46.76353454589844,
    29.733983993530273,
    38.514686584472656,
    42.54032897949219,
    49.712303161621094,
    55.68052673339844,
    59.82291030883789,
    67.6301040649414,
    67.36074829101562,
    70.03718566894531,
    73.99958801269531,
    75.08248901367188,
    80.15483856201172,
    81.81034851074219,
    83.770751953125,
    83.26315307617188,
    87.52728271484375,
    92.58372497558594,
    88.77105712890625,
    93.49077606201172,
    93.19127655029297,
    93.51787567138672,
    98.74235534667969,
    102.61873626708984,
    95.04503631591797,
    99.39781951904297,
    97.99323272705078,
    102.16068267822266,
    101.51624298095703,
    104.52671813964844,
    102.53353118896484,
    104.16697692871094,
    105.77094268798828,
    97.80613708496094,
    101.1917953491211,
    105.44795227050781,
    103.27662658691406,
    106.7358627319336,
    103.09835815429688,
    108.1811752319336,
    104.87749481201172,
    103.53717803955078,
    106.93439483642578,
    110.85985565185547,
    109.25593566894531,
    111.349853515625,
    109.9718017578125,
    105.92842102050781,
    111.57946014404297,
    113.15071105957031,
    106.92215728759766,
    109.33024597167969,
    107.83647155761719,
    108.31475830078125,
    110.60845947265625,
    111.36492919921875,
    113.2205581665039,
    112.2811508178711,
    111.65179443359375,
    110.84991455078125,
    112.98336791992188,
    115.03999328613281,
    111.75502014160156,
    109.12571716308594,
    110.58198547363281,
    109.97698974609375,
    114.69989776611328,
    113.45022583007812,
    110.83341979980469,
    106.8433609008789,
    108.63685607910156,
    109.10652160644531,
    108.52078247070312,
    108.38528442382812,
    113.77734375,
    111.87242126464844,
    115.56681823730469,
    108.85728454589844,
    111.7758560180664,
    109.95675659179688
  ],
  "forget_avg": null
}