{
  "method": "ptc",
  "seed": 0,
  "early_acc": 55.739999999999995,
  "late_acc": 72.55,
  "plasticity_drop": -16.810000000000002,
  "late_rank": 106.34966125488282,
  "mean_acc": 71.42041666666667,
  "task_acc": [
    39.016666666666666,
    55.983333333333334,
    61.53333333333333,
    59.55,
    62.61666666666667,
    65.11666666666666,
    65.95,
    69.4,
    62.6,
    70.46666666666667,
    71.36666666666666,
    72.61666666666666,
    71.3,
    74.06666666666666,
    71.45,
    67.55,
    70.15,
    73.11666666666666,
    68.88333333333334,
    73.3,
    75.1,
    72.66666666666667,
    69.75,
    69.48333333333333,
    70.13333333333334,
    74.33333333333333,
    72.51666666666667,
    75.2,
    70.81666666666666,
    73.9,
    73.85,
    72.96666666666667,
    71.7,
    75.88333333333334,
    73.0,
    73.6,
    74.23333333333333,
    72.15,
    75.08333333333333,
    68.95,
    74.51666666666667,
    74.6,
    73.63333333333334,
    73.31666666666666,
    70.1,
    75.61666666666666,
    72.61666666666666,
    74.48333333333333,
    73.86666666666666,
    74.31666666666666,
    75.51666666666667,
    72.33333333333333,
    74.98333333333333,
    72.98333333333333,
    73.13333333333334,
    73.96666666666667,
    73.43333333333334,
    69.81666666666666,
    73.06666666666666,
    74.7,
    72.73333333333333,
    71.46666666666667,
    72.58333333333333,
    77.28333333333333,
    74.1,
    71.55,
    75.75,
    71.35,
    74.2,
    74.76666666666667,
    72.21666666666667,
    70.65,
    68.91666666666667,
    72.63333333333334,
    74.2,
    76.68333333333334,
    73.86666666666666,
    71.3,
    72.75,
    72.28333333333333
  ],
  "task_rank": [
    43.26187515258789,
    29.081811904907227,
    36.42808532714844,
    44.404659271240234,
    48.451568603515625,
    53.617889404296875,
    54.99365997314453,
    62.20254135131836,
    69.3564224243164,
    69.21630859375,
    74.05896759033203,
    76.85484313964844,
    83.4465103149414,
    85.20529174804688,
    82.09443664550781,
    87.27001953125,
    88.79285430908203,
    89.36692810058594,
    93.4399642944336,
    92.81428527832031,
    95.1109619140625,
    95.95262908935547,
    100.81147003173828,
    95.57044219970703,
    99.91020202636719,
    94.72813415527344,
    105.13256072998047,
    102.36714172363281,
    98.92351531982422,
    99.5599594116211,
    104.39640808105469,
    100.9290771484375,
    107.40361022949219,
    101.38432312011719,
    104.61337280273438,
    103.62884521484375,
    102.82465362548828,
    102.5261001586914,
    103.73904418945312,
    101.8137435913086,
    105.20226287841797,
    106.03662872314453,
    103.2918930053711,
    105.32413482666016,
    104.40617370605469,
    105.91423797607422,
    108.02900695800781,
    100.7787857055664,
    108.24702453613281,
    103.8220443725586,
    104.95603942871094,
    104.50787353515625,
    103.56986236572266,
    110.08123779296875,
    107.83765411376953,
    106.78947448730469,
    106.04031372070312,
    103.80609893798828,
    107.41293334960938,
    104.9083023071289,
    104.75209045410156,
    106.04283905029297,
    110.08480834960938,
    109.2489013671875,
    108.67659759521484,
    109.25019836425781,
    107.61009979248047,
    111.99576568603516,
    110.34095764160156,
    105.56149291992188,
    108.67545318603516,
    107.35327911376953,
    105.78925323486328,
    111.593505859375,
    108.51777648925781,
    110.9988021850586,
    103.9664077758789,
    100.36898803710938,
    98.79972076416016,
    107.43342590332031
  ],
  "forget_avg": null
}