{
  "method": "ptc_muon",
  "seed": 2,
  "early_acc": 81.08999999999999,
  "late_acc": 74.095,
  "plasticity_drop": 6.99499999999999,
  "late_rank": 159.89145050048828,
  "mean_acc": 76.97520833333333,
  "task_acc": [
    75.8,
    81.18333333333334,
    82.83333333333333,
    83.35,
    82.28333333333333,
    81.15,
    81.93333333333334,
    82.7,
    79.23333333333333,
    80.61666666666666,
    81.18333333333334,
    79.15,
    81.45,
    79.88333333333334,
    80.83333333333333,
    80.75,
    78.81666666666666,
    79.28333333333333,
    79.93333333333334,
    78.36666666666666,
    78.16666666666667,
    80.35,
    76.81666666666666,
    77.55,
    79.71666666666667,
    75.63333333333334,
    77.51666666666667,
    76.1,
    77.33333333333333,
    77.51666666666667,
    76.93333333333334,
    77.83333333333333,
    76.15,
    77.98333333333333,
    77.53333333333333,
    75.61666666666666,
    76.33333333333333,
    75.51666666666667,
    78.66666666666667,
    76.55,
    77.66666666666667,
    75.86666666666666,
    74.93333333333334,
    78.5,
    75.16666666666667,
    76.6,
    76.21666666666667,
    75.18333333333334,
    76.48333333333333,
    74.51666666666667,
    76.63333333333334,
    77.26666666666667,
    75.18333333333334,
    75.05,
    75.83333333333333,
    74.43333333333334,
    75.86666666666666,
    74.03333333333333,
    75.81666666666666,
    77.23333333333333,
    73.31666666666666,
    74.1,
    75.41666666666667,
    75.7,
    73.18333333333334,
    74.33333333333333,
    73.53333333333333,
    75.53333333333333,
    72.78333333333333,
    74.13333333333334,
    75.86666666666666,
    73.55,
    74.21666666666667,
    73.65,
    73.18333333333334,
    74.5,
    72.91666666666667,
    73.85,
    75.2,
    74.01666666666667
  ],
  "task_rank": [
    87.51480102539062,
    133.1603240966797,
    161.75408935546875,
    191.0796356201172,
    207.6974639892578,
    222.811767578125,
    227.7882080078125,
    234.97605895996094,
    247.1579132080078,
    248.52796936035156,
    252.05633544921875,
    257.9843444824219,
    242.8184051513672,
    245.29286193847656,
    246.88604736328125,
    241.031982421875,
    239.58233642578125,
    235.07411193847656,
    236.27420043945312,
    240.55581665039062,
    237.25584411621094,
    221.0493621826172,
    219.32579040527344,
    225.45936584472656,
    217.50320434570312,
    200.29672241210938,
    196.52645874023438,
    202.58221435546875,
    193.49786376953125,
    203.0963897705078,
    186.5750732421875,
    187.16380310058594,
    211.80029296875,
    199.7797393798828,
    198.87832641601562,
    199.99285888671875,
    203.88836669921875,
    177.75437927246094,
    177.3380126953125,
    177.0705108642578,
    188.5028076171875,
    199.9046630859375,
    188.92356872558594,
    172.6273956298828,
    169.40151977539062,
    178.00494384765625,
    175.37965393066406,
    178.7075958251953,
    171.450439453125,
    169.46453857421875,
    165.7230682373047,
    162.95838928222656,
    168.8094940185547,
    160.15762329101562,
    175.8925323486328,
    168.08338928222656,
    155.36146545410156,
    175.18841552734375,
    153.46881103515625,
    171.9773406982422,
    160.9113311767578,
    159.98374938964844,
    177.64710998535156,
    183.62733459472656,
    160.2818603515625,
    159.56593322753906,
    180.3231964111328,
    149.55128479003906,
    156.8443603515625,
    162.91123962402344,
    149.56219482421875,
    166.2577362060547,
    164.48265075683594,
    167.45651245117188,
    165.05078125,
    147.38197326660156,
    160.53564453125,
    150.42332458496094,
    164.99781799316406,
    162.765869140625
  ],
  "forget_avg": null
}