{
  "method": "ptc_adamo",
  "seed": 2,
  "early_acc": 58.83,
  "late_acc": 75.97333333333333,
  "plasticity_drop": -17.14333333333333,
  "late_rank": 136.0235610961914,
  "mean_acc": 74.57958333333333,
  "task_acc": [
    42.983333333333334,
    54.8,
    62.68333333333333,
    67.81666666666666,
    65.86666666666666,
    69.23333333333333,
    71.48333333333333,
    73.36666666666666,
    73.41666666666667,
    70.7,
    76.31666666666666,
    71.31666666666666,
    75.21666666666667,
    75.28333333333333,
    75.25,
    74.96666666666667,
    76.58333333333333,
    76.03333333333333,
    74.71666666666667,
    75.68333333333334,
    72.96666666666667,
    76.05,
    74.05,
    73.53333333333333,
    75.88333333333334,
    74.36666666666666,
    75.35,
    74.06666666666666,
    75.46666666666667,
    76.98333333333333,
    75.76666666666667,
    76.71666666666667,
    76.63333333333334,
    78.5,
    75.53333333333333,
    75.48333333333333,
    74.73333333333333,
    76.73333333333333,
    76.35,
    75.65,
    75.03333333333333,
    78.5,
    75.75,
    76.51666666666667,
    77.2,
    76.98333333333333,
    74.98333333333333,
    76.63333333333334,
    76.43333333333334,
    75.9,
    76.85,
    76.95,
    75.43333333333334,
    75.98333333333333,
    76.35,
    75.95,
    74.66666666666667,
    75.16666666666667,
    78.13333333333334,
    78.96666666666667,
    73.91666666666667,
    76.36666666666666,
    76.68333333333334,
    75.71666666666667,
    75.55,
    77.63333333333334,
    77.7,
    77.91666666666667,
    75.05,
    77.18333333333334,
    75.25,
    74.55,
    75.93333333333334,
    75.78333333333333,
    76.45,
    76.66666666666667,
    75.98333333333333,
    75.58333333333333,
    78.4,
    75.13333333333334
  ],
  "task_rank": [
    51.77253723144531,
    39.28145217895508,
    51.50849151611328,
    58.20149230957031,
    68.27206420898438,
    73.90863800048828,
    86.90127563476562,
    92.81543731689453,
    101.22335815429688,
    104.1153335571289,
    107.44709777832031,
    119.41179656982422,
    116.21131134033203,
    118.73091888427734,
    124.79234313964844,
    127.51805877685547,
    132.55715942382812,
    130.20579528808594,
    129.9936981201172,
    136.1426239013672,
    136.47142028808594,
    132.69015502929688,
    139.88766479492188,
    133.92649841308594,
    138.66464233398438,
    135.76597595214844,
    134.02206420898438,
    141.99481201171875,
    137.34182739257812,
    140.42955017089844,
    136.3473358154297,
    138.74513244628906,
    137.67518615722656,
    138.62074279785156,
    140.53070068359375,
    138.64599609375,
    137.76634216308594,
    141.0004119873047,
    134.34461975097656,
    140.53216552734375,
    135.35330200195312,
    139.9705352783203,
    140.26905822753906,
    137.15269470214844,
    139.3749237060547,
    136.40396118164062,
    139.94871520996094,
    140.38026428222656,
    138.9989471435547,
    140.0554656982422,
    135.30064392089844,
    142.9302215576172,
    135.09332275390625,
    135.80921936035156,
    139.1674041748047,
    135.45687866210938,
    140.20286560058594,
    139.0519256591797,
    139.6887664794922,
    139.73387145996094,
    135.29470825195312,
    135.45603942871094,
    135.96168518066406,
    142.39859008789062,
    140.96189880371094,
    136.26849365234375,
    141.5823211669922,
    132.61386108398438,
    134.7601776123047,
    146.21530151367188,
    135.39804077148438,
    132.40585327148438,
    139.37060546875,
    134.6648406982422,
    137.62767028808594,
    133.84486389160156,
    137.42916870117188,
    136.89859008789062,
    138.2610321044922,
    134.33494567871094
  ],
  "forget_avg": null
}