{
  "method": "muon",
  "seed": 0,
  "early_acc": 58.455999999999996,
  "late_acc": 63.675,
  "plasticity_drop": -5.219000000000001,
  "mean_acc": 62.4324,
  "task_acc": [
    50.87,
    57.7,
    58.66,
    56.76,
    68.29,
    61.02,
    68.26,
    61.78,
    57.7,
    59.81,
    59.81,
    67.2,
    74.77,
    57.96,
    63.47,
    62.51,
    64.47,
    61.42,
    58.98,
    73.23,
    67.06,
    60.86,
    64.92,
    64.49,
    58.81
  ],
  "rank_traj": []
}