{
  "method": "muon",
  "seed": 0,
  "early_acc": 45.614,
  "late_acc": 53.801,
  "plasticity_drop": -8.187000000000005,
  "mean_acc": 50.767199999999995,
  "task_acc": [
    38.66,
    47.73,
    43.4,
    45.0,
    53.28,
    45.3,
    54.8,
    49.68,
    42.55,
    48.26,
    44.57,
    56.27,
    65.83,
    43.27,
    52.57,
    52.88,
    55.63,
    53.44,
    44.77,
    64.74,
    53.99,
    51.02,
    55.08,
    57.14,
    49.32
  ],
  "rank_traj": []
}