{
  "method": "muon",
  "seed": 0,
  "early_acc": 53.95,
  "late_acc": 62.129,
  "plasticity_drop": -8.178999999999995,
  "mean_acc": 60.00959999999999,
  "task_acc": [
    45.16,
    54.77,
    53.03,
    52.52,
    64.27,
    57.28,
    65.35,
    58.24,
    53.83,
    58.2,
    58.08,
    66.18,
    73.15,
    56.44,
    62.45,
    61.6,
    61.47,
    59.15,
    57.46,
    71.49,
    65.1,
    59.4,
    64.55,
    63.57,
    57.5
  ],
  "rank_traj": []
}