{
  "method": "muon",
  "seed": 2,
  "early_acc": 47.867999999999995,
  "late_acc": 54.891999999999996,
  "plasticity_drop": -7.024000000000001,
  "mean_acc": 51.9104,
  "task_acc": [
    48.15,
    45.02,
    50.9,
    56.7,
    38.57,
    51.71,
    50.87,
    56.27,
    55.6,
    50.45,
    56.65,
    50.07,
    38.4,
    49.46,
    50.02,
    55.6,
    52.13,
    49.42,
    49.35,
    54.35,
    64.47,
    53.14,
    52.23,
    66.08,
    52.15
  ],
  "rank_traj": []
}