{
  "method": "muon",
  "seed": 2,
  "early_acc": 57.007999999999996,
  "late_acc": 63.721999999999994,
  "plasticity_drop": -6.713999999999999,
  "mean_acc": 61.13440000000001,
  "task_acc": [
    55.93,
    52.91,
    59.84,
    66.83,
    49.53,
    59.1,
    60.07,
    64.08,
    62.88,
    60.97,
    67.57,
    61.88,
    50.53,
    59.0,
    60.02,
    64.13,
    62.71,
    58.93,
    61.97,
    61.72,
    71.04,
    65.21,
    61.07,
    69.42,
    61.02
  ],
  "rank_traj": []
}