{
  "method": "muon",
  "seed": 1,
  "early_acc": 60.062,
  "late_acc": 64.156,
  "plasticity_drop": -4.094000000000008,
  "mean_acc": 62.48999999999999,
  "task_acc": [
    53.95,
    54.08,
    64.44,
    67.43,
    60.41,
    65.12,
    62.47,
    58.58,
    59.0,
    56.93,
    68.16,
    64.89,
    58.99,
    63.42,
    62.82,
    66.26,
    70.45,
    68.26,
    71.8,
    58.76,
    64.71,
    55.32,
    57.85,
    66.08,
    62.07
  ],
  "rank_traj": []
}