{
  "method": "muon",
  "seed": 2,
  "early_acc": 62.022000000000006,
  "late_acc": 64.136,
  "plasticity_drop": -2.11399999999999,
  "mean_acc": 63.486399999999996,
  "task_acc": [
    62.58,
    58.28,
    64.27,
    69.7,
    55.28,
    63.22,
    64.21,
    66.47,
    68.07,
    63.74,
    68.78,
    65.17,
    52.75,
    60.8,
    62.48,
    65.84,
    65.05,
    59.94,
    62.01,
    61.81,
    70.77,
    64.69,
    60.78,
    70.22,
    60.25
  ],
  "rank_traj": []
}