{
  "method": "muon",
  "seed": 1,
  "early_acc": 57.35600000000001,
  "late_acc": 63.286,
  "plasticity_drop": -5.929999999999993,
  "mean_acc": 61.26039999999999,
  "task_acc": [
    49.58,
    51.57,
    62.16,
    64.43,
    59.04,
    64.96,
    60.9,
    57.38,
    58.25,
    57.25,
    66.72,
    64.52,
    57.22,
    63.69,
    60.98,
    65.08,
    68.63,
    67.29,
    69.69,
    58.81,
    62.85,
    53.31,
    60.29,
    64.79,
    62.12
  ],
  "rank_traj": []
}