{
  "method": "muon",
  "seed": 1,
  "early_acc": 51.178,
  "late_acc": 56.188,
  "plasticity_drop": -5.010000000000005,
  "mean_acc": 53.534400000000005,
  "task_acc": [
    44.17,
    46.36,
    55.05,
    56.39,
    53.92,
    53.54,
    53.25,
    47.78,
    49.69,
    47.03,
    60.31,
    55.9,
    47.47,
    55.28,
    50.34,
    55.0,
    60.86,
    62.11,
    64.68,
    53.17,
    57.91,
    44.38,
    49.86,
    60.66,
    53.25
  ],
  "rank_traj": []
}