{
  "method": "ptc_muon",
  "seed": 2,
  "early_acc": 64.126,
  "late_acc": 73.89099999999999,
  "plasticity_drop": -9.764999999999986,
  "mean_acc": 70.0232,
  "task_acc": [
    61.84,
    60.9,
    65.94,
    73.26,
    58.69,
    66.42,
    69.47,
    70.82,
    70.74,
    69.64,
    72.92,
    72.06,
    57.82,
    69.35,
    71.8,
    73.12,
    73.62,
    68.81,
    70.5,
    71.41,
    78.05,
    75.47,
    73.56,
    79.84,
    74.53
  ],
  "rank_traj": []
}