{
  "method": "ptc_muon",
  "seed": 1,
  "early_acc": 62.641999999999996,
  "late_acc": 73.26299999999999,
  "plasticity_drop": -10.620999999999995,
  "mean_acc": 69.3508,
  "task_acc": [
    53.85,
    58.04,
    66.31,
    68.84,
    66.17,
    68.61,
    66.85,
    64.28,
    66.02,
    63.91,
    75.23,
    72.29,
    68.92,
    71.75,
    70.07,
    71.77,
    76.14,
    77.23,
    77.86,
    68.91,
    75.48,
    65.31,
    68.89,
    78.24,
    72.8
  ],
  "rank_traj": []
}