{
  "method": "ptc_muon",
  "seed": 0,
  "early_acc": 62.00599999999999,
  "late_acc": 73.98999999999998,
  "plasticity_drop": -11.983999999999988,
  "mean_acc": 69.944,
  "task_acc": [
    51.04,
    61.72,
    62.37,
    63.07,
    71.83,
    64.61,
    72.76,
    66.61,
    63.93,
    68.71,
    68.59,
    74.67,
    80.86,
    65.4,
    72.53,
    72.47,
    74.58,
    72.12,
    70.64,
    79.76,
    75.25,
    71.74,
    77.05,
    74.31,
    71.98
  ],
  "rank_traj": []
}