{
  "method": "ptc_muon",
  "seed": 1,
  "early_acc": 61.19000000000001,
  "late_acc": 78.896,
  "plasticity_drop": -17.70599999999999,
  "mean_acc": 72.5868,
  "task_acc": [
    49.96,
    54.36,
    65.5,
    68.79,
    67.34,
    70.92,
    69.42,
    66.2,
    70.31,
    67.32,
    77.65,
    75.52,
    71.53,
    76.52,
    74.37,
    75.63,
    81.1,
    82.76,
    83.55,
    76.74,
    81.02,
    72.36,
    74.06,
    83.09,
    78.65
  ],
  "rank_traj": []
}