{
  "method": "ptc_muon",
  "seed": 1,
  "early_acc": 54.42,
  "late_acc": 72.60400000000001,
  "plasticity_drop": -18.18400000000001,
  "mean_acc": 65.5676,
  "task_acc": [
    44.75,
    47.89,
    56.88,
    60.84,
    61.74,
    62.47,
    62.61,
    57.07,
    59.74,
    57.23,
    71.13,
    70.77,
    64.85,
    70.89,
    64.29,
    66.19,
    74.81,
    77.7,
    78.64,
    70.7,
    76.38,
    65.11,
    66.67,
    76.83,
    73.01
  ],
  "rank_traj": []
}