{
  "method": "ptc_muon",
  "seed": 2,
  "early_acc": 53.431999999999995,
  "late_acc": 73.18499999999999,
  "plasticity_drop": -19.752999999999993,
  "mean_acc": 66.0176,
  "task_acc": [
    48.88,
    50.08,
    58.55,
    63.18,
    46.47,
    59.91,
    65.71,
    64.66,
    66.41,
    64.97,
    70.52,
    67.9,
    51.88,
    66.77,
    72.7,
    70.61,
    70.22,
    65.75,
    65.93,
    73.09,
    76.39,
    75.35,
    75.72,
    81.75,
    77.04
  ],
  "rank_traj": []
}