{
  "method": "adamo",
  "seed": 1,
  "early_acc": 55.79555555555555,
  "late_acc": 68.91777777777779,
  "late_test_acc": 66.4,
  "test_acc": [
    56.4,
    50.8,
    57.2,
    56.8,
    65.2,
    56.2,
    64.8,
    53.4,
    57.8,
    55.4,
    67.8,
    70.0,
    69.0,
    58.6,
    62.6,
    73.6,
    56.0,
    62.0,
    71.6,
    61.0,
    68.4,
    66.2,
    68.2,
    70.8,
    66.2
  ],
  "ntk": {
    "ntk_erank": 25.370357637601913,
    "ntk_cond": 11493.569646639422,
    "wcond_median": 1.0461390018463135
  },
  "blockrank": {
    "l1": 28.357513427734375,
    "l2": 57.17007064819336,
    "l3": 109.68941497802734,
    "l4": 198.5277557373047
  },
  "plasticity_drop": -13.122222222222234,
  "mean_acc": 63.76844444444445,
  "task_acc": [
    55.86666666666667,
    48.833333333333336,
    52.37777777777778,
    59.266666666666666,
    62.63333333333333,
    55.63333333333333,
    62.233333333333334,
    56.644444444444446,
    61.333333333333336,
    60.03333333333333,
    63.96666666666667,
    67.31111111111112,
    70.55555555555556,
    67.32222222222222,
    61.022222222222226,
    69.68888888888888,
    60.75555555555555,
    69.7,
    68.23333333333333,
    69.83333333333333,
    67.06666666666666,
    72.33333333333333,
    69.73333333333333,
    72.23333333333333,
    69.6
  ],
  "rank_traj": []
}