{
  "method": "adamo",
  "seed": 2,
  "early_acc": 57.53555555555555,
  "late_acc": 66.14999999999999,
  "late_test_acc": 64.74000000000001,
  "test_acc": [
    64.6,
    52.8,
    68.8,
    46.8,
    54.0,
    58.4,
    68.8,
    72.8,
    63.0,
    64.6,
    70.4,
    72.0,
    55.4,
    64.0,
    64.0,
    59.4,
    71.4,
    65.4,
    72.4,
    65.8,
    62.6,
    61.2,
    64.4,
    61.2,
    63.6
  ],
  "ntk": {
    "ntk_erank": 14.934497048701731,
    "ntk_cond": 21194.46749785381,
    "wcond_median": 1.049869179725647
  },
  "blockrank": {
    "l1": 28.5148983001709,
    "l2": 57.35391616821289,
    "l3": 110.04849243164062,
    "l4": 199.44546508789062
  },
  "plasticity_drop": -8.614444444444445,
  "mean_acc": 63.71911111111112,
  "task_acc": [
    55.955555555555556,
    47.81111111111111,
    65.47777777777777,
    59.27777777777778,
    59.15555555555556,
    61.1,
    63.01111111111111,
    66.3,
    64.88888888888889,
    66.46666666666667,
    66.06666666666666,
    66.94444444444444,
    59.94444444444444,
    66.53333333333333,
    62.544444444444444,
    67.91111111111111,
    70.64444444444445,
    62.5,
    69.32222222222222,
    65.52222222222223,
    61.77777777777778,
    67.5,
    68.76666666666667,
    63.733333333333334,
    63.82222222222222
  ],
  "rank_traj": []
}