{
  "method": "adamo",
  "seed": 0,
  "early_acc": 56.94000000000001,
  "late_acc": 70.32000000000001,
  "late_test_acc": 68.04,
  "test_acc": [
    47.6,
    57.0,
    68.8,
    67.4,
    59.2,
    67.6,
    62.4,
    36.2,
    55.2,
    72.4,
    64.4,
    63.8,
    58.4,
    52.8,
    70.2,
    64.4,
    63.6,
    69.2,
    75.0,
    78.4,
    61.4,
    61.6,
    71.8,
    73.2,
    61.8
  ],
  "ntk": {
    "ntk_erank": 21.796438161720722,
    "ntk_cond": 13878.828385228218,
    "wcond_median": 1.0430717468261719
  },
  "blockrank": {
    "l1": 28.990028381347656,
    "l2": 57.066162109375,
    "l3": 110.67788696289062,
    "l4": 201.89810180664062
  },
  "plasticity_drop": -13.379999999999995,
  "mean_acc": 64.55422222222222,
  "task_acc": [
    50.37777777777778,
    56.27777777777778,
    56.22222222222222,
    62.18888888888889,
    59.63333333333333,
    60.644444444444446,
    64.32222222222222,
    52.48888888888889,
    56.75555555555555,
    70.34444444444445,
    61.166666666666664,
    67.57777777777778,
    65.16666666666667,
    59.74444444444445,
    67.74444444444444,
    71.4888888888889,
    67.11111111111111,
    66.35555555555555,
    70.76666666666667,
    75.9,
    70.17777777777778,
    68.47777777777777,
    73.0111111111111,
    73.21111111111111,
    66.7
  ],
  "rank_traj": []
}