{
  "method": "adam",
  "seed": 2,
  "early_acc": 45.92444444444445,
  "late_acc": 41.48111111111111,
  "late_test_acc": 50.62,
  "test_acc": [
    61.8,
    45.4,
    49.8,
    47.2,
    38.4,
    48.4,
    39.6,
    56.8,
    52.8,
    53.8,
    57.8,
    51.0,
    33.4,
    52.6,
    45.2,
    51.2,
    57.4,
    41.4,
    59.4,
    53.6,
    47.8,
    56.6,
    49.8,
    49.0,
    40.0
  ],
  "ntk": {
    "ntk_erank": 3.7818786001848688,
    "ntk_cond": 2.637975703114659e+18,
    "wcond_median": 7.836172580718994
  },
  "blockrank": {
    "l1": 24.898120880126953,
    "l2": 45.136207580566406,
    "l3": 73.75855255126953,
    "l4": 118.2740707397461
  },
  "plasticity_drop": 4.443333333333335,
  "mean_acc": 43.330666666666666,
  "task_acc": [
    52.25555555555555,
    34.355555555555554,
    53.0,
    45.12222222222222,
    44.888888888888886,
    47.15555555555556,
    39.477777777777774,
    46.87777777777778,
    45.93333333333333,
    47.077777777777776,
    45.111111111111114,
    45.833333333333336,
    35.96666666666667,
    47.522222222222226,
    37.87777777777778,
    38.84444444444444,
    43.8,
    37.144444444444446,
    45.86666666666667,
    41.8,
    39.32222222222222,
    46.8,
    42.15555555555556,
    44.12222222222222,
    34.955555555555556
  ],
  "rank_traj": []
}