{
  "method": "adam",
  "seed": 0,
  "early_acc": 48.02444444444444,
  "late_acc": 43.10333333333334,
  "late_test_acc": 51.78000000000001,
  "test_acc": [
    49.8,
    47.2,
    56.2,
    57.8,
    48.2,
    55.4,
    49.8,
    47.8,
    33.6,
    63.0,
    49.0,
    56.8,
    48.2,
    47.0,
    47.0,
    56.2,
    47.6,
    44.2,
    52.4,
    48.8,
    58.6,
    45.2,
    58.2,
    56.2,
    50.4
  ],
  "ntk": {
    "ntk_erank": 4.087884174080366,
    "ntk_cond": 4.541359576594491e+18,
    "wcond_median": 6.858292102813721
  },
  "blockrank": {
    "l1": 25.429367065429688,
    "l2": 44.465660095214844,
    "l3": 75.31185913085938,
    "l4": 119.88019561767578
  },
  "plasticity_drop": 4.921111111111102,
  "mean_acc": 44.141333333333336,
  "task_acc": [
    46.68888888888889,
    45.87777777777778,
    47.611111111111114,
    50.96666666666667,
    48.977777777777774,
    48.3,
    45.71111111111111,
    38.53333333333333,
    38.855555555555554,
    53.93333333333333,
    37.333333333333336,
    49.266666666666666,
    42.18888888888889,
    39.766666666666666,
    38.48888888888889,
    47.9,
    43.53333333333333,
    40.977777777777774,
    42.96666666666667,
    42.48888888888889,
    46.08888888888889,
    41.166666666666664,
    46.833333333333336,
    40.166666666666664,
    38.91111111111111
  ],
  "rank_traj": []
}