{
  "method": "adam",
  "seed": 1,
  "early_acc": 47.593333333333334,
  "late_acc": 44.49111111111111,
  "late_test_acc": 52.3,
  "test_acc": [
    59.2,
    52.6,
    58.2,
    49.2,
    50.8,
    43.8,
    56.2,
    43.2,
    52.2,
    44.6,
    57.8,
    54.6,
    57.4,
    56.0,
    52.0,
    56.8,
    46.8,
    58.4,
    50.0,
    52.0,
    36.6,
    61.4,
    58.2,
    49.0,
    53.8
  ],
  "ntk": {
    "ntk_erank": 2.608293811681063,
    "ntk_cond": 6.109372679462543e+18,
    "wcond_median": 7.636735916137695
  },
  "blockrank": {
    "l1": 25.21248435974121,
    "l2": 45.60190200805664,
    "l3": 76.03385925292969,
    "l4": 122.57078552246094
  },
  "plasticity_drop": 3.102222222222224,
  "mean_acc": 45.146666666666675,
  "task_acc": [
    53.53333333333333,
    42.94444444444444,
    45.922222222222224,
    45.24444444444445,
    50.32222222222222,
    40.5,
    44.15555555555556,
    43.62222222222222,
    41.13333333333333,
    40.81111111111111,
    41.266666666666666,
    50.22222222222222,
    52.41111111111111,
    47.977777777777774,
    43.68888888888889,
    48.58888888888889,
    39.82222222222222,
    46.166666666666664,
    40.82222222222222,
    43.62222222222222,
    45.477777777777774,
    49.22222222222222,
    45.24444444444445,
    46.233333333333334,
    39.71111111111111
  ],
  "rank_traj": []
}