{
  "method": "ptc_muon",
  "seed": 1,
  "early_acc": 58.90222222222222,
  "late_acc": 77.20777777777778,
  "late_test_acc": 74.36,
  "test_acc": [
    54.6,
    55.6,
    62.2,
    67.2,
    72.2,
    65.4,
    69.6,
    58.0,
    66.8,
    68.6,
    74.8,
    76.0,
    76.4,
    75.2,
    65.6,
    74.4,
    66.0,
    78.0,
    74.8,
    77.8,
    71.2,
    75.0,
    75.4,
    78.4,
    72.6
  ],
  "ntk": {
    "ntk_erank": 18.168421835195627,
    "ntk_cond": 183920.28378990994,
    "wcond_median": 7.777371406555176
  },
  "blockrank": {
    "l1": 27.804805755615234,
    "l2": 55.99406051635742,
    "l3": 111.2697525024414,
    "l4": 215.9966278076172
  },
  "plasticity_drop": -18.305555555555557,
  "mean_acc": 71.21066666666667,
  "task_acc": [
    55.65555555555556,
    51.87777777777778,
    54.977777777777774,
    64.62222222222222,
    67.37777777777778,
    64.46666666666667,
    69.83333333333333,
    68.4888888888889,
    70.53333333333333,
    69.15555555555555,
    72.36666666666666,
    74.67777777777778,
    77.84444444444445,
    75.82222222222222,
    70.4888888888889,
    77.42222222222222,
    70.45555555555555,
    77.44444444444444,
    79.0111111111111,
    77.81111111111112,
    75.56666666666666,
    78.11111111111111,
    77.25555555555556,
    81.22222222222223,
    77.77777777777777
  ],
  "rank_traj": []
}