{
  "method": "muon",
  "seed": 0,
  "early_acc": 56.97777777777778,
  "late_acc": 61.88555555555555,
  "late_test_acc": 67.9,
  "test_acc": [
    53.8,
    66.4,
    72.0,
    68.4,
    67.2,
    76.0,
    72.6,
    64.4,
    61.0,
    69.8,
    68.0,
    68.8,
    60.2,
    60.6,
    68.2,
    71.4,
    67.6,
    67.2,
    68.8,
    71.0,
    72.2,
    57.8,
    72.4,
    72.0,
    58.6
  ],
  "ntk": {
    "ntk_erank": 25.936840808097624,
    "ntk_cond": 51182.5762800071,
    "wcond_median": 3.315270185470581
  },
  "blockrank": {
    "l1": 27.87594223022461,
    "l2": 55.103614807128906,
    "l3": 109.49297332763672,
    "l4": 205.94342041015625
  },
  "plasticity_drop": -4.907777777777767,
  "mean_acc": 60.754222222222225,
  "task_acc": [
    47.31111111111111,
    55.68888888888889,
    60.37777777777778,
    62.58888888888889,
    58.922222222222224,
    65.02222222222223,
    65.42222222222222,
    55.34444444444444,
    55.3,
    67.02222222222223,
    57.5,
    68.28888888888889,
    61.455555555555556,
    57.333333333333336,
    62.422222222222224,
    67.02222222222223,
    62.56666666666667,
    62.24444444444445,
    62.388888888888886,
    66.57777777777778,
    62.955555555555556,
    60.74444444444445,
    61.53333333333333,
    60.44444444444444,
    52.37777777777778
  ],
  "rank_traj": []
}