{
  "method": "ptc_muon",
  "seed": 2,
  "early_acc": 60.83111111111111,
  "late_acc": 74.98666666666666,
  "late_test_acc": 70.3,
  "test_acc": [
    52.4,
    55.8,
    74.8,
    60.0,
    67.4,
    71.0,
    72.6,
    74.6,
    68.8,
    70.4,
    75.4,
    74.6,
    60.8,
    67.4,
    72.4,
    73.6,
    75.0,
    63.4,
    76.8,
    72.6,
    68.8,
    70.8,
    69.0,
    62.6,
    70.4
  ],
  "ntk": {
    "ntk_erank": 17.62928434083679,
    "ntk_cond": 288689.8739050579,
    "wcond_median": 7.896413326263428
  },
  "blockrank": {
    "l1": 28.121583938598633,
    "l2": 56.43161392211914,
    "l3": 111.15897369384766,
    "l4": 217.32675170898438
  },
  "plasticity_drop": -14.155555555555551,
  "mean_acc": 70.99377777777778,
  "task_acc": [
    52.86666666666667,
    51.82222222222222,
    67.54444444444445,
    66.76666666666667,
    65.15555555555555,
    67.9888888888889,
    72.1,
    73.62222222222222,
    73.1,
    74.24444444444444,
    71.87777777777778,
    73.5,
    69.38888888888889,
    71.96666666666667,
    73.03333333333333,
    76.94444444444444,
    75.94444444444444,
    69.95555555555555,
    77.73333333333333,
    74.65555555555555,
    73.13333333333334,
    76.72222222222223,
    78.04444444444445,
    72.38888888888889,
    74.34444444444445
  ],
  "rank_traj": []
}