{
  "method": "muon",
  "seed": 2,
  "early_acc": 56.4,
  "late_acc": 60.36666666666666,
  "late_test_acc": 64.8,
  "test_acc": [
    46.2,
    55.0,
    75.6,
    67.4,
    60.6,
    66.0,
    71.4,
    73.0,
    61.4,
    72.2,
    74.0,
    70.4,
    59.2,
    67.2,
    66.0,
    73.2,
    73.6,
    62.2,
    71.6,
    66.2,
    56.4,
    61.2,
    65.6,
    62.6,
    55.4
  ],
  "ntk": {
    "ntk_erank": 16.56796699655563,
    "ntk_cond": 153616.71773603398,
    "wcond_median": 3.199420928955078
  },
  "blockrank": {
    "l1": 27.520572662353516,
    "l2": 55.5670051574707,
    "l3": 109.73157501220703,
    "l4": 209.90757751464844
  },
  "plasticity_drop": -3.9666666666666615,
  "mean_acc": 60.316,
  "task_acc": [
    53.43333333333333,
    47.9,
    62.1,
    59.48888888888889,
    59.077777777777776,
    63.32222222222222,
    60.58888888888889,
    63.855555555555554,
    63.044444444444444,
    64.13333333333334,
    62.78888888888889,
    63.15555555555556,
    57.94444444444444,
    62.43333333333333,
    60.96666666666667,
    66.78888888888889,
    64.91111111111111,
    58.644444444444446,
    64.77777777777777,
    57.355555555555554,
    55.06666666666667,
    62.75555555555555,
    62.233333333333334,
    57.96666666666667,
    53.166666666666664
  ],
  "rank_traj": []
}