{
  "method": "muon",
  "seed": 1,
  "early_acc": 55.504444444444445,
  "late_acc": 61.58333333333333,
  "late_test_acc": 66.74,
  "test_acc": [
    58.0,
    55.2,
    57.2,
    66.6,
    75.6,
    64.0,
    66.8,
    56.2,
    64.2,
    64.4,
    69.0,
    74.2,
    69.8,
    64.8,
    62.4,
    68.6,
    55.4,
    66.6,
    67.4,
    71.8,
    63.0,
    70.4,
    68.6,
    67.0,
    68.6
  ],
  "ntk": {
    "ntk_erank": 14.365262019926742,
    "ntk_cond": 156278.680317236,
    "wcond_median": 3.2743325233459473
  },
  "blockrank": {
    "l1": 27.493820190429688,
    "l2": 54.979942321777344,
    "l3": 109.18157196044922,
    "l4": 204.3623809814453
  },
  "plasticity_drop": -6.0788888888888835,
  "mean_acc": 60.157777777777774,
  "task_acc": [
    55.144444444444446,
    48.544444444444444,
    53.12222222222222,
    57.96666666666667,
    62.74444444444445,
    54.2,
    62.55555555555556,
    60.17777777777778,
    59.84444444444444,
    58.855555555555554,
    61.91111111111111,
    63.955555555555556,
    66.54444444444445,
    63.477777777777774,
    59.06666666666667,
    62.84444444444444,
    55.22222222222222,
    68.68888888888888,
    64.2,
    60.7,
    62.36666666666667,
    64.04444444444445,
    60.31111111111111,
    62.0,
    55.455555555555556
  ],
  "rank_traj": []
}