{
  "method": "ptc_muon",
  "seed": 0,
  "early_acc": 61.28000000000001,
  "late_acc": 78.22666666666666,
  "late_test_acc": 73.80000000000001,
  "test_acc": [
    57.2,
    59.6,
    69.4,
    73.8,
    64.8,
    76.8,
    73.8,
    63.0,
    59.2,
    78.0,
    74.2,
    73.2,
    70.6,
    65.4,
    66.4,
    73.8,
    70.8,
    71.6,
    74.8,
    77.4,
    75.4,
    66.4,
    77.0,
    78.6,
    72.2
  ],
  "ntk": {
    "ntk_erank": 19.943984097559504,
    "ntk_cond": 197045.49253520134,
    "wcond_median": 7.783830165863037
  },
  "blockrank": {
    "l1": 27.98026466369629,
    "l2": 56.511695861816406,
    "l3": 111.66557312011719,
    "l4": 214.2943572998047
  },
  "plasticity_drop": -16.94666666666665,
  "mean_acc": 72.40711111111112,
  "task_acc": [
    47.4,
    60.18888888888889,
    62.355555555555554,
    69.36666666666666,
    67.08888888888889,
    70.83333333333333,
    73.4888888888889,
    63.3,
    64.54444444444445,
    77.4888888888889,
    69.84444444444445,
    78.65555555555555,
    74.65555555555555,
    72.71111111111111,
    75.9888888888889,
    78.5,
    76.04444444444445,
    75.55555555555556,
    77.57777777777778,
    81.4888888888889,
    78.82222222222222,
    76.44444444444444,
    80.14444444444445,
    80.62222222222222,
    77.06666666666666
  ],
  "rank_traj": []
}