{
  "method": "ptc_adamo",
  "seed": 2,
  "early_acc": 72.38333333333333,
  "late_acc": 81.91999999999999,
  "plasticity_drop": -9.536666666666662,
  "mean_acc": 79.33500000000001,
  "task_acc": [
    62.81666666666667,
    74.33333333333333,
    74.11666666666666,
    75.11666666666666,
    75.53333333333333,
    71.43333333333334,
    78.09166666666667,
    79.625,
    73.375,
    75.44166666666666,
    77.56666666666666,
    80.6,
    80.6,
    74.84166666666667,
    82.33333333333333,
    82.80833333333334,
    78.425,
    75.88333333333334,
    75.65833333333333,
    82.88333333333334,
    82.86666666666666,
    82.175,
    82.95,
    76.425,
    88.75833333333334,
    82.64166666666667,
    83.7,
    82.175,
    81.30833333333334,
    79.71666666666667,
    77.075,
    81.13333333333334,
    89.34166666666667,
    73.61666666666666,
    79.90833333333333,
    82.88333333333334,
    88.64166666666667,
    80.675,
    83.8,
    82.125
  ],
  "rank_traj": []
}