{
  "method": "adam",
  "seed": 0,
  "early_acc": 69.7,
  "late_acc": 64.67416666666666,
  "plasticity_drop": 5.025833333333338,
  "mean_acc": 65.75625,
  "task_acc": [
    66.81666666666666,
    65.80833333333334,
    77.15,
    66.74166666666666,
    71.98333333333333,
    59.19166666666667,
    65.41666666666667,
    68.425,
    57.38333333333333,
    61.358333333333334,
    67.86666666666666,
    77.75833333333334,
    70.51666666666667,
    57.59166666666667,
    56.1,
    67.55,
    71.34166666666667,
    66.575,
    71.80833333333334,
    68.75833333333334,
    70.15,
    62.925,
    57.666666666666664,
    67.3,
    64.575,
    71.21666666666667,
    70.325,
    59.96666666666667,
    64.26666666666667,
    58.975,
    65.5,
    63.40833333333333,
    78.88333333333334,
    56.88333333333333,
    72.8,
    58.30833333333333,
    63.55833333333333,
    59.65833333333333,
    66.84166666666667,
    60.9
  ],
  "rank_traj": []
}