{
  "method": "adamo",
  "seed": 2,
  "early_acc": 70.32833333333333,
  "late_acc": 82.04666666666667,
  "plasticity_drop": -11.718333333333334,
  "mean_acc": 78.86833333333334,
  "task_acc": [
    60.8,
    70.58333333333333,
    73.225,
    73.3,
    73.73333333333333,
    69.39166666666667,
    77.79166666666667,
    79.175,
    71.81666666666666,
    74.24166666666666,
    76.025,
    81.19166666666666,
    78.76666666666667,
    74.21666666666667,
    82.85833333333333,
    83.025,
    78.35833333333333,
    74.75833333333334,
    74.38333333333334,
    81.81666666666666,
    83.775,
    81.84166666666667,
    82.15,
    77.65833333333333,
    88.70833333333333,
    83.25,
    84.99166666666666,
    81.94166666666666,
    80.43333333333334,
    80.05833333333334,
    78.73333333333333,
    80.24166666666666,
    89.35833333333333,
    74.40833333333333,
    79.80833333333334,
    84.28333333333333,
    88.475,
    80.79166666666667,
    82.94166666666666,
    81.425
  ],
  "rank_traj": []
}