{
  "method": "adamo",
  "seed": 1,
  "early_acc": 72.61333333333332,
  "late_acc": 83.26416666666667,
  "plasticity_drop": -10.650833333333352,
  "mean_acc": 80.08979166666667,
  "task_acc": [
    67.65833333333333,
    80.85833333333333,
    74.85,
    66.98333333333333,
    72.71666666666667,
    83.98333333333333,
    79.475,
    79.4,
    78.38333333333334,
    79.04166666666667,
    74.75833333333334,
    79.6,
    79.31666666666666,
    76.30833333333334,
    79.65,
    80.93333333333334,
    76.95,
    75.79166666666667,
    87.375,
    82.1,
    86.05,
    77.05833333333334,
    82.95833333333333,
    80.5,
    81.175,
    81.94166666666666,
    82.475,
    82.10833333333333,
    78.39166666666667,
    82.15833333333333,
    80.20833333333333,
    81.45833333333333,
    88.18333333333334,
    78.95,
    88.90833333333333,
    84.99166666666666,
    80.03333333333333,
    83.35833333333333,
    84.11666666666666,
    82.43333333333334
  ],
  "rank_traj": []
}