{
  "method": "ptc_adamo",
  "seed": 0,
  "early_acc": 74.97999999999999,
  "late_acc": 80.92083333333333,
  "plasticity_drop": -5.9408333333333445,
  "mean_acc": 79.33854166666667,
  "task_acc": [
    70.06666666666666,
    69.54166666666667,
    82.55833333333334,
    73.975,
    78.75833333333334,
    70.33333333333333,
    74.55,
    78.44166666666666,
    76.20833333333333,
    76.55833333333334,
    78.775,
    85.45,
    83.44166666666666,
    79.175,
    73.15833333333333,
    84.71666666666667,
    83.56666666666666,
    82.125,
    84.1,
    79.60833333333333,
    82.475,
    78.83333333333333,
    76.3,
    82.11666666666666,
    78.63333333333334,
    83.70833333333333,
    83.25833333333334,
    78.10833333333333,
    79.76666666666667,
    76.025,
    80.35833333333333,
    80.18333333333334,
    87.06666666666666,
    79.425,
    85.05833333333334,
    76.7,
    81.45833333333333,
    80.45,
    81.675,
    76.83333333333333
  ],
  "rank_traj": []
}