{
  "method": "adamo",
  "seed": 1,
  "early_acc": 67.37499999999999,
  "late_acc": 79.08166666666666,
  "plasticity_drop": -11.706666666666678,
  "mean_acc": 75.571875,
  "task_acc": [
    63.43333333333333,
    76.86666666666666,
    68.49166666666666,
    60.266666666666666,
    67.81666666666666,
    80.925,
    73.95833333333333,
    73.21666666666667,
    74.59166666666667,
    74.175,
    70.89166666666667,
    74.79166666666667,
    73.40833333333333,
    71.20833333333333,
    75.625,
    77.85833333333333,
    73.60833333333333,
    70.08333333333333,
    85.0,
    78.45,
    82.19166666666666,
    72.14166666666667,
    78.46666666666667,
    76.56666666666666,
    75.275,
    78.29166666666667,
    76.9,
    77.95833333333333,
    72.83333333333333,
    76.76666666666667,
    76.91666666666667,
    75.69166666666666,
    86.00833333333334,
    75.98333333333333,
    84.7,
    79.35,
    74.68333333333334,
    80.43333333333334,
    79.64166666666667,
    77.40833333333333
  ],
  "rank_traj": []
}