{
  "method": "adamo",
  "seed": 0,
  "early_acc": 70.50166666666667,
  "late_acc": 75.19666666666669,
  "plasticity_drop": -4.695000000000022,
  "mean_acc": 72.84145833333334,
  "task_acc": [
    67.175,
    65.875,
    77.93333333333334,
    69.24166666666666,
    72.28333333333333,
    60.93333333333333,
    67.475,
    70.25,
    65.01666666666667,
    65.85833333333333,
    70.7,
    80.25,
    75.40833333333333,
    71.325,
    64.33333333333333,
    76.26666666666667,
    78.75,
    75.45833333333333,
    77.99166666666666,
    72.84166666666667,
    75.39166666666667,
    69.49166666666666,
    68.775,
    75.50833333333334,
    73.68333333333334,
    76.175,
    78.65833333333333,
    72.75,
    75.81666666666666,
    70.075,
    76.15,
    75.19166666666666,
    83.09166666666667,
    73.28333333333333,
    78.66666666666667,
    68.08333333333333,
    75.13333333333334,
    74.65833333333333,
    78.18333333333334,
    69.525
  ],
  "rank_traj": []
}