{
  "method": "adamo",
  "seed": 0,
  "early_acc": 74.29333333333334,
  "late_acc": 81.55083333333333,
  "plasticity_drop": -7.257499999999993,
  "mean_acc": 79.32979166666667,
  "task_acc": [
    70.21666666666667,
    70.26666666666667,
    81.13333333333334,
    73.24166666666666,
    76.60833333333333,
    70.75,
    72.21666666666667,
    76.88333333333334,
    71.23333333333333,
    74.03333333333333,
    78.075,
    86.94166666666666,
    82.26666666666667,
    79.86666666666666,
    70.35,
    84.46666666666667,
    82.60833333333333,
    81.28333333333333,
    84.46666666666667,
    80.88333333333334,
    82.06666666666666,
    79.24166666666666,
    78.33333333333333,
    81.90833333333333,
    79.80833333333334,
    85.90833333333333,
    83.5,
    79.95,
    80.54166666666667,
    78.63333333333334,
    81.26666666666667,
    81.18333333333334,
    86.75833333333334,
    79.39166666666667,
    84.84166666666667,
    79.25,
    81.0,
    80.45,
    82.875,
    78.49166666666666
  ],
  "rank_traj": []
}