{
  "method": "adamo",
  "seed": 2,
  "early_acc": 66.45,
  "late_acc": 75.38333333333334,
  "plasticity_drop": -8.933333333333337,
  "mean_acc": 71.52541666666667,
  "task_acc": [
    60.05833333333333,
    67.96666666666667,
    69.125,
    68.53333333333333,
    66.56666666666666,
    60.09166666666667,
    69.13333333333334,
    73.85,
    61.833333333333336,
    64.20833333333333,
    67.10833333333333,
    75.575,
    72.26666666666667,
    62.891666666666666,
    75.375,
    78.64166666666667,
    66.4,
    66.84166666666667,
    69.69166666666666,
    74.75833333333334,
    75.025,
    72.84166666666667,
    74.53333333333333,
    64.25833333333334,
    84.05,
    74.03333333333333,
    76.50833333333334,
    74.85,
    71.15,
    69.01666666666667,
    69.19166666666666,
    72.91666666666667,
    85.25,
    64.93333333333334,
    71.50833333333334,
    78.14166666666667,
    85.63333333333334,
    74.48333333333333,
    76.74166666666666,
    75.03333333333333
  ],
  "rank_traj": []
}