{
  "method": "adamo",
  "seed": 0,
  "early_acc": 71.57833333333333,
  "late_acc": 80.29416666666665,
  "plasticity_drop": -8.715833333333322,
  "mean_acc": 77.438125,
  "task_acc": [
    67.69166666666666,
    66.44166666666666,
    79.55833333333334,
    69.81666666666666,
    74.38333333333334,
    64.325,
    69.75,
    72.70833333333333,
    69.85,
    70.40833333333333,
    75.38333333333334,
    82.85,
    80.46666666666667,
    74.18333333333334,
    69.31666666666666,
    82.15833333333333,
    83.38333333333334,
    78.35,
    82.29166666666667,
    78.48333333333333,
    80.29166666666667,
    76.76666666666667,
    75.41666666666667,
    81.29166666666667,
    80.20833333333333,
    84.86666666666666,
    82.61666666666666,
    81.025,
    81.59166666666667,
    78.70833333333333,
    79.575,
    80.425,
    86.64166666666667,
    78.26666666666667,
    85.01666666666667,
    76.03333333333333,
    80.50833333333334,
    79.575,
    81.59166666666667,
    75.30833333333334
  ],
  "rank_traj": []
}