{
  "method": "adamo",
  "seed": 2,
  "early_acc": 71.73333333333332,
  "late_acc": 83.36416666666668,
  "plasticity_drop": -11.630833333333356,
  "mean_acc": 79.73333333333333,
  "task_acc": [
    62.475,
    72.68333333333334,
    74.775,
    74.1,
    74.63333333333334,
    68.725,
    78.61666666666666,
    78.60833333333333,
    72.81666666666666,
    74.75833333333334,
    77.30833333333334,
    81.24166666666666,
    80.03333333333333,
    73.45,
    82.48333333333333,
    82.45833333333333,
    77.20833333333333,
    76.375,
    76.80833333333334,
    82.96666666666667,
    83.88333333333334,
    83.43333333333334,
    83.53333333333333,
    77.85833333333333,
    88.55833333333334,
    83.15,
    84.26666666666667,
    83.85,
    82.825,
    81.80833333333334,
    80.63333333333334,
    81.75,
    89.9,
    76.2,
    80.825,
    84.725,
    88.93333333333334,
    82.49166666666666,
    84.06666666666666,
    84.11666666666666
  ],
  "rank_traj": []
}