{
  "method": "ptc_adamo",
  "seed": 1,
  "early_acc": 72.725,
  "late_acc": 81.89166666666668,
  "plasticity_drop": -9.166666666666686,
  "mean_acc": 79.74291666666667,
  "task_acc": [
    67.1,
    80.48333333333333,
    74.30833333333334,
    68.20833333333333,
    73.525,
    86.0,
    78.55,
    80.00833333333334,
    79.63333333333334,
    80.04166666666667,
    77.175,
    80.63333333333334,
    78.275,
    77.925,
    80.125,
    80.14166666666667,
    76.39166666666667,
    76.25,
    88.34166666666667,
    82.23333333333333,
    84.81666666666666,
    76.85833333333333,
    83.0,
    80.45,
    78.525,
    80.53333333333333,
    81.725,
    81.41666666666667,
    77.48333333333333,
    80.64166666666667,
    79.25833333333334,
    79.15833333333333,
    86.525,
    77.60833333333333,
    88.275,
    83.60833333333333,
    79.28333333333333,
    82.26666666666667,
    82.09166666666667,
    80.84166666666667
  ],
  "rank_traj": []
}