{
  "method": "adam",
  "seed": 1,
  "early_acc": 65.32166666666667,
  "late_acc": 69.4225,
  "plasticity_drop": -4.100833333333327,
  "mean_acc": 67.70625,
  "task_acc": [
    63.15833333333333,
    77.20833333333333,
    65.925,
    55.13333333333333,
    65.18333333333334,
    80.16666666666667,
    68.45,
    68.35833333333333,
    68.2,
    69.3,
    64.225,
    68.725,
    62.333333333333336,
    62.291666666666664,
    67.18333333333334,
    70.65833333333333,
    59.59166666666667,
    56.225,
    80.86666666666666,
    69.83333333333333,
    76.6,
    61.583333333333336,
    69.86666666666666,
    63.516666666666666,
    66.71666666666667,
    65.75,
    69.09166666666667,
    68.8,
    60.733333333333334,
    68.35,
    67.425,
    61.083333333333336,
    76.60833333333333,
    58.55,
    77.88333333333334,
    70.14166666666667,
    66.925,
    72.19166666666666,
    72.46666666666667,
    70.95
  ],
  "rank_traj": []
}