{
  "method": "adamo",
  "seed": 1,
  "early_acc": 70.34666666666666,
  "late_acc": 82.33166666666666,
  "plasticity_drop": -11.985,
  "mean_acc": 78.93833333333333,
  "task_acc": [
    65.04166666666667,
    78.49166666666666,
    73.175,
    63.74166666666667,
    71.28333333333333,
    83.775,
    77.18333333333334,
    78.625,
    79.375,
    78.05,
    75.0,
    77.61666666666666,
    77.375,
    75.45,
    78.64166666666667,
    80.25,
    75.775,
    75.01666666666667,
    87.00833333333334,
    82.08333333333333,
    84.54166666666667,
    75.43333333333334,
    80.25833333333334,
    80.45,
    78.73333333333333,
    80.35833333333333,
    81.0,
    81.45833333333333,
    78.55,
    80.475,
    79.875,
    79.50833333333334,
    87.05,
    78.15,
    87.14166666666667,
    83.54166666666667,
    78.58333333333333,
    82.24166666666666,
    83.675,
    83.55
  ],
  "rank_traj": []
}