{
  "method": "adam",
  "seed": 2,
  "early_acc": 65.85333333333332,
  "late_acc": 68.655,
  "plasticity_drop": -2.8016666666666765,
  "mean_acc": 67.159375,
  "task_acc": [
    58.9,
    67.95833333333333,
    69.43333333333334,
    67.53333333333333,
    65.44166666666666,
    58.25,
    68.51666666666667,
    71.58333333333333,
    57.233333333333334,
    63.425,
    60.141666666666666,
    72.0,
    68.03333333333333,
    58.05,
    70.625,
    72.475,
    62.733333333333334,
    62.608333333333334,
    59.50833333333333,
    73.06666666666666,
    72.76666666666667,
    68.825,
    69.68333333333334,
    57.983333333333334,
    80.59166666666667,
    68.775,
    71.65833333333333,
    68.925,
    67.49166666666666,
    65.60833333333333,
    59.583333333333336,
    66.98333333333333,
    81.675,
    59.166666666666664,
    63.708333333333336,
    71.75,
    78.625,
    69.48333333333333,
    69.225,
    66.35
  ],
  "rank_traj": []
}