{
  "method": "cbp",
  "seed": 0,
  "early_acc": 70.335,
  "late_acc": 69.72166666666666,
  "plasticity_drop": 0.6133333333333297,
  "mean_acc": 70.29145833333334,
  "task_acc": [
    66.90833333333333,
    66.15,
    78.975,
    67.11666666666666,
    72.525,
    63.38333333333333,
    67.11666666666666,
    69.38333333333334,
    66.95,
    66.84166666666667,
    72.55,
    80.48333333333333,
    76.73333333333333,
    70.91666666666667,
    60.525,
    76.26666666666667,
    74.55,
    72.84166666666667,
    75.425,
    72.975,
    73.50833333333334,
    65.55833333333334,
    64.00833333333334,
    71.40833333333333,
    68.99166666666666,
    74.04166666666667,
    74.68333333333334,
    68.625,
    67.475,
    67.525,
    72.18333333333334,
    70.2,
    81.21666666666667,
    61.36666666666667,
    75.8,
    62.791666666666664,
    69.85,
    68.54166666666667,
    72.56666666666666,
    62.7
  ],
  "rank_traj": []
}