{
  "method": "cbp",
  "seed": 1,
  "early_acc": 66.53333333333333,
  "late_acc": 73.02583333333334,
  "plasticity_drop": -6.492500000000007,
  "mean_acc": 70.6425,
  "task_acc": [
    62.94166666666667,
    77.33333333333333,
    67.15833333333333,
    59.5,
    65.73333333333333,
    80.23333333333333,
    71.78333333333333,
    71.89166666666667,
    72.75,
    71.45833333333333,
    67.85,
    72.35,
    64.55,
    66.65833333333333,
    69.91666666666667,
    71.90833333333333,
    61.49166666666667,
    61.8,
    81.40833333333333,
    72.7,
    79.3,
    64.76666666666667,
    73.28333333333333,
    67.69166666666666,
    70.14166666666667,
    70.04166666666667,
    71.79166666666667,
    70.39166666666667,
    64.08333333333333,
    72.53333333333333,
    68.94166666666666,
    66.74166666666666,
    79.71666666666667,
    69.64166666666667,
    80.66666666666667,
    74.25,
    68.30833333333334,
    75.2,
    75.38333333333334,
    71.40833333333333
  ],
  "rank_traj": []
}