{
  "method": "cbp",
  "seed": 2,
  "early_acc": 66.70166666666667,
  "late_acc": 70.29499999999999,
  "plasticity_drop": -3.5933333333333195,
  "mean_acc": 69.44125,
  "task_acc": [
    59.725,
    68.78333333333333,
    68.74166666666666,
    67.91666666666667,
    68.34166666666667,
    60.266666666666666,
    70.15833333333333,
    74.24166666666666,
    61.84166666666667,
    63.90833333333333,
    64.50833333333334,
    75.79166666666667,
    72.01666666666667,
    59.858333333333334,
    72.0,
    76.45833333333333,
    68.35,
    65.68333333333334,
    65.25833333333334,
    74.98333333333333,
    75.375,
    73.375,
    73.375,
    66.19166666666666,
    84.55833333333334,
    70.08333333333333,
    71.9,
    68.98333333333333,
    66.95833333333333,
    65.06666666666666,
    63.125,
    69.54166666666667,
    83.11666666666666,
    59.30833333333333,
    65.75833333333334,
    72.525,
    80.55,
    71.325,
    69.425,
    68.275
  ],
  "rank_traj": []
}