{
  "method": "muon",
  "seed": 1,
  "early_acc": 66.28666666666668,
  "late_acc": 82.18083333333331,
  "plasticity_drop": -15.894166666666635,
  "mean_acc": 78.78062500000001,
  "task_acc": [
    60.575,
    78.33333333333333,
    68.325,
    55.791666666666664,
    68.40833333333333,
    86.5,
    75.09166666666667,
    79.775,
    74.575,
    80.83333333333333,
    74.13333333333334,
    77.81666666666666,
    74.525,
    74.475,
    81.7,
    80.75833333333334,
    78.71666666666667,
    78.25833333333334,
    85.90833333333333,
    81.40833333333333,
    85.05,
    80.75833333333334,
    79.46666666666667,
    78.9,
    83.16666666666667,
    82.33333333333333,
    81.10833333333333,
    79.775,
    79.43333333333334,
    83.51666666666667,
    82.76666666666667,
    78.66666666666667,
    86.71666666666667,
    78.55,
    84.83333333333333,
    82.73333333333333,
    81.875,
    83.06666666666666,
    82.69166666666666,
    79.90833333333333
  ],
  "rank_traj": []
}