{
  "method": "ptc_muon",
  "seed": 2,
  "early_acc": 71.85333333333332,
  "late_acc": 85.59833333333333,
  "plasticity_drop": -13.745000000000005,
  "mean_acc": 82.06229166666667,
  "task_acc": [
    57.358333333333334,
    73.83333333333333,
    74.74166666666666,
    76.10833333333333,
    77.225,
    71.41666666666667,
    81.81666666666666,
    83.75,
    76.24166666666666,
    77.125,
    79.75,
    84.9,
    80.80833333333334,
    79.81666666666666,
    84.25833333333334,
    85.63333333333334,
    82.46666666666667,
    81.98333333333333,
    80.14166666666667,
    85.525,
    86.31666666666666,
    84.7,
    84.49166666666666,
    80.03333333333333,
    90.0,
    84.675,
    87.18333333333334,
    86.1,
    83.93333333333334,
    84.175,
    83.4,
    83.725,
    90.125,
    79.83333333333333,
    83.94166666666666,
    86.05833333333334,
    89.85833333333333,
    85.175,
    87.91666666666667,
    85.95
  ],
  "rank_traj": []
}