{
  "method": "muon",
  "seed": 2,
  "early_acc": 68.51833333333335,
  "late_acc": 82.87,
  "plasticity_drop": -14.35166666666666,
  "mean_acc": 78.91125000000001,
  "task_acc": [
    55.891666666666666,
    71.11666666666666,
    69.28333333333333,
    73.50833333333334,
    72.79166666666667,
    62.96666666666667,
    79.35,
    79.95833333333333,
    71.38333333333334,
    75.11666666666666,
    75.91666666666667,
    81.33333333333333,
    75.91666666666667,
    76.45,
    83.06666666666666,
    84.31666666666666,
    78.23333333333333,
    81.20833333333333,
    77.91666666666667,
    82.475,
    84.825,
    80.71666666666667,
    80.675,
    77.725,
    85.61666666666666,
    81.29166666666667,
    82.46666666666667,
    85.7,
    79.74166666666666,
    80.79166666666667,
    81.81666666666666,
    81.775,
    85.03333333333333,
    79.68333333333334,
    81.14166666666667,
    84.01666666666667,
    82.3,
    83.88333333333334,
    84.3,
    84.75
  ],
  "rank_traj": []
}