{
  "method": "ptc_muon",
  "seed": 1,
  "early_acc": 68.88333333333333,
  "late_acc": 84.9125,
  "plasticity_drop": -16.02916666666667,
  "mean_acc": 81.73395833333333,
  "task_acc": [
    61.03333333333333,
    79.24166666666666,
    70.70833333333333,
    61.483333333333334,
    71.95,
    87.18333333333334,
    79.74166666666666,
    82.65833333333333,
    80.31666666666666,
    84.18333333333334,
    78.49166666666666,
    83.4,
    81.18333333333334,
    80.65833333333333,
    83.30833333333334,
    83.90833333333333,
    79.86666666666666,
    79.575,
    88.04166666666667,
    83.74166666666666,
    86.5,
    81.63333333333334,
    84.775,
    83.475,
    84.24166666666666,
    83.89166666666667,
    83.49166666666666,
    85.56666666666666,
    82.35,
    83.63333333333334,
    84.28333333333333,
    80.75833333333334,
    88.90833333333333,
    83.81666666666666,
    87.825,
    86.39166666666667,
    83.125,
    84.60833333333333,
    86.04166666666667,
    83.36666666666666
  ],
  "rank_traj": []
}