{
  "method": "muon",
  "seed": 0,
  "early_acc": 73.20166666666668,
  "late_acc": 81.69583333333334,
  "plasticity_drop": -8.494166666666658,
  "mean_acc": 79.845625,
  "task_acc": [
    66.775,
    67.55833333333334,
    79.50833333333334,
    71.30833333333334,
    80.85833333333333,
    71.425,
    75.625,
    79.48333333333333,
    75.2,
    77.75833333333334,
    80.14166666666667,
    84.28333333333333,
    82.26666666666667,
    78.15833333333333,
    76.3,
    82.55,
    83.525,
    79.90833333333333,
    84.46666666666667,
    82.64166666666667,
    83.58333333333333,
    79.85833333333333,
    79.24166666666666,
    80.85833333333333,
    83.1,
    83.725,
    84.55,
    80.675,
    81.325,
    80.20833333333333,
    79.94166666666666,
    83.55,
    84.55,
    79.33333333333333,
    84.39166666666667,
    81.5,
    80.66666666666667,
    79.89166666666667,
    83.41666666666667,
    79.71666666666667
  ],
  "rank_traj": []
}