{
  "method": "ptc_muon",
  "seed": 0,
  "early_acc": 75.10833333333333,
  "late_acc": 83.23416666666667,
  "plasticity_drop": -8.125833333333333,
  "mean_acc": 81.58250000000001,
  "task_acc": [
    67.26666666666667,
    66.66666666666667,
    82.3,
    76.60833333333333,
    82.7,
    73.23333333333333,
    79.19166666666666,
    80.06666666666666,
    78.75,
    80.63333333333334,
    81.48333333333333,
    87.05833333333334,
    83.825,
    82.25833333333334,
    77.8,
    84.29166666666667,
    85.08333333333333,
    83.49166666666666,
    84.54166666666667,
    83.48333333333333,
    84.64166666666667,
    82.31666666666666,
    81.03333333333333,
    82.875,
    83.33333333333333,
    85.21666666666667,
    84.40833333333333,
    82.96666666666667,
    82.31666666666666,
    81.11666666666666,
    79.80833333333334,
    84.46666666666667,
    87.225,
    83.10833333333333,
    85.95833333333333,
    82.09166666666667,
    82.25,
    82.94166666666666,
    84.225,
    80.26666666666667
  ],
  "rank_traj": []
}