{
  "method": "ptc_adamo",
  "seed": 2,
  "early_acc": 58.786666666666655,
  "late_acc": 61.31111111111111,
  "late_test_acc": 61.96,
  "test_acc": [
    61.8,
    65.0,
    62.2,
    67.0,
    66.4,
    70.0,
    56.2,
    52.6,
    71.6,
    46.8
  ],
  "ntk": null,
  "plasticity_drop": -2.5244444444444554,
  "mean_acc": 61.31111111111111,
  "task_acc": [
    55.544444444444444,
    60.522222222222226,
    59.21111111111111,
    53.91111111111111,
    64.74444444444444,
    69.27777777777777,
    60.266666666666666,
    61.36666666666667,
    66.92222222222222,
    61.34444444444444
  ],
  "rank_traj": []
}