{
  "method": "adam",
  "seed": 2,
  "early_acc": 46.29555555555556,
  "late_acc": 45.44555555555556,
  "late_test_acc": 49.54,
  "test_acc": [
    53.2,
    41.6,
    56.0,
    43.0,
    48.8,
    61.0,
    48.0,
    47.8,
    47.2,
    48.8
  ],
  "ntk": null,
  "plasticity_drop": 0.8500000000000014,
  "mean_acc": 45.44555555555556,
  "task_acc": [
    52.37777777777778,
    50.15555555555556,
    46.82222222222222,
    37.22222222222222,
    44.9,
    50.3,
    45.24444444444445,
    38.32222222222222,
    45.31111111111111,
    43.8
  ],
  "rank_traj": []
}