{
  "method": "adam",
  "seed": 1,
  "early_acc": 47.59777777777778,
  "late_acc": 43.09,
  "late_test_acc": 49.36,
  "test_acc": [
    56.6,
    42.6,
    61.6,
    44.6,
    55.8,
    44.6,
    44.8,
    39.2,
    54.2,
    49.6
  ],
  "ntk": null,
  "plasticity_drop": 4.507777777777775,
  "mean_acc": 43.09,
  "task_acc": [
    52.955555555555556,
    40.55555555555556,
    49.12222222222222,
    48.84444444444444,
    46.51111111111111,
    36.21111111111111,
    37.93333333333333,
    38.93333333333333,
    41.77777777777778,
    38.05555555555556
  ],
  "rank_traj": []
}