{
  "method": "adamo",
  "seed": 2,
  "early_acc": 57.69111111111111,
  "late_acc": 59.27444444444444,
  "late_test_acc": 62.06,
  "test_acc": [
    61.6,
    60.2,
    63.6,
    57.2,
    65.6,
    69.4,
    55.0,
    53.6,
    67.4,
    67.0
  ],
  "ntk": null,
  "plasticity_drop": -1.5833333333333286,
  "mean_acc": 59.27444444444444,
  "task_acc": [
    55.611111111111114,
    59.044444444444444,
    58.544444444444444,
    52.833333333333336,
    62.422222222222224,
    66.17777777777778,
    56.833333333333336,
    58.21111111111111,
    63.166666666666664,
    59.9
  ],
  "rank_traj": []
}