{
  "method": "adamo",
  "seed": 0,
  "early_acc": 55.757777777777775,
  "late_acc": 59.07444444444445,
  "late_test_acc": 61.44,
  "test_acc": [
    49.2,
    55.8,
    63.4,
    57.6,
    67.2,
    71.0,
    63.8,
    55.2,
    64.8,
    66.4
  ],
  "ntk": null,
  "plasticity_drop": -3.316666666666677,
  "mean_acc": 59.07444444444445,
  "task_acc": [
    50.355555555555554,
    50.36666666666667,
    60.577777777777776,
    56.22222222222222,
    61.266666666666666,
    65.85555555555555,
    65.03333333333333,
    56.98888888888889,
    58.766666666666666,
    65.31111111111112
  ],
  "rank_traj": []
}