{
  "method": "adamo",
  "seed": 1,
  "early_acc": 57.033333333333324,
  "late_acc": 57.658888888888896,
  "late_test_acc": 60.34000000000001,
  "test_acc": [
    60.8,
    49.2,
    63.6,
    60.2,
    70.0,
    56.0,
    54.8,
    59.4,
    67.2,
    62.2
  ],
  "ntk": null,
  "plasticity_drop": -0.6255555555555716,
  "mean_acc": 57.658888888888896,
  "task_acc": [
    56.27777777777778,
    47.55555555555556,
    58.78888888888889,
    58.3,
    64.24444444444444,
    53.74444444444445,
    53.31111111111111,
    60.72222222222222,
    62.022222222222226,
    61.62222222222222
  ],
  "rank_traj": []
}