{
  "method": "ptc_adamo",
  "seed": 1,
  "early_acc": 57.822222222222216,
  "late_acc": 58.277777777777786,
  "late_test_acc": 57.2,
  "test_acc": [
    55.0,
    48.8,
    64.4,
    61.4,
    53.8,
    45.6,
    52.4,
    66.4,
    62.2,
    62.0
  ],
  "ntk": null,
  "plasticity_drop": -0.4555555555555699,
  "mean_acc": 58.277777777777786,
  "task_acc": [
    56.355555555555554,
    48.25555555555555,
    59.86666666666667,
    59.48888888888889,
    65.14444444444445,
    55.48888888888889,
    54.91111111111111,
    59.75555555555555,
    62.1,
    61.41111111111111
  ],
  "rank_traj": []
}