{
  "method": "ptc_adamo",
  "seed": 0,
  "early_acc": 56.37777777777778,
  "late_acc": 60.486666666666665,
  "late_test_acc": 62.82000000000001,
  "test_acc": [
    49.2,
    46.0,
    70.0,
    59.6,
    72.6,
    65.6,
    74.4,
    70.6,
    56.6,
    63.6
  ],
  "ntk": null,
  "plasticity_drop": -4.108888888888885,
  "mean_acc": 60.486666666666665,
  "task_acc": [
    51.08888888888889,
    50.8,
    61.91111111111111,
    55.922222222222224,
    62.166666666666664,
    68.81111111111112,
    66.23333333333333,
    59.766666666666666,
    61.06666666666667,
    67.1
  ],
  "rank_traj": []
}