{
  "method": "adam",
  "seed": 0,
  "early_acc": 47.19555555555555,
  "late_acc": 45.19333333333333,
  "late_test_acc": 52.0,
  "test_acc": [
    48.4,
    47.8,
    52.0,
    46.0,
    57.6,
    66.6,
    51.0,
    48.2,
    49.8,
    52.6
  ],
  "ntk": null,
  "plasticity_drop": 2.0022222222222226,
  "mean_acc": 45.19333333333333,
  "task_acc": [
    47.077777777777776,
    44.3,
    49.9,
    44.17777777777778,
    50.522222222222226,
    53.355555555555554,
    39.3,
    43.111111111111114,
    36.13333333333333,
    44.05555555555556
  ],
  "rank_traj": []
}