{
  "method": "ptc_muon",
  "seed": 0,
  "early_acc": 59.92222222222223,
  "late_acc": 65.51444444444446,
  "late_test_acc": 67.77999999999999,
  "test_acc": [
    50.2,
    59.0,
    76.2,
    62.4,
    71.0,
    74.6,
    75.2,
    72.0,
    68.8,
    68.4
  ],
  "ntk": null,
  "plasticity_drop": -5.592222222222233,
  "mean_acc": 65.51444444444446,
  "task_acc": [
    47.05555555555556,
    53.78888888888889,
    68.95555555555555,
    60.9,
    68.91111111111111,
    72.86666666666666,
    72.93333333333334,
    68.17777777777778,
    67.83333333333333,
    73.72222222222223
  ],
  "rank_traj": []
}