{
  "method": "ptc_muon",
  "seed": 1,
  "early_acc": 60.14222222222222,
  "late_acc": 63.897777777777776,
  "late_test_acc": 64.74000000000001,
  "test_acc": [
    48.4,
    46.6,
    71.6,
    72.0,
    73.8,
    62.0,
    61.4,
    76.0,
    64.0,
    71.6
  ],
  "ntk": null,
  "plasticity_drop": -3.755555555555553,
  "mean_acc": 63.897777777777776,
  "task_acc": [
    54.977777777777774,
    48.62222222222222,
    62.94444444444444,
    64.37777777777778,
    69.78888888888889,
    63.75555555555555,
    61.87777777777778,
    72.11111111111111,
    69.21111111111111,
    71.31111111111112
  ],
  "rank_traj": []
}