{
  "method": "ptc_muon",
  "seed": 2,
  "early_acc": 61.18666666666667,
  "late_acc": 64.62777777777778,
  "late_test_acc": 65.55999999999999,
  "test_acc": [
    50.2,
    66.4,
    70.6,
    64.0,
    69.4,
    76.8,
    64.6,
    58.8,
    70.4,
    64.4
  ],
  "ntk": null,
  "plasticity_drop": -3.4411111111111126,
  "mean_acc": 64.62777777777778,
  "task_acc": [
    52.12222222222222,
    62.87777777777778,
    64.78888888888889,
    59.6,
    66.54444444444445,
    72.44444444444444,
    63.922222222222224,
    66.13333333333334,
    71.52222222222223,
    66.32222222222222
  ],
  "rank_traj": []
}