{
  "method": "adamo",
  "seed": 2,
  "early_acc": 52.56,
  "late_acc": 65.88300000000001,
  "plasticity_drop": -13.323000000000008,
  "mean_acc": 61.1596,
  "task_acc": [
    53.8,
    47.85,
    54.6,
    59.46,
    47.09,
    55.96,
    60.94,
    62.89,
    60.22,
    62.46,
    66.46,
    66.38,
    46.07,
    60.48,
    65.5,
    65.79,
    64.68,
    59.43,
    59.78,
    64.03,
    69.66,
    66.3,
    67.43,
    74.47,
    67.26
  ],
  "rank_traj": []
}