{
  "method": "adamo",
  "seed": 0,
  "early_acc": 52.17999999999999,
  "late_acc": 66.133,
  "plasticity_drop": -13.953000000000003,
  "mean_acc": 60.983599999999996,
  "task_acc": [
    46.48,
    54.99,
    49.89,
    51.23,
    58.31,
    56.23,
    62.14,
    57.32,
    52.81,
    57.59,
    58.65,
    67.77,
    73.19,
    53.16,
    63.5,
    61.1,
    65.86,
    62.68,
    61.0,
    76.04,
    64.98,
    67.21,
    69.32,
    67.14,
    66.0
  ],
  "rank_traj": []
}