{
  "method": "adamo",
  "seed": 2,
  "early_acc": 49.142,
  "late_acc": 62.14,
  "plasticity_drop": -12.997999999999998,
  "mean_acc": 56.93719999999999,
  "task_acc": [
    52.59,
    44.68,
    50.26,
    57.08,
    41.1,
    54.13,
    53.74,
    58.36,
    54.64,
    56.31,
    62.2,
    61.55,
    41.4,
    54.54,
    59.45,
    60.8,
    59.58,
    54.58,
    56.23,
    59.12,
    68.05,
    64.18,
    62.95,
    71.41,
    64.5
  ],
  "rank_traj": []
}