{
  "method": "adamo",
  "seed": 0,
  "early_acc": 52.996,
  "late_acc": 68.454,
  "plasticity_drop": -15.457999999999991,
  "mean_acc": 62.556400000000004,
  "task_acc": [
    48.04,
    54.94,
    50.16,
    51.84,
    60.0,
    54.73,
    63.86,
    58.05,
    54.43,
    57.75,
    59.52,
    69.18,
    76.16,
    54.13,
    66.58,
    66.11,
    66.51,
    65.24,
    64.07,
    78.49,
    66.69,
    67.74,
    72.12,
    70.14,
    67.43
  ],
  "rank_traj": []
}