{
  "method": "adamo",
  "seed": 1,
  "early_acc": 50.482,
  "late_acc": 66.668,
  "plasticity_drop": -16.186000000000007,
  "mean_acc": 60.00639999999999,
  "task_acc": [
    49.23,
    45.05,
    50.34,
    54.03,
    53.76,
    56.55,
    57.0,
    51.65,
    53.39,
    51.92,
    66.91,
    63.79,
    58.4,
    62.97,
    58.49,
    59.91,
    68.94,
    73.79,
    75.57,
    65.8,
    70.79,
    55.46,
    60.69,
    69.92,
    65.81
  ],
  "rank_traj": []
}