{
  "method": "adamo",
  "seed": 0,
  "early_acc": 49.635999999999996,
  "late_acc": 62.80200000000001,
  "plasticity_drop": -13.166000000000011,
  "mean_acc": 57.674400000000006,
  "task_acc": [
    45.76,
    51.65,
    45.79,
    48.7,
    56.28,
    52.27,
    61.13,
    55.36,
    48.36,
    52.71,
    52.67,
    64.71,
    71.51,
    48.74,
    58.2,
    58.52,
    61.25,
    59.66,
    57.77,
    74.05,
    60.92,
    62.52,
    65.14,
    65.23,
    62.96
  ],
  "rank_traj": []
}