{
  "method": "adamo",
  "seed": 2,
  "early_acc": 53.867999999999995,
  "late_acc": 67.636,
  "plasticity_drop": -13.768,
  "mean_acc": 62.818400000000004,
  "task_acc": [
    54.41,
    49.11,
    55.95,
    63.11,
    46.76,
    58.5,
    62.08,
    64.22,
    62.53,
    65.22,
    67.9,
    66.73,
    48.74,
    62.57,
    66.27,
    66.83,
    66.77,
    60.69,
    60.87,
    64.91,
    71.16,
    69.17,
    70.77,
    76.2,
    68.99
  ],
  "rank_traj": []
}