{
  "method": "adamo",
  "seed": 1,
  "early_acc": 52.592,
  "late_acc": 68.434,
  "plasticity_drop": -15.841999999999999,
  "mean_acc": 62.20839999999999,
  "task_acc": [
    49.58,
    47.0,
    53.79,
    56.48,
    56.11,
    61.81,
    60.23,
    53.62,
    56.27,
    55.54,
    69.42,
    65.99,
    60.74,
    64.28,
    60.01,
    63.47,
    72.02,
    75.82,
    77.37,
    66.27,
    71.42,
    57.84,
    60.99,
    72.28,
    66.86
  ],
  "rank_traj": []
}