{
  "method": "adamo",
  "seed": 1,
  "early_acc": 47.732,
  "late_acc": 60.602,
  "plasticity_drop": -12.869999999999997,
  "mean_acc": 53.97960000000001,
  "task_acc": [
    48.61,
    41.34,
    48.85,
    51.01,
    48.85,
    49.46,
    51.37,
    45.21,
    47.07,
    44.96,
    59.91,
    55.17,
    49.67,
    54.48,
    47.51,
    54.25,
    63.92,
    65.77,
    70.52,
    58.52,
    64.36,
    49.13,
    53.12,
    64.49,
    61.94
  ],
  "rank_traj": []
}