{
  "method": "adamo",
  "seed": 1,
  "early_acc": 56.258,
  "late_acc": 68.594,
  "ntk": null,
  "plasticity_drop": -12.335999999999991,
  "mean_acc": 63.208,
  "task_acc": [
    55.92,
    50.61,
    52.69,
    59.19,
    62.88,
    53.01,
    61.3,
    55.46,
    58.87,
    58.86,
    63.54,
    66.69,
    68.69,
    65.82,
    60.73,
    69.44,
    61.45,
    69.73,
    69.23,
    68.55,
    68.28,
    70.25,
    69.07,
    72.05,
    67.89
  ],
  "rank_traj": [
    96.72554016113281,
    110.78307342529297,
    93.96851348876953,
    95.91544342041016,
    97.2913589477539,
    108.39117431640625,
    100.26681518554688,
    113.34555053710938,
    111.17821502685547,
    108.34600830078125,
    108.23365020751953,
    103.24295043945312,
    105.3266372680664,
    104.06505584716797,
    107.59439849853516,
    103.5752944946289,
    109.44939422607422,
    118.5526123046875,
    117.88174438476562,
    113.23210906982422,
    108.58512115478516,
    102.93189239501953,
    106.40997314453125,
    96.57152557373047,
    105.77558898925781
  ]
}