{
  "method": "adamo",
  "seed": 0,
  "early_acc": 52.629999999999995,
  "late_acc": 68.32000000000001,
  "ntk": null,
  "plasticity_drop": -15.690000000000012,
  "mean_acc": 61.952799999999996,
  "task_acc": [
    44.3,
    50.03,
    54.42,
    57.73,
    56.67,
    57.94,
    63.48,
    48.03,
    53.08,
    68.89,
    59.93,
    66.1,
    63.3,
    56.95,
    64.77,
    67.44,
    66.7,
    65.25,
    69.21,
    71.62,
    66.24,
    66.76,
    70.96,
    71.78,
    67.24
  ],
  "rank_traj": [
    6.833981990814209,
    6.533018589019775,
    6.912108898162842,
    6.824207305908203,
    6.79646635055542,
    6.996482849121094,
    6.934979438781738,
    7.061806678771973,
    6.8392133712768555,
    7.184568405151367,
    7.028440475463867,
    7.029194355010986,
    6.898211479187012,
    6.900126934051514,
    7.209932327270508,
    7.398189067840576,
    7.160508632659912,
    6.951552867889404,
    7.370304107666016,
    7.338862895965576,
    7.07371187210083,
    6.971169948577881,
    6.9500603675842285,
    7.401329040527344,
    7.156330585479736
  ]
}