{
  "method": "adamo",
  "seed": 0,
  "early_acc": 56.754,
  "late_acc": 69.67,
  "ntk": null,
  "plasticity_drop": -12.916000000000004,
  "mean_acc": 64.1324,
  "task_acc": [
    50.37,
    54.85,
    57.55,
    62.34,
    58.66,
    60.82,
    65.33,
    51.47,
    55.5,
    71.04,
    61.51,
    68.65,
    64.37,
    56.71,
    67.44,
    69.53,
    66.02,
    66.01,
    71.79,
    74.06,
    68.61,
    66.76,
    72.71,
    72.96,
    68.25
  ],
  "rank_traj": [
    102.1265869140625,
    106.65872955322266,
    112.27005767822266,
    103.70719909667969,
    108.5721206665039,
    101.97344207763672,
    107.79837036132812,
    113.26288604736328,
    110.9193344116211,
    95.9871826171875,
    111.77915954589844,
    91.71048736572266,
    106.7131118774414,
    110.90229797363281,
    111.97115325927734,
    107.3921890258789,
    102.34332275390625,
    112.69227600097656,
    98.90390014648438,
    103.98113250732422,
    102.9478988647461,
    108.4492416381836,
    103.05236053466797,
    110.7177963256836,
    115.05854034423828
  ]
}