{
  "method": "adamo",
  "seed": 0,
  "early_acc": 56.564,
  "late_acc": 70.643,
  "ntk": null,
  "plasticity_drop": -14.079,
  "mean_acc": 64.4984,
  "task_acc": [
    50.22,
    55.08,
    56.63,
    61.6,
    59.29,
    62.49,
    64.5,
    51.88,
    54.21,
    69.9,
    61.11,
    68.29,
    64.77,
    58.33,
    67.73,
    70.14,
    67.44,
    67.72,
    71.09,
    74.96,
    69.23,
    68.65,
    74.15,
    74.66,
    68.39
  ],
  "rank_traj": [
    9.832745552062988,
    9.0877103805542,
    9.861027717590332,
    9.219080924987793,
    9.816651344299316,
    9.830673217773438,
    9.916730880737305,
    9.76455307006836,
    9.613834381103516,
    9.640585899353027,
    9.835958480834961,
    9.250365257263184,
    9.693721771240234,
    9.66903018951416,
    9.808107376098633,
    10.096704483032227,
    9.771697998046875,
    10.218586921691895,
    10.081473350524902,
    9.810579299926758,
    9.46815299987793,
    9.808332443237305,
    9.646004676818848,
    10.188158988952637,
    10.162792205810547
  ]
}