{
  "method": "adamo",
  "seed": 2,
  "early_acc": 57.476,
  "late_acc": 65.462,
  "ntk": null,
  "plasticity_drop": -7.986000000000004,
  "mean_acc": 63.3168,
  "task_acc": [
    55.46,
    46.18,
    64.73,
    60.76,
    60.25,
    61.78,
    62.33,
    68.03,
    65.12,
    66.85,
    65.92,
    65.11,
    58.89,
    65.87,
    61.02,
    64.78,
    69.78,
    62.46,
    69.8,
    64.7,
    62.01,
    68.92,
    68.95,
    60.54,
    62.68
  ],
  "rank_traj": [
    9.671775817871094,
    9.610300064086914,
    9.17043399810791,
    9.933550834655762,
    9.677295684814453,
    9.588350296020508,
    10.120625495910645,
    9.50307559967041,
    10.097367286682129,
    9.873205184936523,
    9.981951713562012,
    9.43283462524414,
    10.174169540405273,
    9.092461585998535,
    10.216029167175293,
    10.323891639709473,
    9.9602632522583,
    9.860750198364258,
    9.30898380279541,
    9.347091674804688,
    10.048859596252441,
    9.135653495788574,
    10.162215232849121,
    8.942214965820312,
    10.108712196350098
  ]
}