{
  "method": "adamo",
  "seed": 1,
  "early_acc": 54.275999999999996,
  "late_acc": 68.72200000000001,
  "ntk": null,
  "plasticity_drop": -14.446000000000012,
  "mean_acc": 63.37120000000001,
  "task_acc": [
    53.37,
    46.75,
    51.32,
    56.97,
    62.97,
    53.67,
    63.14,
    57.03,
    60.77,
    59.75,
    64.61,
    68.18,
    69.06,
    67.78,
    61.69,
    68.95,
    62.43,
    69.2,
    69.29,
    68.01,
    68.55,
    70.82,
    70.74,
    71.34,
    67.89
  ],
  "rank_traj": [
    9.600439071655273,
    10.049034118652344,
    8.812039375305176,
    9.561722755432129,
    9.565979957580566,
    9.881991386413574,
    9.872550010681152,
    9.857081413269043,
    9.938383102416992,
    9.67497730255127,
    9.567930221557617,
    9.329132080078125,
    9.904165267944336,
    9.313397407531738,
    9.417803764343262,
    9.636743545532227,
    9.105542182922363,
    10.32653522491455,
    10.26836109161377,
    9.652734756469727,
    10.256425857543945,
    9.369579315185547,
    9.663241386413574,
    9.45438003540039,
    9.885971069335938
  ]
}