{
  "method": "adamo",
  "seed": 1,
  "early_acc": 55.846000000000004,
  "late_acc": 67.95599999999999,
  "ntk": null,
  "plasticity_drop": -12.109999999999985,
  "mean_acc": 63.1484,
  "task_acc": [
    55.72,
    50.47,
    51.71,
    58.53,
    62.8,
    53.2,
    61.83,
    56.82,
    60.14,
    59.24,
    64.21,
    68.44,
    68.14,
    67.15,
    60.75,
    68.55,
    61.77,
    69.17,
    66.96,
    68.06,
    66.78,
    70.84,
    69.69,
    70.78,
    66.96
  ],
  "rank_traj": [
    14.55029010772705,
    15.717759132385254,
    14.4107084274292,
    14.490715980529785,
    13.759957313537598,
    15.330018997192383,
    14.36679458618164,
    15.549182891845703,
    14.656285285949707,
    14.658269882202148,
    14.397765159606934,
    13.95865249633789,
    14.245644569396973,
    14.128578186035156,
    14.211189270019531,
    14.406730651855469,
    13.768011093139648,
    15.453107833862305,
    15.216126441955566,
    14.680063247680664,
    14.549386978149414,
    13.702235221862793,
    14.634490966796875,
    14.06139850616455,
    14.411873817443848
  ]
}