{
  "method": "adamo",
  "seed": 2,
  "early_acc": 57.71400000000001,
  "late_acc": 65.369,
  "ntk": null,
  "plasticity_drop": -7.654999999999987,
  "mean_acc": 63.584799999999994,
  "task_acc": [
    55.84,
    46.37,
    65.76,
    60.11,
    60.49,
    63.66,
    64.92,
    69.23,
    64.33,
    64.89,
    68.61,
    65.87,
    60.13,
    64.56,
    61.16,
    66.18,
    68.3,
    63.08,
    68.3,
    63.68,
    62.66,
    68.61,
    68.6,
    62.53,
    61.75
  ],
  "rank_traj": [
    13.492146492004395,
    15.8050537109375,
    13.89535140991211,
    15.643366813659668,
    14.366766929626465,
    14.538582801818848,
    15.667834281921387,
    14.232415199279785,
    14.712024688720703,
    14.952911376953125,
    15.44395923614502,
    14.60767650604248,
    16.14400863647461,
    13.004410743713379,
    15.48503589630127,
    15.569722175598145,
    14.773588180541992,
    15.114608764648438,
    13.83434009552002,
    14.882879257202148,
    15.508722305297852,
    14.145370483398438,
    15.609847068786621,
    13.637511253356934,
    15.00096321105957
  ]
}