{
  "method": "adamo",
  "seed": 0,
  "early_acc": 56.788,
  "late_acc": 70.595,
  "ntk": null,
  "plasticity_drop": -13.807000000000002,
  "mean_acc": 64.61319999999999,
  "task_acc": [
    49.66,
    55.4,
    56.93,
    61.77,
    60.18,
    61.96,
    65.86,
    54.25,
    55.59,
    68.96,
    60.98,
    67.46,
    65.6,
    58.01,
    66.77,
    70.03,
    68.62,
    67.63,
    70.91,
    75.57,
    67.87,
    68.48,
    74.94,
    75.13,
    66.77
  ],
  "rank_traj": [
    14.480597496032715,
    14.671671867370605,
    15.377551078796387,
    14.682391166687012,
    14.847248077392578,
    14.86804485321045,
    15.765198707580566,
    15.506327629089355,
    14.279987335205078,
    14.620259284973145,
    14.948198318481445,
    14.006274223327637,
    14.823474884033203,
    14.794991493225098,
    14.88291072845459,
    14.916982650756836,
    14.883925437927246,
    15.185249328613281,
    14.921561241149902,
    14.898983001708984,
    13.978665351867676,
    14.510865211486816,
    14.358299255371094,
    15.264490127563477,
    14.561200141906738
  ]
}