{
  "method": "adamo",
  "seed": 2,
  "early_acc": 55.227999999999994,
  "late_acc": 63.785000000000004,
  "ntk": null,
  "plasticity_drop": -8.55700000000001,
  "mean_acc": 61.60960000000001,
  "task_acc": [
    52.0,
    43.83,
    63.75,
    57.49,
    59.07,
    61.17,
    62.62,
    66.79,
    61.99,
    66.15,
    65.12,
    62.69,
    57.08,
    63.83,
    58.81,
    61.94,
    69.59,
    61.1,
    67.2,
    61.92,
    61.1,
    66.33,
    66.32,
    59.85,
    62.5
  ],
  "rank_traj": [
    6.670145511627197,
    6.639116287231445,
    6.937842845916748,
    7.025419235229492,
    6.785958290100098,
    7.170698642730713,
    7.3502044677734375,
    7.150321960449219,
    7.152494430541992,
    7.022543430328369,
    7.267307281494141,
    6.900990962982178,
    7.101366996765137,
    6.7850141525268555,
    7.4103007316589355,
    7.422158718109131,
    7.476836681365967,
    6.996033191680908,
    6.865688800811768,
    7.105086803436279,
    7.014077186584473,
    7.042078495025635,
    7.23868465423584,
    6.778791427612305,
    7.256050109863281
  ]
}