{
  "method": "adamo",
  "seed": 1,
  "early_acc": 51.652,
  "late_acc": 65.999,
  "ntk": null,
  "plasticity_drop": -14.346999999999994,
  "mean_acc": 60.046400000000006,
  "task_acc": [
    52.11,
    44.98,
    47.95,
    53.69,
    59.53,
    47.14,
    55.08,
    52.34,
    56.27,
    56.43,
    60.67,
    66.52,
    66.58,
    64.08,
    57.8,
    68.57,
    59.71,
    66.2,
    62.47,
    65.55,
    66.15,
    69.19,
    66.95,
    69.31,
    65.89
  ],
  "rank_traj": [
    6.445168495178223,
    6.698460578918457,
    6.599210262298584,
    7.081836223602295,
    6.712955951690674,
    6.798245429992676,
    6.788929462432861,
    7.012834072113037,
    6.867718696594238,
    6.961272239685059,
    6.696259021759033,
    6.997668266296387,
    6.88224458694458,
    6.892394542694092,
    6.608935356140137,
    7.023759841918945,
    6.471001625061035,
    7.296773910522461,
    7.438834190368652,
    7.044190883636475,
    6.939493656158447,
    7.134464263916016,
    7.057234764099121,
    6.9050679206848145,
    7.058647155761719
  ]
}