{
  "method": "adamo",
  "seed": 2,
  "early_acc": 58.176,
  "late_acc": 65.47,
  "ntk": null,
  "plasticity_drop": -7.293999999999997,
  "mean_acc": 63.5216,
  "task_acc": [
    56.18,
    47.78,
    66.17,
    61.44,
    59.31,
    62.45,
    65.64,
    68.66,
    63.68,
    65.73,
    65.5,
    65.31,
    58.8,
    65.23,
    61.46,
    66.59,
    69.98,
    62.65,
    69.83,
    64.66,
    62.88,
    68.97,
    67.7,
    60.86,
    60.58
  ],
  "rank_traj": [
    95.84284210205078,
    119.41197204589844,
    94.9484634399414,
    107.25432586669922,
    106.9838638305664,
    101.58853149414062,
    111.58642578125,
    106.84376525878906,
    106.19383239746094,
    107.6454086303711,
    105.7301025390625,
    109.09558868408203,
    115.50153350830078,
    95.16058349609375,
    112.86264038085938,
    117.74668884277344,
    112.84283447265625,
    115.36112213134766,
    104.33718872070312,
    112.25288391113281,
    114.5989761352539,
    107.98121643066406,
    116.91419982910156,
    105.92569732666016,
    113.03245544433594
  ]
}