{
  "method": "ptc_muon",
  "seed": 0,
  "early_acc": 59.39399999999999,
  "late_acc": 76.896,
  "ntk": null,
  "plasticity_drop": -17.50200000000001,
  "mean_acc": 71.0632,
  "task_acc": [
    46.69,
    56.31,
    60.91,
    67.85,
    65.21,
    70.34,
    72.71,
    60.42,
    64.21,
    76.39,
    70.13,
    76.31,
    73.08,
    71.26,
    75.8,
    75.96,
    75.49,
    75.09,
    76.23,
    80.37,
    76.36,
    75.51,
    79.75,
    79.99,
    74.21
  ],
  "rank_traj": [
    7.061827182769775,
    6.872145652770996,
    7.286801338195801,
    7.414749622344971,
    7.496190547943115,
    7.51235818862915,
    7.48684024810791,
    7.449921607971191,
    7.482333183288574,
    7.524384021759033,
    7.6750617027282715,
    7.316441059112549,
    7.4472222328186035,
    7.1692376136779785,
    7.588144302368164,
    7.504751682281494,
    7.447092533111572,
    7.321096897125244,
    7.59531831741333,
    7.56822395324707,
    7.392841339111328,
    7.391278266906738,
    7.418487071990967,
    7.617229461669922,
    7.6883416175842285
  ]
}