{
  "method": "ptc_muon",
  "seed": 0,
  "early_acc": 59.896,
  "late_acc": 76.923,
  "ntk": null,
  "plasticity_drop": -17.027,
  "mean_acc": 71.56640000000002,
  "task_acc": [
    48.13,
    56.67,
    60.29,
    69.41,
    64.98,
    70.9,
    73.59,
    64.14,
    66.03,
    76.82,
    70.72,
    76.99,
    74.39,
    71.77,
    75.1,
    76.48,
    75.52,
    75.73,
    75.21,
    80.42,
    75.98,
    76.21,
    79.41,
    80.14,
    74.13
  ],
  "rank_traj": [
    12.594520568847656,
    13.708858489990234,
    14.09760856628418,
    13.286402702331543,
    13.83653450012207,
    12.888303756713867,
    13.519755363464355,
    13.816296577453613,
    13.64610767364502,
    12.244112014770508,
    13.524690628051758,
    12.79056167602539,
    12.750964164733887,
    12.974175453186035,
    12.968087196350098,
    12.979450225830078,
    13.10417366027832,
    12.809259414672852,
    13.027771949768066,
    12.526826858520508,
    12.377341270446777,
    12.460017204284668,
    12.69067096710205,
    12.88067626953125,
    13.153019905090332
  ]
}