{
  "method": "ptc_muon",
  "seed": 0,
  "early_acc": 60.459999999999994,
  "late_acc": 77.772,
  "ntk": null,
  "plasticity_drop": -17.312000000000012,
  "mean_acc": 71.9748,
  "task_acc": [
    48.24,
    57.11,
    60.99,
    70.3,
    65.66,
    72.38,
    74.4,
    61.69,
    63.63,
    76.18,
    70.68,
    78.48,
    74.31,
    71.12,
    76.48,
    76.89,
    75.48,
    76.79,
    77.61,
    81.2,
    78.15,
    76.91,
    79.79,
    80.71,
    74.19
  ],
  "rank_traj": [
    9.40868854522705,
    9.721487998962402,
    10.212495803833008,
    9.750082969665527,
    10.063472747802734,
    9.820008277893066,
    9.881013870239258,
    10.29533863067627,
    9.937487602233887,
    9.727697372436523,
    9.991859436035156,
    9.752433776855469,
    9.686704635620117,
    9.698287010192871,
    9.901915550231934,
    9.841259002685547,
    9.863280296325684,
    9.944360733032227,
    9.95914077758789,
    9.70759105682373,
    9.567314147949219,
    9.608479499816895,
    9.697001457214355,
    9.886456489562988,
    9.98650074005127
  ]
}