{
  "method": "ptc_muon",
  "seed": 1,
  "early_acc": 60.336,
  "late_acc": 76.595,
  "ntk": null,
  "plasticity_drop": -16.259,
  "mean_acc": 71.3712,
  "task_acc": [
    55.89,
    53.79,
    57.69,
    64.86,
    69.45,
    65.72,
    70.58,
    66.81,
    71.22,
    69.38,
    73.07,
    76.59,
    77.3,
    74.61,
    71.37,
    75.28,
    71.8,
    77.43,
    78.23,
    75.96,
    75.04,
    77.18,
    75.97,
    81.05,
    78.01
  ],
  "rank_traj": [
    13.89406967163086,
    14.498011589050293,
    13.474230766296387,
    13.376338005065918,
    13.8502836227417,
    14.052000999450684,
    13.542889595031738,
    13.821393966674805,
    12.96557331085205,
    13.756874084472656,
    13.23344612121582,
    13.026087760925293,
    12.867486953735352,
    12.580096244812012,
    12.718950271606445,
    13.004730224609375,
    12.928179740905762,
    13.40507698059082,
    12.860252380371094,
    12.651276588439941,
    13.217484474182129,
    12.430197715759277,
    13.04691219329834,
    12.492182731628418,
    12.673843383789062
  ]
}