{
  "method": "ptc_muon",
  "seed": 2,
  "early_acc": 61.504,
  "late_acc": 75.651,
  "ntk": null,
  "plasticity_drop": -14.146999999999998,
  "mean_acc": 71.72319999999999,
  "task_acc": [
    53.74,
    50.8,
    70.32,
    67.69,
    64.97,
    68.44,
    71.0,
    73.29,
    73.56,
    75.39,
    72.82,
    75.37,
    69.73,
    73.57,
    75.88,
    78.53,
    77.78,
    72.02,
    78.95,
    74.62,
    73.46,
    77.28,
    78.41,
    72.19,
    73.27
  ],
  "rank_traj": [
    9.082176208496094,
    10.162314414978027,
    9.850568771362305,
    10.07270622253418,
    9.702058792114258,
    9.51102066040039,
    9.747893333435059,
    9.447403907775879,
    10.08072566986084,
    9.684037208557129,
    9.786243438720703,
    9.785012245178223,
    10.16993522644043,
    9.607427597045898,
    10.278274536132812,
    10.119636535644531,
    10.02469253540039,
    9.967874526977539,
    9.636534690856934,
    9.857858657836914,
    9.837416648864746,
    9.929082870483398,
    9.855177879333496,
    9.714255332946777,
    9.947578430175781
  ]
}