{
  "method": "ptc_muon",
  "seed": 1,
  "early_acc": 60.92,
  "late_acc": 77.733,
  "ntk": null,
  "plasticity_drop": -16.813000000000002,
  "mean_acc": 72.2884,
  "task_acc": [
    56.35,
    53.23,
    57.24,
    65.43,
    72.35,
    65.77,
    72.32,
    69.25,
    70.21,
    70.5,
    74.06,
    76.25,
    78.89,
    76.45,
    71.58,
    77.5,
    71.86,
    78.71,
    78.17,
    77.79,
    75.68,
    78.37,
    78.68,
    81.71,
    78.86
  ],
  "rank_traj": [
    109.62791442871094,
    141.63479614257812,
    140.95262145996094,
    148.27806091308594,
    149.78494262695312,
    164.3359832763672,
    162.7000732421875,
    173.39361572265625,
    174.96377563476562,
    172.20266723632812,
    172.19578552246094,
    171.97816467285156,
    172.0021209716797,
    170.50665283203125,
    175.49844360351562,
    176.23153686523438,
    179.62591552734375,
    184.30638122558594,
    181.4812469482422,
    180.5176239013672,
    186.53851318359375,
    178.72019958496094,
    178.93313598632812,
    173.4176025390625,
    180.60562133789062
  ]
}