{
  "method": "ptc_muon",
  "seed": 0,
  "early_acc": 60.980000000000004,
  "late_acc": 78.20299999999999,
  "ntk": null,
  "plasticity_drop": -17.222999999999985,
  "mean_acc": 72.3704,
  "task_acc": [
    48.61,
    58.26,
    62.3,
    69.3,
    66.43,
    71.18,
    74.19,
    63.19,
    64.85,
    77.42,
    69.87,
    77.15,
    75.23,
    72.83,
    76.42,
    77.4,
    76.23,
    76.07,
    78.02,
    82.57,
    78.87,
    76.4,
    80.8,
    81.03,
    74.64
  ],
  "rank_traj": [
    58.333717346191406,
    92.4789810180664,
    74.53734588623047,
    142.20079040527344,
    122.80994415283203,
    143.08119201660156,
    154.81680297851562,
    168.31292724609375,
    171.9332275390625,
    159.1867218017578,
    175.45443725585938,
    168.0213623046875,
    175.25961303710938,
    178.64181518554688,
    173.05224609375,
    176.348388671875,
    175.2079620361328,
    182.5170135498047,
    173.9524383544922,
    174.46408081054688,
    177.01705932617188,
    180.04241943359375,
    175.83642578125,
    179.95057678222656,
    183.29978942871094
  ]
}