{
  "method": "ptc_muon",
  "seed": 2,
  "early_acc": 60.552,
  "late_acc": 74.21099999999998,
  "ntk": null,
  "plasticity_drop": -13.658999999999985,
  "mean_acc": 70.558,
  "task_acc": [
    54.35,
    49.68,
    66.37,
    67.62,
    64.74,
    67.42,
    70.88,
    71.63,
    73.55,
    74.25,
    72.95,
    73.56,
    67.94,
    72.8,
    74.1,
    76.96,
    75.68,
    70.11,
    77.35,
    72.68,
    72.43,
    75.18,
    77.45,
    70.36,
    73.91
  ],
  "rank_traj": [
    6.594654083251953,
    7.051235675811768,
    7.179476261138916,
    7.600555896759033,
    7.057168483734131,
    7.247447967529297,
    7.443218231201172,
    7.251945495605469,
    7.402591705322266,
    7.396381378173828,
    7.546194553375244,
    7.528382301330566,
    7.614803314208984,
    7.492486953735352,
    7.57777738571167,
    7.597249507904053,
    7.5848917961120605,
    7.540403366088867,
    7.279481887817383,
    7.619049072265625,
    7.449599742889404,
    7.4482808113098145,
    7.418612957000732,
    7.357222557067871,
    7.663994789123535
  ]
}