{
  "method": "ptc_muon",
  "seed": 2,
  "early_acc": 62.318000000000005,
  "late_acc": 75.69,
  "ntk": null,
  "plasticity_drop": -13.371999999999993,
  "mean_acc": 72.062,
  "task_acc": [
    54.11,
    52.63,
    69.74,
    68.53,
    66.58,
    69.54,
    72.02,
    74.14,
    73.45,
    76.26,
    74.03,
    75.09,
    70.0,
    73.78,
    74.75,
    77.67,
    77.48,
    71.26,
    78.59,
    75.18,
    73.47,
    76.7,
    79.43,
    73.14,
    73.98
  ],
  "rank_traj": [
    88.59602355957031,
    136.90191650390625,
    121.72686767578125,
    141.82070922851562,
    153.54522705078125,
    157.4100341796875,
    163.05299377441406,
    156.1009979248047,
    168.7163848876953,
    166.60556030273438,
    167.48158264160156,
    171.28334045410156,
    182.59231567382812,
    169.93240356445312,
    178.58033752441406,
    178.2500762939453,
    176.9663543701172,
    183.1163330078125,
    176.4113006591797,
    181.71011352539062,
    182.636474609375,
    180.9677734375,
    182.5749053955078,
    183.85047912597656,
    184.23855590820312
  ]
}