{
  "method": "ptc_muon",
  "seed": 1,
  "early_acc": 60.06999999999999,
  "late_acc": 77.53399999999999,
  "ntk": null,
  "plasticity_drop": -17.464,
  "mean_acc": 71.732,
  "task_acc": [
    55.58,
    51.65,
    57.07,
    65.41,
    70.64,
    64.05,
    71.16,
    68.55,
    70.58,
    69.61,
    75.12,
    74.76,
    78.42,
    75.34,
    70.02,
    77.19,
    72.32,
    79.59,
    78.49,
    76.86,
    75.51,
    78.03,
    77.32,
    81.3,
    78.73
  ],
  "rank_traj": [
    9.5487642288208,
    10.03354549407959,
    9.786524772644043,
    9.938172340393066,
    9.763023376464844,
    9.989938735961914,
    9.593266487121582,
    9.77209186553955,
    9.557339668273926,
    10.315583229064941,
    9.758062362670898,
    9.630971908569336,
    9.8045654296875,
    9.510329246520996,
    9.585111618041992,
    9.56269645690918,
    9.700838088989258,
    9.883131980895996,
    9.86022663116455,
    9.665584564208984,
    9.817933082580566,
    9.529006004333496,
    9.79417610168457,
    9.733951568603516,
    9.824909210205078
  ]
}