{
  "method": "ptc_muon",
  "seed": 1,
  "early_acc": 59.354,
  "late_acc": 77.468,
  "ntk": null,
  "plasticity_drop": -18.114000000000004,
  "mean_acc": 71.51079999999999,
  "task_acc": [
    55.51,
    52.54,
    55.9,
    63.0,
    69.82,
    65.21,
    70.97,
    68.65,
    70.33,
    68.6,
    73.17,
    75.9,
    78.62,
    74.84,
    70.03,
    76.72,
    70.69,
    78.13,
    79.29,
    77.62,
    76.83,
    77.44,
    77.87,
    80.98,
    79.11
  ],
  "rank_traj": [
    6.755128383636475,
    7.219395637512207,
    7.1402764320373535,
    7.191219329833984,
    7.452606201171875,
    7.578938961029053,
    7.311742782592773,
    7.398891448974609,
    7.2896270751953125,
    7.525304317474365,
    7.455010890960693,
    7.300119400024414,
    7.574972152709961,
    7.373597621917725,
    7.4259796142578125,
    7.488004684448242,
    7.375077247619629,
    7.443781852722168,
    7.742181777954102,
    7.5197601318359375,
    7.4760026931762695,
    7.221482276916504,
    7.5331830978393555,
    7.515231132507324,
    7.437977313995361
  ]
}