{
  "method": "ptc_muon",
  "seed": 2,
  "early_acc": 60.748000000000005,
  "late_acc": 74.155,
  "ntk": null,
  "plasticity_drop": -13.406999999999996,
  "mean_acc": 70.30760000000001,
  "task_acc": [
    53.94,
    50.65,
    66.41,
    67.82,
    64.92,
    67.07,
    69.48,
    71.73,
    72.45,
    74.21,
    71.35,
    73.07,
    68.49,
    70.53,
    74.02,
    76.56,
    75.63,
    69.88,
    77.39,
    74.17,
    72.72,
    74.93,
    77.5,
    70.48,
    72.29
  ],
  "rank_traj": [
    12.073541641235352,
    14.000218391418457,
    13.070194244384766,
    14.269481658935547,
    13.450760841369629,
    13.504288673400879,
    13.400169372558594,
    13.02405071258545,
    13.614487648010254,
    13.223414421081543,
    12.929693222045898,
    12.920376777648926,
    13.889320373535156,
    13.213042259216309,
    13.440122604370117,
    13.183699607849121,
    12.942776679992676,
    13.498224258422852,
    12.404268264770508,
    13.04723072052002,
    13.326866149902344,
    13.093305587768555,
    12.812665939331055,
    12.655017852783203,
    12.950826644897461
  ]
}