{
  "method": "ptc_muon",
  "seed": 0,
  "early_acc": 61.564,
  "late_acc": 78.65299999999999,
  "ntk": null,
  "plasticity_drop": -17.08899999999999,
  "mean_acc": 72.8092,
  "task_acc": [
    47.64,
    59.13,
    63.34,
    69.5,
    68.21,
    71.36,
    74.46,
    64.52,
    65.75,
    77.97,
    71.01,
    77.85,
    74.35,
    71.94,
    76.67,
    77.85,
    76.94,
    77.64,
    78.11,
    82.14,
    77.8,
    77.77,
    80.95,
    81.46,
    75.87
  ],
  "rank_traj": []
}