{
  "method": "ptc_muon",
  "seed": 0,
  "early_acc": 29.387999999999998,
  "late_acc": 35.162000000000006,
  "ntk": null,
  "plasticity_drop": -5.774000000000008,
  "mean_acc": 32.400800000000004,
  "task_acc": [
    26.36,
    30.59,
    27.72,
    27.13,
    35.14,
    32.42,
    31.77,
    27.17,
    25.46,
    41.2,
    22.96,
    35.68,
    31.63,
    32.17,
    31.0,
    40.06,
    30.87,
    34.62,
    31.85,
    39.03,
    37.8,
    31.25,
    42.46,
    35.23,
    28.45
  ],
  "rank_traj": []
}