{
  "method": "ptc_muon",
  "seed": 2,
  "early_acc": 29.815999999999995,
  "late_acc": 35.319,
  "ntk": null,
  "plasticity_drop": -5.503000000000007,
  "mean_acc": 33.2312,
  "task_acc": [
    33.41,
    23.27,
    33.49,
    29.74,
    29.17,
    32.72,
    28.34,
    35.13,
    27.45,
    37.44,
    34.97,
    33.09,
    23.76,
    43.53,
    32.08,
    38.36,
    36.24,
    29.84,
    38.97,
    34.63,
    36.51,
    35.53,
    32.56,
    39.39,
    31.16
  ],
  "rank_traj": []
}