{
  "method": "ptc_muon",
  "seed": 2,
  "early_acc": 52.802,
  "late_acc": 70.44000000000001,
  "ntk": null,
  "plasticity_drop": -17.638000000000012,
  "mean_acc": 64.8892,
  "task_acc": [
    50.25,
    41.62,
    61.08,
    56.3,
    54.76,
    59.01,
    60.37,
    68.23,
    66.75,
    67.24,
    67.48,
    68.94,
    61.38,
    68.37,
    66.05,
    69.56,
    72.68,
    66.69,
    75.3,
    69.82,
    69.33,
    71.92,
    73.37,
    66.08,
    69.65
  ],
  "rank_traj": []
}