{
  "method": "ptc_muon",
  "seed": 1,
  "early_acc": 30.815999999999995,
  "late_acc": 37.419,
  "ntk": null,
  "plasticity_drop": -6.6030000000000015,
  "mean_acc": 34.243199999999995,
  "task_acc": [
    29.15,
    26.81,
    34.15,
    31.01,
    32.96,
    31.99,
    30.79,
    31.5,
    26.83,
    31.61,
    27.93,
    39.17,
    37.09,
    36.09,
    34.81,
    37.81,
    36.36,
    39.67,
    33.15,
    37.61,
    32.37,
    41.08,
    36.64,
    40.77,
    38.73
  ],
  "rank_traj": []
}