{
  "method": "ptc_muon",
  "seed": 2,
  "early_acc": 45.892,
  "late_acc": 60.272000000000006,
  "ntk": null,
  "plasticity_drop": -14.380000000000003,
  "mean_acc": 54.534,
  "task_acc": [
    43.71,
    33.49,
    53.49,
    49.92,
    48.85,
    48.37,
    49.45,
    55.9,
    54.7,
    56.01,
    53.71,
    54.4,
    46.91,
    60.45,
    51.27,
    59.46,
    62.5,
    54.3,
    64.11,
    59.66,
    59.93,
    62.77,
    61.22,
    59.06,
    59.71
  ],
  "rank_traj": []
}