{
  "method": "ptc_muon",
  "seed": 1,
  "early_acc": 35.376000000000005,
  "late_acc": 47.64999999999999,
  "ntk": null,
  "plasticity_drop": -12.273999999999987,
  "mean_acc": 41.7644,
  "task_acc": [
    34.63,
    28.26,
    37.97,
    37.81,
    38.21,
    34.92,
    34.33,
    39.29,
    35.8,
    39.88,
    36.45,
    42.85,
    45.91,
    43.14,
    38.16,
    47.36,
    42.87,
    49.11,
    43.23,
    49.12,
    43.5,
    53.56,
    47.66,
    53.57,
    46.52
  ],
  "rank_traj": []
}