{
  "method": "ptc_muon",
  "seed": 0,
  "early_acc": 45.574,
  "late_acc": 65.275,
  "ntk": null,
  "plasticity_drop": -19.701000000000008,
  "mean_acc": 55.86240000000001,
  "task_acc": [
    39.28,
    43.93,
    46.35,
    47.89,
    50.42,
    49.94,
    51.33,
    41.15,
    45.75,
    62.05,
    45.1,
    56.61,
    53.19,
    51.61,
    59.21,
    62.76,
    58.51,
    61.36,
    63.64,
    71.64,
    65.7,
    64.22,
    70.51,
    69.94,
    64.47
  ],
  "rank_traj": []
}