{
  "method": "ptc_muon",
  "seed": 1,
  "early_acc": 61.63399999999999,
  "late_acc": 78.474,
  "ntk": null,
  "plasticity_drop": -16.84000000000001,
  "mean_acc": 72.9552,
  "task_acc": [
    56.98,
    54.58,
    58.14,
    66.91,
    71.56,
    67.19,
    71.91,
    69.99,
    71.33,
    71.54,
    73.74,
    76.18,
    79.52,
    76.31,
    73.26,
    78.25,
    73.54,
    79.11,
    79.56,
    78.19,
    76.74,
    79.72,
    78.54,
    81.92,
    79.17
  ],
  "rank_traj": []
}