{
  "method": "ptc_muon",
  "seed": 1,
  "early_acc": 51.882000000000005,
  "late_acc": 75.24199999999999,
  "ntk": null,
  "plasticity_drop": -23.359999999999985,
  "mean_acc": 66.14479999999999,
  "task_acc": [
    51.17,
    45.95,
    47.34,
    55.38,
    59.57,
    53.07,
    61.65,
    58.2,
    62.43,
    61.88,
    64.67,
    69.72,
    73.59,
    71.4,
    65.18,
    73.61,
    67.3,
    74.78,
    73.55,
    75.94,
    74.7,
    77.01,
    77.52,
    79.72,
    78.29
  ],
  "rank_traj": []
}