{
  "method": "ptc_muon",
  "seed": 2,
  "early_acc": 61.394000000000005,
  "late_acc": 75.574,
  "ntk": null,
  "plasticity_drop": -14.179999999999993,
  "mean_acc": 71.798,
  "task_acc": [
    53.66,
    50.42,
    67.96,
    69.25,
    65.68,
    69.47,
    72.26,
    74.57,
    74.02,
    75.33,
    73.53,
    76.45,
    69.79,
    73.35,
    73.47,
    78.55,
    77.54,
    70.78,
    78.17,
    74.94,
    73.41,
    76.6,
    78.45,
    73.48,
    73.82
  ],
  "rank_traj": []
}