{
  "method": "adamw",
  "seed": 3,
  "early_acc": 50.882000000000005,
  "late_acc": 38.965,
  "ntk": null,
  "plasticity_drop": 11.917000000000002,
  "mean_acc": 40.9424,
  "task_acc": [
    56.32,
    52.51,
    49.7,
    44.83,
    51.05,
    45.0,
    29.46,
    36.28,
    40.31,
    36.61,
    39.35,
    38.12,
    39.89,
    39.57,
    34.91,
    41.08,
    39.74,
    42.74,
    38.25,
    42.55,
    37.38,
    40.31,
    34.8,
    40.57,
    32.23
  ],
  "rank_traj": []
}