{
  "method": "adamw",
  "seed": 2,
  "early_acc": 48.577999999999996,
  "late_acc": 43.219,
  "ntk": null,
  "plasticity_drop": 5.358999999999995,
  "mean_acc": 45.9664,
  "task_acc": [
    52.89,
    39.78,
    56.47,
    47.73,
    46.02,
    51.13,
    47.76,
    54.25,
    49.84,
    51.21,
    47.64,
    42.53,
    39.87,
    51.29,
    38.56,
    43.37,
    48.97,
    41.43,
    51.48,
    43.11,
    38.57,
    47.83,
    40.92,
    41.71,
    34.8
  ],
  "rank_traj": []
}