{
  "method": "adamw",
  "seed": 1,
  "early_acc": 46.528,
  "late_acc": 46.024,
  "plasticity_drop": 0.5039999999999978,
  "mean_acc": 44.67359999999999,
  "task_acc": [
    53.92,
    42.12,
    43.3,
    45.6,
    47.7,
    37.21,
    39.18,
    40.22,
    37.0,
    40.06,
    37.8,
    47.71,
    52.51,
    47.3,
    44.97,
    46.63,
    42.56,
    47.76,
    43.81,
    44.92,
    46.07,
    51.31,
    48.42,
    44.52,
    44.24
  ],
  "rank_traj": []
}