{
  "method": "l2init",
  "seed": 3,
  "early_acc": 51.584,
  "late_acc": 47.312,
  "ntk": null,
  "plasticity_drop": 4.272000000000006,
  "mean_acc": 46.333200000000005,
  "task_acc": [
    56.63,
    52.67,
    49.37,
    45.77,
    53.48,
    46.84,
    35.38,
    39.39,
    48.03,
    41.83,
    36.88,
    39.89,
    42.31,
    49.79,
    46.95,
    49.19,
    47.22,
    51.74,
    42.94,
    51.18,
    43.48,
    48.76,
    42.65,
    50.07,
    45.89
  ],
  "rank_traj": []
}