{
  "method": "l2init",
  "seed": 2,
  "early_acc": 49.632000000000005,
  "late_acc": 47.218999999999994,
  "ntk": null,
  "plasticity_drop": 2.413000000000011,
  "mean_acc": 48.71799999999999,
  "task_acc": [
    53.09,
    40.47,
    56.63,
    49.8,
    48.17,
    51.63,
    48.79,
    54.87,
    50.61,
    51.58,
    51.6,
    52.24,
    43.27,
    52.98,
    40.03,
    47.54,
    51.77,
    44.28,
    54.82,
    48.18,
    42.22,
    53.01,
    45.93,
    46.16,
    38.28
  ],
  "rank_traj": []
}