{
  "method": "l2init",
  "seed": 4,
  "early_acc": 52.657999999999994,
  "late_acc": 49.849000000000004,
  "ntk": null,
  "plasticity_drop": 2.8089999999999904,
  "mean_acc": 47.48799999999999,
  "task_acc": [
    56.66,
    57.75,
    46.03,
    51.48,
    51.37,
    42.86,
    47.81,
    34.05,
    47.5,
    45.48,
    39.72,
    30.54,
    44.11,
    47.07,
    46.28,
    43.02,
    51.6,
    40.67,
    47.82,
    48.84,
    51.81,
    56.49,
    53.4,
    58.09,
    46.75
  ],
  "rank_traj": []
}