{
  "method": "l2init",
  "seed": 1,
  "early_acc": 47.114,
  "late_acc": 50.17399999999999,
  "plasticity_drop": -3.059999999999995,
  "mean_acc": 48.0868,
  "task_acc": [
    53.82,
    42.79,
    43.68,
    46.03,
    49.25,
    39.42,
    44.71,
    46.05,
    44.93,
    44.15,
    45.33,
    52.17,
    53.65,
    49.14,
    45.31,
    50.81,
    46.54,
    51.6,
    45.95,
    47.41,
    49.13,
    55.48,
    54.5,
    51.71,
    48.61
  ],
  "rank_traj": []
}