{
  "method": "redo",
  "seed": 4,
  "early_acc": 52.452,
  "late_acc": 46.235,
  "ntk": null,
  "plasticity_drop": 6.216999999999999,
  "mean_acc": 45.227999999999994,
  "task_acc": [
    56.1,
    59.1,
    46.77,
    53.16,
    47.13,
    42.05,
    49.8,
    38.88,
    46.42,
    42.03,
    37.9,
    27.59,
    37.48,
    41.63,
    42.31,
    43.33,
    45.58,
    38.1,
    46.09,
    47.28,
    48.09,
    53.03,
    47.67,
    52.06,
    41.12
  ],
  "rank_traj": []
}