{
  "method": "redo",
  "seed": 3,
  "early_acc": 51.589999999999996,
  "late_acc": 42.969,
  "ntk": null,
  "plasticity_drop": 8.620999999999995,
  "mean_acc": 43.91479999999999,
  "task_acc": [
    56.64,
    52.47,
    49.53,
    45.22,
    54.09,
    45.48,
    34.22,
    39.25,
    42.91,
    39.36,
    42.77,
    41.13,
    41.2,
    43.82,
    40.09,
    47.6,
    44.66,
    43.99,
    39.36,
    49.44,
    35.87,
    46.62,
    40.12,
    44.68,
    37.35
  ],
  "rank_traj": []
}