{
  "method": "redo",
  "seed": 0,
  "early_acc": 46.802,
  "late_acc": 44.084,
  "plasticity_drop": 2.7179999999999964,
  "mean_acc": 44.044399999999996,
  "task_acc": [
    47.35,
    45.18,
    42.96,
    49.6,
    48.92,
    46.49,
    50.73,
    39.46,
    38.99,
    49.88,
    37.5,
    43.44,
    42.86,
    38.31,
    38.6,
    48.54,
    46.55,
    42.21,
    41.05,
    45.03,
    43.58,
    41.45,
    50.74,
    42.09,
    39.6
  ],
  "rank_traj": []
}