{
  "method": "redo",
  "seed": 1,
  "early_acc": 46.718,
  "late_acc": 45.153999999999996,
  "plasticity_drop": 1.5640000000000072,
  "mean_acc": 43.604800000000004,
  "task_acc": [
    53.99,
    42.23,
    43.99,
    44.73,
    48.65,
    38.35,
    42.43,
    39.41,
    33.71,
    36.88,
    36.46,
    45.03,
    45.61,
    43.29,
    43.82,
    44.35,
    40.79,
    47.0,
    42.63,
    45.12,
    43.87,
    50.97,
    45.95,
    50.54,
    40.32
  ],
  "rank_traj": []
}