{
  "method": "redo",
  "seed": 2,
  "early_acc": 49.722,
  "late_acc": 42.74300000000001,
  "ntk": null,
  "plasticity_drop": 6.978999999999992,
  "mean_acc": 45.86639999999999,
  "task_acc": [
    53.63,
    39.76,
    56.72,
    48.9,
    49.6,
    50.43,
    42.99,
    51.96,
    48.64,
    50.19,
    49.26,
    47.12,
    40.93,
    49.83,
    39.27,
    40.85,
    45.15,
    37.58,
    51.53,
    42.17,
    38.67,
    47.2,
    41.29,
    43.64,
    39.35
  ],
  "rank_traj": []
}