{
  "method": "sgd",
  "seed": 2,
  "early_acc": 47.162000000000006,
  "late_acc": 41.182,
  "ntk": null,
  "plasticity_drop": 5.980000000000004,
  "mean_acc": 44.498000000000005,
  "task_acc": [
    48.71,
    36.78,
    55.8,
    48.42,
    46.1,
    49.77,
    41.85,
    50.22,
    45.94,
    49.34,
    49.67,
    49.17,
    39.04,
    51.9,
    37.92,
    40.17,
    46.01,
    37.05,
    47.45,
    38.35,
    39.29,
    40.49,
    41.58,
    44.64,
    36.79
  ],
  "rank_traj": []
}