{
  "method": "sgd",
  "seed": 4,
  "early_acc": 52.577999999999996,
  "late_acc": 44.209999999999994,
  "ntk": null,
  "plasticity_drop": 8.368000000000002,
  "mean_acc": 45.69919999999999,
  "task_acc": [
    51.54,
    57.54,
    48.01,
    55.13,
    50.67,
    46.74,
    47.14,
    40.07,
    53.21,
    46.32,
    39.07,
    32.3,
    42.73,
    45.05,
    44.86,
    36.54,
    45.14,
    37.84,
    43.88,
    46.84,
    48.52,
    51.92,
    43.81,
    48.03,
    39.58
  ],
  "rank_traj": []
}