{
  "method": "sgd",
  "seed": 1,
  "early_acc": 44.8,
  "late_acc": 42.574,
  "plasticity_drop": 2.225999999999999,
  "mean_acc": 42.66959999999999,
  "task_acc": [
    47.29,
    41.97,
    45.72,
    45.41,
    43.61,
    39.28,
    42.02,
    42.04,
    36.94,
    38.04,
    36.04,
    46.57,
    49.36,
    44.23,
    42.48,
    42.94,
    39.83,
    44.77,
    38.72,
    42.07,
    43.39,
    50.19,
    38.29,
    44.0,
    41.54
  ],
  "rank_traj": []
}