{
  "method": "sgd",
  "seed": 0,
  "early_acc": 46.304,
  "late_acc": 44.938,
  "plasticity_drop": 1.3659999999999997,
  "mean_acc": 44.525600000000004,
  "task_acc": [
    41.52,
    44.97,
    47.56,
    47.94,
    49.53,
    48.08,
    48.99,
    36.22,
    37.67,
    52.51,
    36.7,
    45.41,
    42.43,
    41.01,
    43.22,
    51.52,
    42.98,
    44.13,
    43.96,
    47.24,
    42.75,
    39.16,
    56.5,
    44.21,
    36.93
  ],
  "rank_traj": []
}