{
  "method": "shrink_perturb",
  "seed": 3,
  "early_acc": 42.370000000000005,
  "late_acc": 24.689999999999998,
  "ntk": null,
  "plasticity_drop": 17.680000000000007,
  "mean_acc": 27.721600000000002,
  "task_acc": [
    55.82,
    43.95,
    42.19,
    31.4,
    38.49,
    32.38,
    21.54,
    20.39,
    22.38,
    21.08,
    21.2,
    23.02,
    27.19,
    25.22,
    19.89,
    25.15,
    26.2,
    26.42,
    21.34,
    25.09,
    22.47,
    25.32,
    24.47,
    25.96,
    24.48
  ],
  "rank_traj": []
}