{
  "method": "shrink_perturb",
  "seed": 4,
  "early_acc": 43.358000000000004,
  "late_acc": 24.691999999999997,
  "ntk": null,
  "plasticity_drop": 18.666000000000007,
  "mean_acc": 27.680000000000003,
  "task_acc": [
    56.16,
    51.51,
    37.45,
    36.84,
    34.83,
    26.2,
    25.85,
    20.39,
    24.15,
    24.01,
    20.95,
    15.46,
    18.93,
    26.73,
    25.62,
    19.21,
    21.61,
    21.8,
    21.61,
    27.77,
    23.3,
    26.77,
    23.95,
    33.29,
    27.61
  ],
  "rank_traj": []
}