{
  "method": "shrink_perturb",
  "seed": 0,
  "early_acc": 39.358000000000004,
  "late_acc": 25.866999999999997,
  "plasticity_drop": 13.491000000000007,
  "mean_acc": 27.183200000000003,
  "task_acc": [
    46.85,
    41.01,
    38.01,
    35.62,
    35.3,
    32.97,
    28.48,
    19.98,
    20.65,
    18.18,
    18.33,
    19.29,
    20.35,
    24.07,
    21.82,
    29.27,
    26.93,
    23.88,
    22.8,
    27.55,
    31.67,
    26.14,
    27.64,
    23.54,
    19.25
  ],
  "rank_traj": []
}