{
  "method": "shrink_perturb",
  "seed": 2,
  "early_acc": 36.864,
  "late_acc": 23.662,
  "ntk": null,
  "plasticity_drop": 13.201999999999998,
  "mean_acc": 26.176399999999997,
  "task_acc": [
    52.97,
    35.72,
    40.07,
    30.85,
    24.71,
    25.08,
    23.32,
    28.03,
    23.42,
    27.19,
    27.72,
    19.58,
    19.38,
    19.97,
    19.78,
    20.48,
    25.94,
    19.73,
    24.37,
    22.72,
    25.55,
    24.99,
    23.49,
    29.06,
    20.29
  ],
  "rank_traj": []
}