{
  "method": "adamo",
  "seed": 1,
  "early_acc": 56.32000000000001,
  "late_acc": 67.837,
  "ntk": {
    "ntk_erank": 15.121162214519114,
    "ntk_cond": 4472.349395455272,
    "wcond_median": 1.0769281387329102
  },
  "plasticity_drop": -11.516999999999996,
  "mean_acc": 62.966,
  "task_acc": [
    56.49,
    51.17,
    52.52,
    59.0,
    62.42,
    53.43,
    61.34,
    56.24,
    59.85,
    59.09,
    63.64,
    67.22,
    66.67,
    65.32,
    61.38,
    69.39,
    60.08,
    68.95,
    67.21,
    67.98,
    66.91,
    69.54,
    70.73,
    70.87,
    66.71
  ],
  "rank_traj": []
}