{
  "method": "adam",
  "seed": 0,
  "early_acc": 46.216,
  "late_acc": 42.818999999999996,
  "ntk": {
    "ntk_erank": 2.4717722553033488,
    "ntk_cond": 516456.9977096902,
    "wcond_median": 7.858733177185059
  },
  "plasticity_drop": 3.3970000000000056,
  "mean_acc": 42.5884,
  "task_acc": [
    46.92,
    43.83,
    46.04,
    47.14,
    47.15,
    42.12,
    45.43,
    35.04,
    38.97,
    52.91,
    34.1,
    44.3,
    37.53,
    37.86,
    37.18,
    46.93,
    43.07,
    42.14,
    36.08,
    44.05,
    44.17,
    41.59,
    48.0,
    45.94,
    36.22
  ],
  "rank_traj": []
}