{
  "method": "adam",
  "seed": 1,
  "early_acc": 46.245999999999995,
  "late_acc": 43.761,
  "ntk": {
    "ntk_erank": 2.8520964172029966,
    "ntk_cond": 871916.2581288919,
    "wcond_median": 7.944431304931641
  },
  "plasticity_drop": 2.4849999999999923,
  "mean_acc": 43.82160000000001,
  "task_acc": [
    53.89,
    43.25,
    42.77,
    43.78,
    47.54,
    38.33,
    42.74,
    42.05,
    38.93,
    38.03,
    42.01,
    48.98,
    51.14,
    43.04,
    41.45,
    41.75,
    39.74,
    45.3,
    39.88,
    44.2,
    44.69,
    49.85,
    46.61,
    43.69,
    41.9
  ],
  "rank_traj": []
}