{
  "method": "adamo",
  "seed": 0,
  "early_acc": 56.684000000000005,
  "late_acc": 69.069,
  "ntk": {
    "ntk_erank": 19.77605404089953,
    "ntk_cond": 2305.871788757495,
    "wcond_median": 1.0595028400421143
  },
  "plasticity_drop": -12.384999999999998,
  "mean_acc": 63.602399999999996,
  "task_acc": [
    50.21,
    53.92,
    57.71,
    61.97,
    59.61,
    62.47,
    63.01,
    50.05,
    55.08,
    69.3,
    61.15,
    67.49,
    64.09,
    57.87,
    65.44,
    68.34,
    65.57,
    66.15,
    71.13,
    72.52,
    67.28,
    67.45,
    72.54,
    72.61,
    67.1
  ],
  "rank_traj": []
}