{
  "method": "ptc_muon",
  "seed": 0,
  "early_acc": 61.212,
  "late_acc": 78.176,
  "ntk": {
    "ntk_erank": 13.564782342835334,
    "ntk_cond": 57356.268036903944,
    "wcond_median": 8.217007637023926
  },
  "plasticity_drop": -16.964,
  "mean_acc": 72.4424,
  "task_acc": [
    48.37,
    58.43,
    61.19,
    70.52,
    67.55,
    71.43,
    73.56,
    65.3,
    64.89,
    77.63,
    70.08,
    77.97,
    74.87,
    71.62,
    75.89,
    77.92,
    76.37,
    75.96,
    77.61,
    81.68,
    77.75,
    76.94,
    80.79,
    81.1,
    75.64
  ],
  "rank_traj": []
}