{
  "method": "muon",
  "seed": 0,
  "early_acc": 55.498000000000005,
  "late_acc": 64.074,
  "ntk": {
    "ntk_erank": 17.58058253836637,
    "ntk_cond": 20589.721643084235,
    "wcond_median": 3.2974917888641357
  },
  "plasticity_drop": -8.575999999999993,
  "mean_acc": 61.104,
  "task_acc": [
    48.92,
    53.7,
    54.79,
    61.18,
    58.9,
    62.72,
    64.24,
    54.41,
    54.68,
    67.11,
    56.52,
    68.36,
    59.6,
    57.17,
    64.56,
    69.17,
    63.72,
    64.15,
    65.33,
    67.73,
    63.66,
    62.24,
    67.14,
    62.45,
    55.15
  ],
  "rank_traj": []
}