{
  "method": "muon",
  "seed": 1,
  "early_acc": 57.178,
  "late_acc": 62.095000000000006,
  "ntk": {
    "ntk_erank": 16.345559750285926,
    "ntk_cond": 22008.315253887253,
    "wcond_median": 3.2297165393829346
  },
  "plasticity_drop": -4.917000000000009,
  "mean_acc": 61.1056,
  "task_acc": [
    56.51,
    50.85,
    53.96,
    59.81,
    64.76,
    56.95,
    63.35,
    62.77,
    58.79,
    59.89,
    63.15,
    66.08,
    65.07,
    65.2,
    59.55,
    63.12,
    58.63,
    70.86,
    63.36,
    61.7,
    63.34,
    63.98,
    59.33,
    60.72,
    55.91
  ],
  "rank_traj": []
}