{
  "method": "ptc_muon",
  "seed": 1,
  "early_acc": 61.660000000000004,
  "late_acc": 78.454,
  "ntk": {
    "ntk_erank": 16.970896014206694,
    "ntk_cond": 37578.67440401626,
    "wcond_median": 7.564634799957275
  },
  "plasticity_drop": -16.79399999999999,
  "mean_acc": 72.9244,
  "task_acc": [
    56.48,
    53.0,
    58.72,
    67.17,
    72.93,
    67.1,
    72.19,
    70.21,
    70.15,
    71.35,
    74.83,
    75.97,
    78.9,
    77.62,
    71.95,
    78.11,
    72.51,
    79.76,
    80.09,
    77.91,
    76.77,
    79.25,
    78.82,
    82.05,
    79.27
  ],
  "rank_traj": []
}