{
  "method": "adamo",
  "seed": 1,
  "early_acc": 55.955999999999996,
  "late_acc": 69.013,
  "plasticity_drop": -13.05700000000001,
  "mean_acc": 63.413199999999996,
  "task_acc": [
    51.67,
    49.03,
    58.6,
    61.23,
    59.25,
    60.08,
    60.8,
    55.41,
    56.5,
    56.34,
    70.68,
    66.34,
    61.25,
    66.32,
    61.7,
    64.22,
    71.24,
    75.71,
    78.21,
    67.64,
    72.42,
    57.38,
    61.28,
    72.49,
    69.54
  ],
  "rank_traj": []
}