{
  "method": "ptc_adamo",
  "seed": 2,
  "early_acc": 55.574,
  "late_acc": 67.575,
  "plasticity_drop": -12.001000000000005,
  "mean_acc": 63.33879999999999,
  "task_acc": [
    53.99,
    51.01,
    59.11,
    65.15,
    48.61,
    58.75,
    65.58,
    67.77,
    63.03,
    63.56,
    67.9,
    69.04,
    48.84,
    61.24,
    64.14,
    66.6,
    67.56,
    61.45,
    61.65,
    67.82,
    71.91,
    69.69,
    67.75,
    74.96,
    66.36
  ],
  "rank_traj": []
}