{
  "method": "adamo",
  "seed": 0,
  "early_acc": 54.72800000000001,
  "late_acc": 69.135,
  "plasticity_drop": -14.406999999999996,
  "mean_acc": 63.904799999999994,
  "task_acc": [
    48.93,
    56.47,
    51.74,
    56.08,
    60.42,
    58.8,
    66.09,
    60.77,
    56.85,
    60.94,
    61.02,
    69.97,
    74.96,
    56.27,
    66.96,
    65.08,
    68.99,
    64.52,
    64.28,
    78.23,
    67.11,
    69.6,
    72.4,
    70.66,
    70.48
  ],
  "rank_traj": []
}