{
  "method": "ptc_adamo",
  "seed": 3,
  "early_acc": 57.924,
  "late_acc": 65.71700000000001,
  "plasticity_drop": -7.7930000000000135,
  "mean_acc": 64.62559999999999,
  "task_acc": [
    49.19,
    56.58,
    57.49,
    63.11,
    63.25,
    69.22,
    68.65,
    59.77,
    71.98,
    59.04,
    67.69,
    69.24,
    64.3,
    66.61,
    72.35,
    62.27,
    73.5,
    61.01,
    60.12,
    68.82,
    72.82,
    66.1,
    65.85,
    61.35,
    65.33
  ],
  "rank_traj": []
}