{
  "method": "adamo",
  "seed": 0,
  "early_acc": 54.227999999999994,
  "late_acc": 68.75000000000001,
  "plasticity_drop": -14.52200000000002,
  "mean_acc": 63.376400000000004,
  "task_acc": [
    49.5,
    56.8,
    51.55,
    54.3,
    58.99,
    55.89,
    65.06,
    58.99,
    56.66,
    60.25,
    60.99,
    69.75,
    76.28,
    55.84,
    66.06,
    65.73,
    69.73,
    64.46,
    63.34,
    77.61,
    66.76,
    68.49,
    71.48,
    71.2,
    68.7
  ],
  "rank_traj": []
}