{
  "method": "ptc_adamo",
  "seed": 1,
  "early_acc": 52.33200000000001,
  "late_acc": 68.066,
  "plasticity_drop": -15.733999999999995,
  "mean_acc": 61.8808,
  "task_acc": [
    49.78,
    45.68,
    51.9,
    57.11,
    57.19,
    59.13,
    61.09,
    53.85,
    56.31,
    53.56,
    67.99,
    66.48,
    59.54,
    65.98,
    60.77,
    63.76,
    72.29,
    75.53,
    75.56,
    64.86,
    72.15,
    57.33,
    59.71,
    72.71,
    66.76
  ],
  "rank_traj": []
}