{
  "method": "adamo",
  "seed": 2,
  "early_acc": 54.472,
  "late_acc": 69.13399999999999,
  "plasticity_drop": -14.661999999999985,
  "mean_acc": 63.75079999999999,
  "task_acc": [
    56.12,
    50.3,
    56.34,
    62.54,
    47.06,
    59.21,
    64.6,
    65.98,
    62.51,
    62.68,
    68.58,
    66.21,
    48.73,
    62.89,
    68.68,
    68.0,
    67.02,
    62.43,
    63.58,
    66.54,
    72.92,
    70.93,
    70.77,
    78.29,
    70.86
  ],
  "rank_traj": []
}