{
  "method": "adamo",
  "seed": 2,
  "early_acc": 55.35799999999999,
  "late_acc": 68.38900000000001,
  "plasticity_drop": -13.03100000000002,
  "mean_acc": 63.28719999999999,
  "task_acc": [
    56.1,
    51.48,
    56.95,
    64.42,
    47.84,
    58.63,
    63.58,
    64.21,
    59.46,
    63.03,
    68.29,
    66.25,
    47.55,
    62.97,
    67.53,
    66.67,
    66.55,
    62.52,
    61.76,
    66.95,
    71.9,
    69.3,
    70.28,
    78.08,
    69.88
  ],
  "rank_traj": []
}