{
  "method": "ptc_adamo",
  "seed": 4,
  "early_acc": 55.836,
  "late_acc": 65.84400000000001,
  "plasticity_drop": -10.00800000000001,
  "mean_acc": 63.76960000000001,
  "task_acc": [
    55.61,
    49.41,
    57.23,
    60.32,
    56.61,
    57.7,
    71.42,
    65.78,
    69.29,
    65.94,
    68.81,
    61.84,
    61.38,
    65.75,
    68.71,
    69.06,
    63.67,
    70.39,
    59.54,
    66.84,
    74.59,
    67.67,
    64.72,
    58.83,
    63.13
  ],
  "rank_traj": []
}