{
  "method": "ptc_adamo",
  "seed": 0,
  "early_acc": 56.391999999999996,
  "late_acc": 69.804,
  "plasticity_drop": -13.412000000000006,
  "mean_acc": 65.5716,
  "task_acc": [
    48.75,
    58.01,
    54.39,
    55.36,
    65.45,
    60.22,
    70.54,
    62.59,
    58.38,
    65.87,
    64.21,
    71.44,
    79.02,
    58.92,
    68.1,
    68.8,
    70.28,
    68.28,
    63.14,
    77.44,
    67.67,
    67.77,
    72.31,
    71.39,
    70.96
  ],
  "rank_traj": []
}