{
  "method": "ptc_adamo",
  "seed": 2,
  "early_acc": 56.775999999999996,
  "late_acc": 68.60100000000001,
  "plasticity_drop": -11.825000000000017,
  "mean_acc": 64.1512,
  "task_acc": [
    56.03,
    51.98,
    60.4,
    66.63,
    48.84,
    61.32,
    66.86,
    66.65,
    64.25,
    64.55,
    69.5,
    68.14,
    47.8,
    59.67,
    65.15,
    66.42,
    66.84,
    63.05,
    62.26,
    67.63,
    73.08,
    71.2,
    70.96,
    75.73,
    68.84
  ],
  "rank_traj": []
}