{
  "method": "adam",
  "seed": 4,
  "early_acc": 45.96,
  "late_acc": 39.227999999999994,
  "plasticity_drop": 6.732000000000006,
  "mean_acc": 42.21200000000001,
  "task_acc": [
    53.24,
    42.59,
    47.64,
    46.7,
    39.63,
    38.21,
    48.02,
    47.22,
    45.68,
    38.74,
    48.91,
    45.93,
    35.4,
    41.01,
    44.1,
    44.34,
    38.62,
    42.83,
    35.85,
    33.94,
    42.49,
    45.22,
    39.46,
    31.37,
    38.16
  ]
}