{
  "method": "adamo",
  "seed": 0,
  "early_acc": 48.616,
  "late_acc": 59.838,
  "plasticity_drop": -11.222000000000001,
  "mean_acc": 55.760799999999996,
  "task_acc": [
    45.22,
    50.49,
    45.06,
    48.3,
    54.01,
    50.98,
    58.89,
    53.2,
    47.0,
    52.17,
    51.18,
    63.2,
    69.93,
    48.52,
    57.49,
    55.11,
    59.97,
    58.41,
    52.42,
    70.16,
    58.31,
    61.41,
    62.11,
    61.0,
    59.48
  ]
}