{
  "method": "adam",
  "seed": 1,
  "early_acc": 44.49400000000001,
  "late_acc": 46.197,
  "plasticity_drop": -1.7029999999999959,
  "mean_acc": 43.6536,
  "task_acc": [
    48.09,
    38.71,
    45.46,
    46.82,
    43.39,
    44.15,
    45.84,
    38.37,
    35.26,
    33.12,
    44.27,
    43.84,
    39.15,
    41.73,
    41.17,
    43.99,
    49.5,
    48.85,
    54.95,
    45.91,
    52.19,
    35.39,
    37.38,
    48.55,
    45.26
  ]
}