{
  "method": "adamo",
  "seed": 2,
  "early_acc": 47.52399999999999,
  "late_acc": 57.798000000000016,
  "plasticity_drop": -10.27400000000003,
  "mean_acc": 53.74759999999999,
  "task_acc": [
    52.37,
    44.08,
    50.98,
    53.86,
    36.33,
    49.53,
    49.73,
    56.63,
    52.52,
    55.05,
    57.58,
    58.54,
    41.31,
    51.3,
    55.9,
    56.43,
    54.02,
    51.03,
    50.7,
    56.39,
    65.91,
    60.18,
    57.57,
    66.43,
    59.32
  ]
}