{
  "method": "adamo",
  "seed": 1,
  "early_acc": 46.918,
  "late_acc": 60.025999999999996,
  "plasticity_drop": -13.107999999999997,
  "mean_acc": 53.9332,
  "task_acc": [
    48.12,
    39.99,
    48.94,
    50.25,
    47.29,
    49.06,
    51.99,
    45.89,
    45.3,
    45.72,
    62.34,
    58.1,
    51.49,
    53.91,
    49.68,
    55.55,
    65.31,
    65.24,
    69.77,
    57.65,
    63.61,
    47.52,
    52.24,
    62.53,
    60.84
  ]
}