{
  "method": "adam",
  "seed": 3,
  "early_acc": 44.954,
  "late_acc": 43.019,
  "plasticity_drop": 1.9350000000000023,
  "mean_acc": 44.70399999999999,
  "task_acc": [
    45.65,
    43.19,
    43.53,
    47.28,
    45.12,
    51.67,
    46.8,
    37.41,
    54.69,
    40.33,
    49.06,
    46.24,
    43.95,
    42.92,
    49.57,
    38.2,
    58.05,
    40.51,
    35.55,
    43.92,
    52.96,
    40.34,
    42.38,
    37.92,
    40.36
  ]
}