{
  "method": "adamo",
  "seed": 4,
  "early_acc": 49.054,
  "late_acc": 57.32299999999999,
  "plasticity_drop": -8.268999999999991,
  "mean_acc": 54.772800000000004,
  "task_acc": [
    52.93,
    45.41,
    50.26,
    51.24,
    45.43,
    46.27,
    58.99,
    56.06,
    58.4,
    52.64,
    59.07,
    52.53,
    49.25,
    57.73,
    59.88,
    63.98,
    56.53,
    62.83,
    49.77,
    55.98,
    66.09,
    62.88,
    52.61,
    49.54,
    53.02
  ]
}