{
  "method": "adam",
  "seed": 0,
  "early_acc": 45.226000000000006,
  "late_acc": 44.076,
  "plasticity_drop": 1.1500000000000057,
  "mean_acc": 44.4444,
  "task_acc": [
    45.58,
    50.48,
    43.61,
    40.05,
    46.41,
    42.51,
    50.62,
    49.07,
    37.96,
    39.7,
    39.55,
    50.32,
    56.45,
    34.07,
    43.97,
    41.81,
    44.39,
    44.62,
    40.83,
    52.83,
    43.51,
    39.4,
    45.77,
    43.61,
    43.99
  ]
}