{
  "method": "muon",
  "seed": 4,
  "early_acc": 57.69,
  "late_acc": 59.90899999999999,
  "plasticity_drop": -2.218999999999994,
  "mean_acc": 60.4352,
  "task_acc": [
    55.22,
    52.3,
    61.58,
    60.41,
    58.94,
    59.52,
    69.95,
    64.24,
    64.79,
    61.73,
    64.92,
    56.67,
    54.39,
    62.23,
    64.9,
    63.04,
    61.28,
    64.27,
    54.17,
    57.23,
    70.73,
    61.93,
    56.61,
    53.18,
    56.65
  ]
}