{
  "method": "muon",
  "seed": 3,
  "early_acc": 55.370000000000005,
  "late_acc": 60.599000000000004,
  "plasticity_drop": -5.228999999999999,
  "mean_acc": 60.9,
  "task_acc": [
    44.99,
    53.5,
    53.39,
    63.16,
    61.81,
    68.59,
    65.94,
    58.33,
    68.57,
    57.49,
    64.81,
    63.86,
    61.42,
    63.73,
    66.92,
    57.92,
    68.56,
    56.59,
    55.19,
    65.22,
    68.62,
    58.43,
    60.71,
    55.52,
    59.23
  ]
}