{
  "method": "muon",
  "seed": 0,
  "early_acc": 52.693999999999996,
  "late_acc": 61.605,
  "plasticity_drop": -8.911000000000001,
  "mean_acc": 58.7864,
  "task_acc": [
    45.09,
    53.94,
    50.69,
    51.82,
    61.93,
    55.38,
    62.32,
    58.92,
    51.89,
    56.46,
    55.03,
    63.82,
    72.1,
    54.17,
    60.05,
    59.99,
    60.95,
    60.43,
    57.32,
    70.71,
    63.34,
    57.54,
    64.22,
    62.0,
    59.55
  ]
}