{
  "method": "muon",
  "seed": 1,
  "early_acc": 57.022000000000006,
  "late_acc": 62.927,
  "plasticity_drop": -5.904999999999994,
  "mean_acc": 60.77400000000001,
  "task_acc": [
    49.73,
    50.18,
    61.88,
    63.97,
    59.35,
    63.88,
    61.24,
    56.67,
    57.8,
    55.45,
    66.3,
    64.34,
    56.75,
    62.22,
    60.32,
    64.47,
    68.27,
    67.9,
    69.18,
    59.46,
    63.35,
    53.69,
    57.65,
    65.62,
    59.68
  ]
}