{
  "method": "muon",
  "seed": 2,
  "early_acc": 56.928,
  "late_acc": 63.32000000000001,
  "plasticity_drop": -6.39200000000001,
  "mean_acc": 61.0528,
  "task_acc": [
    56.36,
    54.01,
    59.01,
    65.11,
    50.15,
    59.57,
    59.09,
    64.79,
    64.05,
    60.11,
    67.54,
    63.85,
    49.1,
    59.42,
    60.96,
    65.1,
    62.98,
    57.6,
    60.73,
    61.07,
    70.06,
    63.91,
    61.94,
    69.71,
    60.1
  ]
}