{
  "method": "ptc",
  "seed": 4,
  "early_acc": 47.946000000000005,
  "late_acc": 52.632999999999996,
  "plasticity_drop": -4.6869999999999905,
  "mean_acc": 49.91880000000001,
  "task_acc": [
    52.95,
    44.33,
    48.78,
    49.53,
    44.14,
    42.45,
    49.58,
    47.22,
    51.84,
    46.23,
    53.15,
    48.49,
    42.07,
    50.03,
    50.85,
    53.58,
    48.33,
    56.52,
    44.39,
    51.86,
    59.11,
    57.77,
    52.39,
    46.96,
    55.42
  ]
}