{
  "method": "ptc_adamo",
  "seed": 4,
  "early_acc": 49.220000000000006,
  "late_acc": 57.391999999999996,
  "plasticity_drop": -8.17199999999999,
  "mean_acc": 55.3388,
  "task_acc": [
    52.52,
    45.07,
    49.53,
    51.65,
    47.33,
    47.78,
    59.59,
    55.86,
    60.67,
    56.01,
    61.63,
    53.82,
    51.85,
    57.58,
    58.66,
    60.47,
    54.8,
    63.05,
    48.93,
    58.2,
    67.0,
    60.17,
    56.94,
    48.84,
    55.52
  ]
}