{
  "method": "ptc",
  "seed": 2,
  "early_acc": 46.868,
  "late_acc": 58.375,
  "plasticity_drop": -11.506999999999998,
  "mean_acc": 51.934799999999996,
  "task_acc": [
    52.41,
    45.7,
    48.88,
    52.87,
    34.48,
    48.17,
    46.16,
    50.7,
    45.25,
    50.26,
    53.95,
    56.51,
    37.36,
    43.69,
    48.23,
    53.59,
    53.8,
    48.42,
    49.5,
    58.07,
    64.48,
    62.95,
    61.48,
    69.79,
    61.67
  ]
}