{
  "method": "ptc_muon",
  "seed": 0,
  "early_acc": 59.513999999999996,
  "late_acc": 78.079,
  "plasticity_drop": -18.564999999999998,
  "mean_acc": 72.4536,
  "task_acc": [
    44.02,
    58.23,
    59.47,
    62.84,
    73.01,
    68.43,
    76.09,
    70.73,
    65.72,
    72.48,
    72.32,
    79.02,
    84.04,
    67.4,
    76.75,
    75.82,
    76.35,
    76.61,
    74.92,
    84.67,
    77.75,
    75.51,
    81.24,
    78.51,
    79.41
  ]
}