{
  "method": "ptc_muon",
  "seed": 3,
  "early_acc": 59.544000000000004,
  "late_acc": 75.94500000000001,
  "plasticity_drop": -16.401000000000003,
  "mean_acc": 72.15,
  "task_acc": [
    44.96,
    57.26,
    59.57,
    67.28,
    68.65,
    74.55,
    74.09,
    68.7,
    78.48,
    69.96,
    76.36,
    77.42,
    71.84,
    76.32,
    78.86,
    71.01,
    82.02,
    72.35,
    71.32,
    79.09,
    80.5,
    75.59,
    76.27,
    74.16,
    77.14
  ]
}