{
  "method": "ptc",
  "seed": 1,
  "early_acc": 45.792,
  "late_acc": 57.233000000000004,
  "plasticity_drop": -11.441000000000003,
  "mean_acc": 50.1008,
  "task_acc": [
    48.17,
    38.79,
    46.69,
    48.59,
    46.72,
    45.22,
    49.74,
    39.64,
    36.26,
    37.85,
    52.39,
    51.97,
    42.73,
    49.51,
    45.92,
    48.18,
    59.36,
    59.64,
    65.46,
    53.97,
    61.67,
    46.52,
    51.71,
    65.48,
    60.34
  ]
}