{
  "method": "ptc",
  "seed": 0,
  "early_acc": 47.867999999999995,
  "late_acc": 59.63599999999999,
  "plasticity_drop": -11.767999999999994,
  "mean_acc": 54.168,
  "task_acc": [
    44.97,
    51.44,
    46.4,
    42.83,
    53.7,
    48.09,
    53.97,
    51.99,
    42.29,
    48.3,
    46.87,
    60.82,
    65.81,
    44.15,
    56.21,
    55.9,
    58.77,
    55.72,
    51.58,
    69.72,
    56.22,
    58.64,
    64.23,
    62.56,
    63.02
  ]
}