{
  "method": "ptc_adamo",
  "seed": 1,
  "early_acc": 48.19,
  "late_acc": 60.98199999999999,
  "plasticity_drop": -12.791999999999994,
  "mean_acc": 55.300399999999996,
  "task_acc": [
    48.29,
    41.61,
    48.87,
    50.86,
    51.32,
    50.7,
    54.19,
    46.12,
    46.04,
    47.31,
    60.59,
    60.48,
    53.51,
    58.65,
    54.15,
    55.66,
    66.43,
    68.71,
    71.71,
    56.94,
    64.39,
    48.56,
    52.33,
    65.82,
    59.27
  ]
}