{
  "method": "ptc_muon",
  "seed": 4,
  "early_acc": 61.212,
  "late_acc": 75.77799999999999,
  "plasticity_drop": -14.565999999999988,
  "mean_acc": 71.848,
  "task_acc": [
    55.0,
    54.71,
    65.79,
    65.12,
    65.44,
    63.69,
    78.5,
    71.97,
    74.84,
    74.87,
    76.05,
    71.69,
    69.11,
    75.89,
    75.75,
    77.35,
    74.73,
    77.74,
    69.3,
    76.49,
    82.33,
    77.4,
    75.29,
    73.5,
    73.65
  ]
}