{
  "method": "ptc_adamo",
  "seed": 2,
  "early_acc": 49.806,
  "late_acc": 61.157999999999994,
  "plasticity_drop": -11.351999999999997,
  "mean_acc": 56.635600000000004,
  "task_acc": [
    52.43,
    47.25,
    52.46,
    55.63,
    41.26,
    53.12,
    58.14,
    58.64,
    57.46,
    57.33,
    60.67,
    61.19,
    40.09,
    53.97,
    54.67,
    58.94,
    60.95,
    56.4,
    53.7,
    59.73,
    66.53,
    64.06,
    61.01,
    68.84,
    61.42
  ]
}