{
  "method": "ptc_muon",
  "seed": 2,
  "early_acc": 61.672000000000004,
  "late_acc": 78.34200000000001,
  "plasticity_drop": -16.67000000000001,
  "mean_acc": 72.7116,
  "task_acc": [
    55.97,
    55.84,
    64.24,
    73.6,
    58.71,
    68.09,
    73.23,
    73.82,
    72.55,
    72.19,
    77.82,
    76.4,
    60.85,
    73.81,
    77.25,
    76.82,
    77.38,
    73.48,
    74.5,
    76.18,
    81.16,
    80.77,
    80.19,
    84.44,
    78.5
  ]
}