{
  "method": "ptc_adamo",
  "seed": 3,
  "early_acc": 51.312,
  "late_acc": 59.31699999999999,
  "plasticity_drop": -8.004999999999995,
  "mean_acc": 57.550399999999996,
  "task_acc": [
    46.83,
    49.51,
    50.21,
    54.73,
    55.28,
    62.54,
    60.19,
    51.27,
    64.91,
    49.27,
    60.53,
    59.64,
    57.73,
    58.33,
    64.62,
    54.41,
    70.13,
    54.29,
    53.6,
    62.97,
    65.68,
    59.11,
    61.23,
    53.98,
    57.77
  ]
}