{
  "method": "adamo",
  "seed": 4,
  "early_acc": 61.95333333333333,
  "late_acc": 69.16555555555554,
  "late_test_acc": 67.94,
  "test_acc": [
    64.2,
    71.8,
    60.8,
    63.4,
    72.0,
    48.6,
    67.0,
    54.2,
    66.2,
    63.8,
    62.4,
    49.8,
    50.6,
    56.8,
    63.6,
    51.2,
    67.6,
    55.6,
    71.2,
    68.6,
    69.8,
    69.8,
    68.8,
    83.8,
    73.0
  ],
  "ntk": null,
  "plasticity_drop": -7.212222222222209,
  "mean_acc": 64.78133333333334,
  "task_acc": [
    59.32222222222222,
    64.84444444444445,
    55.077777777777776,
    64.4888888888889,
    66.03333333333333,
    59.544444444444444,
    61.855555555555554,
    55.87777777777778,
    68.4888888888889,
    63.422222222222224,
    62.37777777777778,
    52.611111111111114,
    63.18888888888889,
    66.85555555555555,
    63.888888888888886,
    65.03333333333333,
    69.94444444444444,
    62.01111111111111,
    66.62222222222222,
    70.26666666666667,
    73.83333333333333,
    70.83333333333333,
    67.9888888888889,
    75.3,
    69.82222222222222
  ],
  "rank_traj": []
}