{
  "method": "adam",
  "seed": 3,
  "early_acc": 48.55111111111112,
  "late_acc": 37.809999999999995,
  "late_test_acc": 45.339999999999996,
  "test_acc": [
    57.8,
    52.8,
    56.6,
    52.0,
    59.8,
    49.4,
    29.4,
    46.2,
    47.6,
    47.4,
    45.4,
    43.6,
    44.8,
    48.2,
    48.8,
    44.6,
    45.4,
    47.0,
    40.2,
    50.6,
    36.0,
    47.0,
    42.8,
    57.2,
    42.6
  ],
  "ntk": null,
  "plasticity_drop": 10.741111111111124,
  "mean_acc": 40.025333333333336,
  "task_acc": [
    55.08888888888889,
    50.62222222222222,
    45.022222222222226,
    41.32222222222222,
    50.7,
    47.05555555555556,
    36.65555555555556,
    35.22222222222222,
    43.266666666666666,
    35.233333333333334,
    36.08888888888889,
    33.955555555555556,
    38.3,
    38.81111111111111,
    35.18888888888889,
    39.22222222222222,
    41.166666666666664,
    40.28888888888889,
    35.08888888888889,
    38.82222222222222,
    31.833333333333332,
    41.31111111111111,
    36.94444444444444,
    39.56666666666667,
    33.855555555555554
  ],
  "rank_traj": []
}