{
  "method": "adam",
  "seed": 0,
  "early_acc": 49.21111111111111,
  "late_acc": 44.03111111111111,
  "late_test_acc": 53.279999999999994,
  "test_acc": [
    50.0,
    54.2,
    61.0,
    57.8,
    52.8,
    53.6,
    54.2,
    47.2,
    39.6,
    67.6,
    46.0,
    52.6,
    52.2,
    49.8,
    45.4,
    50.6,
    49.4,
    53.2,
    57.4,
    59.4,
    59.0,
    48.4,
    61.8,
    56.0,
    37.6
  ],
  "ntk": null,
  "plasticity_drop": 5.18,
  "mean_acc": 44.61866666666667,
  "task_acc": [
    46.91111111111111,
    48.144444444444446,
    49.644444444444446,
    52.233333333333334,
    49.12222222222222,
    48.91111111111111,
    48.15555555555556,
    37.4,
    40.666666666666664,
    53.22222222222222,
    35.855555555555554,
    44.74444444444445,
    39.733333333333334,
    42.63333333333333,
    37.77777777777778,
    49.5,
    42.84444444444444,
    43.43333333333333,
    45.044444444444444,
    45.388888888888886,
    45.72222222222222,
    42.8,
    50.355555555555554,
    42.62222222222222,
    32.6
  ],
  "rank_traj": []
}