{
  "method": "ptc_adamo",
  "seed": 1,
  "early_acc": 55.54666666666667,
  "late_acc": 69.69888888888889,
  "late_test_acc": 66.28,
  "test_acc": [
    59.2,
    49.8,
    59.0,
    56.4,
    67.6,
    53.2,
    54.4,
    35.8,
    57.6,
    57.6,
    65.8,
    69.8,
    68.4,
    66.2,
    62.2,
    73.6,
    56.6,
    58.4,
    66.0,
    68.6,
    65.6,
    73.8,
    71.4,
    64.2,
    64.6
  ],
  "ntk": null,
  "plasticity_drop": -14.152222222222221,
  "mean_acc": 64.49777777777778,
  "task_acc": [
    56.08888888888889,
    48.611111111111114,
    53.21111111111111,
    58.522222222222226,
    61.3,
    56.98888888888889,
    63.84444444444444,
    58.03333333333333,
    62.63333333333333,
    61.355555555555554,
    65.65555555555555,
    66.95555555555555,
    71.53333333333333,
    68.72222222222223,
    62.0,
    70.67777777777778,
    62.21111111111111,
    71.02222222222223,
    69.37777777777778,
    72.33333333333333,
    68.28888888888889,
    71.8,
    70.66666666666667,
    71.44444444444444,
    69.16666666666667
  ],
  "rank_traj": []
}