{
  "method": "ptc_adamo",
  "seed": 4,
  "early_acc": 62.87111111111111,
  "late_acc": 68.75888888888889,
  "late_test_acc": 64.92,
  "test_acc": [
    64.6,
    69.2,
    58.8,
    65.2,
    71.2,
    56.4,
    52.8,
    45.2,
    69.6,
    62.6,
    64.0,
    27.8,
    57.0,
    66.0,
    62.4,
    57.6,
    68.8,
    53.4,
    66.4,
    65.8,
    65.8,
    67.6,
    57.8,
    81.2,
    64.8
  ],
  "ntk": null,
  "plasticity_drop": -5.887777777777778,
  "mean_acc": 65.31333333333333,
  "task_acc": [
    59.37777777777778,
    67.4,
    55.77777777777778,
    65.02222222222223,
    66.77777777777777,
    60.81111111111111,
    62.32222222222222,
    57.37777777777778,
    68.8,
    64.73333333333333,
    63.355555555555554,
    55.233333333333334,
    63.96666666666667,
    67.35555555555555,
    66.93333333333334,
    62.81111111111111,
    70.03333333333333,
    62.62222222222222,
    65.9,
    68.93333333333334,
    72.84444444444445,
    70.27777777777777,
    68.42222222222222,
    75.86666666666666,
    69.87777777777778
  ],
  "rank_traj": []
}