{
  "method": "adam",
  "seed": 1,
  "early_acc": 46.33111111111111,
  "late_acc": 44.59777777777778,
  "late_test_acc": 50.44,
  "test_acc": [
    54.6,
    46.0,
    54.6,
    49.6,
    46.2,
    42.8,
    55.0,
    42.0,
    41.2,
    52.0,
    48.4,
    59.8,
    59.4,
    56.8,
    49.4,
    60.4,
    47.8,
    50.2,
    47.6,
    50.0,
    31.0,
    63.8,
    53.6,
    48.8,
    51.2
  ],
  "ntk": null,
  "plasticity_drop": 1.7333333333333343,
  "mean_acc": 44.88000000000001,
  "task_acc": [
    53.91111111111111,
    40.17777777777778,
    43.955555555555556,
    46.1,
    47.51111111111111,
    42.98888888888889,
    45.4,
    44.077777777777776,
    39.32222222222222,
    40.4,
    41.166666666666664,
    48.644444444444446,
    50.74444444444445,
    48.37777777777778,
    43.24444444444445,
    46.833333333333336,
    40.5,
    47.233333333333334,
    42.5,
    43.72222222222222,
    43.644444444444446,
    51.46666666666667,
    43.233333333333334,
    43.94444444444444,
    42.9
  ],
  "rank_traj": []
}