{
  "method": "ptc_adamo",
  "seed": 3,
  "early_acc": 59.873333333333335,
  "late_acc": 67.63444444444445,
  "late_test_acc": 62.86,
  "test_acc": [
    64.0,
    64.4,
    60.2,
    48.2,
    69.6,
    62.4,
    52.8,
    53.0,
    67.2,
    58.6,
    56.0,
    57.4,
    63.4,
    70.0,
    70.6,
    48.8,
    67.0,
    68.6,
    51.2,
    59.0,
    54.6,
    66.0,
    68.0,
    69.8,
    75.6
  ],
  "ntk": null,
  "plasticity_drop": -7.76111111111112,
  "mean_acc": 64.26,
  "task_acc": [
    59.44444444444444,
    59.477777777777774,
    55.84444444444444,
    59.63333333333333,
    64.96666666666667,
    60.46666666666667,
    52.25555555555555,
    59.022222222222226,
    66.53333333333333,
    61.0,
    61.75555555555555,
    66.03333333333333,
    66.5111111111111,
    70.5111111111111,
    66.7,
    68.58888888888889,
    70.21111111111111,
    71.5,
    59.977777777777774,
    72.0111111111111,
    59.855555555555554,
    64.52222222222223,
    68.57777777777778,
    72.85555555555555,
    68.24444444444444
  ],
  "rank_traj": []
}