{
  "method": "adam",
  "seed": 4,
  "early_acc": 53.77333333333333,
  "late_acc": 44.39888888888889,
  "late_test_acc": 54.28000000000001,
  "test_acc": [
    63.0,
    60.0,
    46.2,
    53.4,
    62.0,
    49.4,
    47.2,
    50.6,
    55.2,
    51.6,
    46.0,
    36.4,
    51.2,
    56.2,
    54.0,
    42.4,
    51.8,
    51.0,
    46.0,
    53.6,
    55.6,
    62.0,
    59.6,
    66.6,
    54.2
  ],
  "ntk": null,
  "plasticity_drop": 9.374444444444443,
  "mean_acc": 44.86844444444445,
  "task_acc": [
    56.644444444444446,
    58.666666666666664,
    49.644444444444446,
    56.24444444444445,
    47.666666666666664,
    41.62222222222222,
    46.455555555555556,
    35.65555555555556,
    46.05555555555556,
    45.077777777777776,
    35.94444444444444,
    30.066666666666666,
    43.666666666666664,
    41.78888888888889,
    42.522222222222226,
    38.03333333333333,
    45.55555555555556,
    38.84444444444444,
    43.644444444444446,
    45.62222222222222,
    40.75555555555555,
    50.233333333333334,
    45.1,
    53.166666666666664,
    43.03333333333333
  ],
  "rank_traj": []
}