{
  "method": "ptc_adamo",
  "seed": 0,
  "early_acc": 58.00888888888888,
  "late_acc": 70.02777777777777,
  "late_test_acc": 67.16,
  "test_acc": [
    50.0,
    50.8,
    59.6,
    67.8,
    55.4,
    66.2,
    68.4,
    56.4,
    57.8,
    73.0,
    53.2,
    69.8,
    60.2,
    50.6,
    65.8,
    68.2,
    59.0,
    62.8,
    71.4,
    74.6,
    62.2,
    66.8,
    71.4,
    70.4,
    64.8
  ],
  "ntk": null,
  "plasticity_drop": -12.018888888888888,
  "mean_acc": 65.308,
  "task_acc": [
    50.0,
    56.477777777777774,
    57.51111111111111,
    64.03333333333333,
    62.022222222222226,
    63.977777777777774,
    65.33333333333333,
    55.44444444444444,
    57.78888888888889,
    70.67777777777778,
    61.888888888888886,
    69.33333333333333,
    67.6,
    61.522222222222226,
    68.81111111111112,
    70.25555555555556,
    66.47777777777777,
    66.96666666666667,
    69.47777777777777,
    75.17777777777778,
    69.94444444444444,
    68.32222222222222,
    72.43333333333334,
    74.53333333333333,
    66.68888888888888
  ],
  "rank_traj": []
}