{
  "method": "adamo",
  "seed": 0,
  "early_acc": 57.18222222222222,
  "late_acc": 70.41111111111111,
  "late_test_acc": 68.58000000000001,
  "test_acc": [
    48.8,
    62.2,
    60.8,
    56.8,
    59.0,
    68.4,
    65.4,
    55.4,
    56.0,
    73.8,
    66.2,
    65.4,
    64.6,
    63.2,
    68.2,
    65.4,
    60.6,
    65.2,
    72.8,
    70.6,
    67.6,
    69.4,
    72.0,
    75.2,
    67.0
  ],
  "ntk": null,
  "plasticity_drop": -13.22888888888889,
  "mean_acc": 64.87466666666667,
  "task_acc": [
    50.43333333333333,
    56.31111111111111,
    57.44444444444444,
    62.2,
    59.522222222222226,
    61.111111111111114,
    65.43333333333334,
    53.58888888888889,
    56.455555555555556,
    70.42222222222222,
    60.922222222222224,
    69.87777777777778,
    65.0111111111111,
    60.13333333333333,
    68.88888888888889,
    69.82222222222222,
    67.0111111111111,
    67.12222222222222,
    70.91111111111111,
    74.82222222222222,
    70.45555555555555,
    68.5111111111111,
    74.08888888888889,
    73.73333333333333,
    67.63333333333334
  ],
  "rank_traj": []
}