{
  "method": "adamo",
  "seed": 1,
  "early_acc": 55.84444444444445,
  "late_acc": 69.34444444444445,
  "late_test_acc": 66.72,
  "test_acc": [
    58.4,
    50.0,
    55.8,
    56.2,
    62.4,
    58.4,
    57.6,
    51.6,
    58.4,
    58.6,
    55.4,
    69.2,
    66.2,
    67.8,
    63.2,
    75.6,
    55.4,
    60.8,
    73.2,
    63.8,
    64.2,
    67.0,
    63.2,
    72.4,
    71.6
  ],
  "ntk": null,
  "plasticity_drop": -13.5,
  "mean_acc": 63.85244444444444,
  "task_acc": [
    56.422222222222224,
    49.05555555555556,
    53.0,
    59.27777777777778,
    61.46666666666667,
    55.34444444444444,
    62.71111111111111,
    56.56666666666667,
    61.37777777777778,
    59.67777777777778,
    62.31111111111111,
    68.1,
    70.16666666666667,
    66.1,
    61.28888888888889,
    71.67777777777778,
    62.2,
    67.58888888888889,
    68.06666666666666,
    70.27777777777777,
    68.43333333333334,
    72.2,
    70.33333333333333,
    72.9,
    69.76666666666667
  ],
  "rank_traj": []
}