{
  "method": "adamo",
  "seed": 3,
  "early_acc": 59.33555555555556,
  "late_acc": 67.80333333333333,
  "late_test_acc": 65.94,
  "test_acc": [
    65.4,
    68.0,
    65.4,
    51.6,
    65.2,
    57.6,
    39.0,
    54.4,
    71.8,
    66.0,
    60.6,
    61.6,
    64.0,
    68.2,
    65.4,
    56.8,
    78.2,
    70.8,
    54.6,
    69.2,
    59.4,
    63.2,
    68.6,
    71.2,
    67.4
  ],
  "ntk": null,
  "plasticity_drop": -8.46777777777777,
  "mean_acc": 64.1168888888889,
  "task_acc": [
    59.63333333333333,
    58.544444444444444,
    57.0,
    58.86666666666667,
    62.63333333333333,
    59.455555555555556,
    49.55555555555556,
    57.922222222222224,
    66.64444444444445,
    61.18888888888889,
    62.36666666666667,
    66.77777777777777,
    66.83333333333333,
    72.75555555555556,
    64.71111111111111,
    66.03333333333333,
    71.6,
    71.31111111111112,
    59.01111111111111,
    72.5,
    62.87777777777778,
    64.6,
    68.34444444444445,
    72.68888888888888,
    69.06666666666666
  ],
  "rank_traj": []
}