{
  "method": "adamo",
  "seed": 2,
  "early_acc": 56.92,
  "late_acc": 66.58777777777777,
  "late_test_acc": 65.4,
  "test_acc": [
    65.6,
    53.6,
    66.8,
    61.0,
    62.8,
    60.6,
    67.2,
    66.0,
    59.6,
    68.2,
    68.4,
    69.6,
    56.8,
    66.4,
    63.6,
    65.4,
    78.0,
    61.6,
    67.4,
    65.8,
    64.4,
    64.8,
    64.8,
    54.6,
    67.2
  ],
  "ntk": null,
  "plasticity_drop": -9.667777777777772,
  "mean_acc": 63.77822222222222,
  "task_acc": [
    55.91111111111111,
    47.888888888888886,
    63.766666666666666,
    59.08888888888889,
    57.94444444444444,
    62.044444444444444,
    61.44444444444444,
    66.03333333333333,
    64.91111111111111,
    66.77777777777777,
    65.03333333333333,
    68.02222222222223,
    60.833333333333336,
    66.58888888888889,
    62.28888888888889,
    66.28888888888889,
    71.86666666666666,
    62.98888888888889,
    69.86666666666666,
    66.6,
    62.28888888888889,
    69.4,
    68.82222222222222,
    63.37777777777778,
    64.37777777777778
  ],
  "rank_traj": []
}