{
  "method": "ptc_adamo",
  "seed": 2,
  "early_acc": 57.98444444444444,
  "late_acc": 65.97777777777779,
  "late_test_acc": 62.44,
  "test_acc": [
    61.4,
    49.8,
    70.2,
    67.4,
    45.4,
    68.4,
    60.8,
    69.8,
    60.6,
    65.8,
    67.2,
    69.2,
    51.2,
    69.0,
    62.2,
    58.6,
    74.6,
    57.2,
    74.4,
    57.6,
    62.4,
    61.8,
    59.2,
    62.2,
    56.4
  ],
  "ntk": null,
  "plasticity_drop": -7.9933333333333465,
  "mean_acc": 64.18177777777778,
  "task_acc": [
    55.7,
    48.37777777777778,
    64.91111111111111,
    60.666666666666664,
    60.266666666666666,
    63.34444444444444,
    64.1,
    69.65555555555555,
    66.67777777777778,
    66.65555555555555,
    66.43333333333334,
    66.61111111111111,
    62.355555555555554,
    66.26666666666667,
    62.74444444444445,
    66.9888888888889,
    71.8,
    63.08888888888889,
    69.72222222222223,
    65.68888888888888,
    62.74444444444445,
    68.1,
    67.33333333333333,
    61.922222222222224,
    62.388888888888886
  ],
  "rank_traj": []
}