{
  "method": "adam",
  "seed": 2,
  "early_acc": 46.955555555555556,
  "late_acc": 40.57,
  "late_test_acc": 48.62,
  "test_acc": [
    55.0,
    38.6,
    45.4,
    54.0,
    29.8,
    54.4,
    53.0,
    54.4,
    52.6,
    47.2,
    60.0,
    55.8,
    41.2,
    58.6,
    40.6,
    46.0,
    51.0,
    35.2,
    59.8,
    56.6,
    45.6,
    49.8,
    45.8,
    49.0,
    47.4
  ],
  "ntk": null,
  "plasticity_drop": 6.385555555555555,
  "mean_acc": 43.33822222222222,
  "task_acc": [
    52.477777777777774,
    34.733333333333334,
    54.455555555555556,
    46.82222222222222,
    46.28888888888889,
    46.37777777777778,
    41.46666666666667,
    47.15555555555556,
    44.2,
    47.48888888888889,
    47.84444444444444,
    46.577777777777776,
    35.93333333333333,
    48.55555555555556,
    37.37777777777778,
    40.53333333333333,
    46.98888888888889,
    38.01111111111111,
    48.077777777777776,
    40.24444444444445,
    36.27777777777778,
    41.34444444444444,
    36.78888888888889,
    42.422222222222224,
    35.01111111111111
  ],
  "rank_traj": []
}