{
  "method": "cbp",
  "seed": 2,
  "early_acc": 48.39333333333333,
  "late_acc": 46.20777777777778,
  "late_test_acc": 50.04,
  "test_acc": [
    52.0,
    35.0,
    47.4,
    40.0,
    45.6,
    55.4,
    50.8,
    60.0,
    52.0,
    53.0,
    48.6,
    63.0,
    42.0,
    58.0,
    48.2,
    49.8,
    60.8,
    48.2,
    62.8,
    42.6,
    44.8,
    46.4,
    49.2,
    47.4,
    48.4
  ],
  "ntk": null,
  "plasticity_drop": 2.1855555555555526,
  "mean_acc": 46.759555555555565,
  "task_acc": [
    51.74444444444445,
    37.644444444444446,
    54.58888888888889,
    50.68888888888889,
    47.3,
    50.86666666666667,
    41.48888888888889,
    50.21111111111111,
    46.96666666666667,
    50.266666666666666,
    49.32222222222222,
    48.71111111111111,
    36.96666666666667,
    51.355555555555554,
    38.78888888888889,
    41.93333333333333,
    52.46666666666667,
    39.84444444444444,
    53.32222222222222,
    48.6,
    42.388888888888886,
    50.77777777777778,
    47.022222222222226,
    46.03333333333333,
    39.68888888888889
  ],
  "rank_traj": []
}