{
  "method": "cbp",
  "seed": 0,
  "early_acc": 49.91777777777778,
  "late_acc": 51.86333333333333,
  "late_test_acc": 57.21999999999999,
  "test_acc": [
    48.2,
    37.6,
    58.8,
    41.4,
    53.0,
    57.6,
    57.0,
    46.2,
    45.0,
    69.2,
    52.0,
    58.6,
    51.6,
    46.4,
    49.2,
    54.4,
    54.8,
    63.4,
    62.4,
    49.8,
    67.2,
    42.6,
    63.6,
    60.6,
    53.4
  ],
  "ntk": null,
  "plasticity_drop": -1.9455555555555506,
  "mean_acc": 50.18888888888889,
  "task_acc": [
    46.7,
    49.51111111111111,
    49.86666666666667,
    53.111111111111114,
    50.4,
    51.522222222222226,
    52.87777777777778,
    41.05555555555556,
    42.65555555555556,
    59.03333333333333,
    41.644444444444446,
    53.87777777777778,
    49.37777777777778,
    45.611111111111114,
    48.84444444444444,
    53.06666666666667,
    50.81111111111111,
    49.03333333333333,
    52.36666666666667,
    51.84444444444444,
    55.13333333333333,
    50.37777777777778,
    57.522222222222226,
    51.36666666666667,
    47.111111111111114
  ],
  "rank_traj": []
}