{
  "method": "cbp",
  "seed": 1,
  "early_acc": 47.94,
  "late_acc": 53.277777777777786,
  "late_test_acc": 55.879999999999995,
  "test_acc": [
    60.2,
    46.2,
    58.4,
    44.6,
    61.0,
    44.4,
    57.0,
    46.6,
    45.8,
    43.8,
    61.4,
    64.8,
    61.6,
    60.0,
    51.0,
    62.0,
    53.2,
    54.6,
    57.0,
    46.4,
    57.2,
    70.4,
    42.2,
    63.8,
    52.0
  ],
  "ntk": null,
  "plasticity_drop": -5.337777777777788,
  "mean_acc": 50.51244444444445,
  "task_acc": [
    53.72222222222222,
    43.34444444444444,
    47.32222222222222,
    45.522222222222226,
    49.78888888888889,
    45.477777777777774,
    48.611111111111114,
    47.32222222222222,
    45.03333333333333,
    46.67777777777778,
    48.28888888888889,
    52.78888888888889,
    54.96666666666667,
    52.7,
    48.46666666666667,
    53.17777777777778,
    49.32222222222222,
    56.36666666666667,
    53.7,
    56.266666666666666,
    49.22222222222222,
    56.32222222222222,
    52.18888888888889,
    53.8,
    52.41111111111111
  ],
  "rank_traj": []
}