{
  "method": "cbp",
  "seed": 3,
  "early_acc": 49.85111111111111,
  "late_acc": 46.83777777777778,
  "late_test_acc": 51.1,
  "test_acc": [
    62.2,
    59.4,
    57.8,
    54.4,
    58.4,
    51.4,
    31.6,
    46.4,
    59.6,
    53.4,
    43.8,
    45.6,
    42.2,
    49.6,
    44.0,
    48.4,
    58.4,
    54.8,
    52.0,
    45.0,
    38.2,
    49.6,
    48.6,
    67.0,
    49.0
  ],
  "ntk": null,
  "plasticity_drop": 3.0133333333333283,
  "mean_acc": 46.43022222222222,
  "task_acc": [
    55.13333333333333,
    48.733333333333334,
    49.84444444444444,
    43.22222222222222,
    52.32222222222222,
    47.422222222222224,
    38.422222222222224,
    39.8,
    47.71111111111111,
    44.6,
    40.766666666666666,
    43.13333333333333,
    46.43333333333333,
    48.84444444444444,
    45.98888888888889,
    47.44444444444444,
    47.544444444444444,
    51.955555555555556,
    43.977777777777774,
    50.41111111111111,
    40.477777777777774,
    47.24444444444445,
    41.022222222222226,
    52.34444444444444,
    45.955555555555556
  ],
  "rank_traj": []
}