{
  "method": "cbp",
  "seed": 4,
  "early_acc": 53.995555555555555,
  "late_acc": 48.80555555555556,
  "late_test_acc": 56.0,
  "test_acc": [
    63.0,
    56.8,
    52.4,
    50.8,
    66.4,
    44.6,
    55.2,
    48.8,
    54.8,
    54.6,
    52.8,
    30.2,
    53.4,
    60.2,
    48.0,
    48.8,
    60.4,
    49.2,
    55.4,
    56.6,
    53.2,
    61.6,
    55.8,
    64.2,
    54.8
  ],
  "ntk": null,
  "plasticity_drop": 5.189999999999998,
  "mean_acc": 48.34799999999999,
  "task_acc": [
    56.62222222222222,
    58.955555555555556,
    47.34444444444444,
    55.56666666666667,
    51.48888888888889,
    44.955555555555556,
    51.611111111111114,
    41.44444444444444,
    48.77777777777778,
    48.144444444444446,
    42.611111111111114,
    33.1,
    44.8,
    47.9,
    47.32222222222222,
    43.733333333333334,
    52.63333333333333,
    41.955555555555556,
    48.44444444444444,
    48.455555555555556,
    49.5,
    53.41111111111111,
    49.455555555555556,
    55.71111111111111,
    44.75555555555555
  ],
  "rank_traj": []
}