{
  "method": "ptc_muon",
  "seed": 2,
  "early_acc": 60.502222222222215,
  "late_acc": 74.31777777777776,
  "late_test_acc": 68.38000000000001,
  "test_acc": [
    48.0,
    55.0,
    73.0,
    62.4,
    67.2,
    71.2,
    77.8,
    70.0,
    69.2,
    69.4,
    74.8,
    71.0,
    63.8,
    71.8,
    71.0,
    67.8,
    74.4,
    65.2,
    75.8,
    74.2,
    62.2,
    68.6,
    71.2,
    64.6,
    59.8
  ],
  "ntk": null,
  "plasticity_drop": -13.815555555555548,
  "mean_acc": 70.81511111111112,
  "task_acc": [
    52.77777777777778,
    50.455555555555556,
    67.53333333333333,
    66.84444444444445,
    64.9,
    68.16666666666667,
    72.18888888888888,
    72.82222222222222,
    73.71111111111111,
    74.42222222222222,
    72.95555555555555,
    73.96666666666667,
    69.77777777777777,
    73.11111111111111,
    73.56666666666666,
    75.86666666666666,
    76.17777777777778,
    70.4888888888889,
    76.63333333333334,
    73.11111111111111,
    71.76666666666667,
    75.85555555555555,
    76.94444444444444,
    73.32222222222222,
    73.0111111111111
  ],
  "rank_traj": []
}