{
  "method": "ptc_muon",
  "seed": 4,
  "early_acc": 65.56,
  "late_acc": 76.80888888888889,
  "late_test_acc": 72.67999999999999,
  "test_acc": [
    58.0,
    71.0,
    61.8,
    68.0,
    76.2,
    59.4,
    73.4,
    69.0,
    71.0,
    66.4,
    69.0,
    51.4,
    64.0,
    74.0,
    66.2,
    64.6,
    74.4,
    65.4,
    70.6,
    73.8,
    79.2,
    71.4,
    74.6,
    87.0,
    65.8
  ],
  "ntk": null,
  "plasticity_drop": -11.248888888888885,
  "mean_acc": 72.1391111111111,
  "task_acc": [
    58.766666666666666,
    67.76666666666667,
    59.82222222222222,
    68.21111111111111,
    73.23333333333333,
    69.56666666666666,
    68.14444444444445,
    67.13333333333334,
    76.15555555555555,
    71.0,
    71.81111111111112,
    62.833333333333336,
    70.05555555555556,
    75.8,
    75.08888888888889,
    72.56666666666666,
    77.91111111111111,
    71.81111111111112,
    74.5,
    76.56666666666666,
    80.47777777777777,
    77.37777777777778,
    77.03333333333333,
    82.66666666666667,
    77.17777777777778
  ],
  "rank_traj": []
}