{
  "method": "ptc_muon",
  "seed": 0,
  "early_acc": 61.328888888888876,
  "late_acc": 77.53111111111112,
  "late_test_acc": 75.3,
  "test_acc": [
    55.6,
    58.8,
    64.2,
    73.6,
    66.2,
    69.6,
    76.4,
    67.8,
    58.2,
    76.4,
    69.6,
    68.2,
    70.6,
    65.6,
    75.0,
    74.6,
    72.6,
    74.2,
    76.0,
    76.6,
    76.6,
    71.0,
    76.8,
    83.0,
    71.6
  ],
  "ntk": null,
  "plasticity_drop": -16.20222222222224,
  "mean_acc": 72.16666666666667,
  "task_acc": [
    47.58888888888889,
    60.355555555555554,
    61.75555555555555,
    69.84444444444445,
    67.1,
    71.5111111111111,
    74.42222222222222,
    62.81111111111111,
    65.85555555555555,
    77.83333333333333,
    70.27777777777777,
    77.66666666666667,
    74.62222222222222,
    71.57777777777778,
    75.63333333333334,
    78.45555555555555,
    75.05555555555556,
    75.0,
    76.45555555555555,
    80.97777777777777,
    77.17777777777778,
    76.73333333333333,
    79.71111111111111,
    80.18888888888888,
    75.55555555555556
  ],
  "rank_traj": []
}