{
  "method": "ptc_muon",
  "seed": 1,
  "early_acc": 60.459999999999994,
  "late_acc": 77.37555555555555,
  "late_test_acc": 74.36,
  "test_acc": [
    48.6,
    58.6,
    62.8,
    64.8,
    77.0,
    68.0,
    73.2,
    54.6,
    67.6,
    70.4,
    73.2,
    75.8,
    71.4,
    72.6,
    63.2,
    78.6,
    58.6,
    73.4,
    73.0,
    77.0,
    71.2,
    77.2,
    76.2,
    82.6,
    75.8
  ],
  "ntk": null,
  "plasticity_drop": -16.915555555555557,
  "mean_acc": 71.74,
  "task_acc": [
    56.3,
    52.477777777777774,
    57.266666666666666,
    65.47777777777777,
    70.77777777777777,
    65.45555555555555,
    70.3,
    69.18888888888888,
    70.91111111111111,
    69.91111111111111,
    73.41111111111111,
    74.55555555555556,
    77.56666666666666,
    75.75555555555556,
    70.38888888888889,
    77.12222222222222,
    70.65555555555555,
    77.53333333333333,
    78.25555555555556,
    77.62222222222222,
    75.66666666666667,
    78.71111111111111,
    78.87777777777778,
    81.03333333333333,
    78.27777777777777
  ],
  "rank_traj": []
}