{
  "method": "ptc_muon",
  "seed": 3,
  "early_acc": 62.88222222222223,
  "late_acc": 77.19333333333334,
  "late_test_acc": 72.44,
  "test_acc": [
    57.8,
    64.2,
    63.2,
    63.0,
    70.0,
    65.8,
    59.8,
    61.0,
    74.4,
    68.8,
    71.2,
    74.0,
    74.4,
    80.6,
    74.4,
    72.8,
    74.6,
    72.6,
    61.4,
    75.0,
    63.0,
    68.6,
    77.6,
    82.2,
    76.6
  ],
  "ntk": null,
  "plasticity_drop": -14.31111111111111,
  "mean_acc": 72.1408888888889,
  "task_acc": [
    56.03333333333333,
    63.78888888888889,
    59.144444444444446,
    65.47777777777777,
    69.96666666666667,
    66.9888888888889,
    62.044444444444444,
    65.87777777777778,
    75.56666666666666,
    71.62222222222222,
    72.46666666666667,
    74.05555555555556,
    75.04444444444445,
    77.44444444444444,
    76.06666666666666,
    75.67777777777778,
    78.5,
    79.66666666666667,
    71.14444444444445,
    78.7,
    73.38888888888889,
    74.93333333333334,
    77.95555555555555,
    81.5,
    80.46666666666667
  ],
  "rank_traj": []
}