{
  "method": "ptc_muon",
  "seed": 0,
  "early_acc": 61.155555555555566,
  "late_acc": 78.84,
  "late_test_acc": 76.72,
  "test_acc": [
    52.4,
    62.0,
    66.8,
    68.2,
    66.0,
    70.6,
    76.2,
    62.6,
    58.0,
    76.2,
    69.2,
    69.6,
    68.8,
    57.0,
    75.0,
    74.6,
    72.8,
    76.6,
    77.6,
    79.2,
    78.2,
    74.0,
    80.6,
    86.0,
    67.6
  ],
  "ntk": null,
  "plasticity_drop": -17.684444444444438,
  "mean_acc": 72.79022222222221,
  "task_acc": [
    47.06666666666667,
    58.94444444444444,
    61.333333333333336,
    70.96666666666667,
    67.46666666666667,
    71.35555555555555,
    73.95555555555555,
    63.44444444444444,
    65.61111111111111,
    77.15555555555555,
    71.2,
    78.42222222222222,
    74.7,
    72.82222222222222,
    76.91111111111111,
    78.13333333333334,
    76.93333333333334,
    76.92222222222222,
    77.7,
    83.38888888888889,
    77.73333333333333,
    77.88888888888889,
    80.13333333333334,
    82.38888888888889,
    77.17777777777778
  ],
  "rank_traj": []
}