{
  "method": "ptc_muon",
  "seed": 1,
  "early_acc": 60.61777777777778,
  "late_acc": 78.64111111111112,
  "late_test_acc": 76.38000000000001,
  "test_acc": [
    52.6,
    60.4,
    63.4,
    65.4,
    71.4,
    61.0,
    72.0,
    57.8,
    73.2,
    71.0,
    76.2,
    70.6,
    73.8,
    76.8,
    70.4,
    73.2,
    66.0,
    76.8,
    77.2,
    76.2,
    72.0,
    80.0,
    79.8,
    81.6,
    81.0
  ],
  "ntk": null,
  "plasticity_drop": -18.023333333333333,
  "mean_acc": 72.56222222222222,
  "task_acc": [
    55.43333333333333,
    52.666666666666664,
    57.84444444444444,
    66.26666666666667,
    70.87777777777778,
    65.0111111111111,
    70.9888888888889,
    69.21111111111111,
    71.91111111111111,
    69.72222222222223,
    74.46666666666667,
    74.71111111111111,
    79.31111111111112,
    77.11111111111111,
    72.11111111111111,
    78.86666666666666,
    72.21111111111111,
    78.62222222222222,
    79.32222222222222,
    78.27777777777777,
    77.06666666666666,
    79.61111111111111,
    79.81111111111112,
    82.71111111111111,
    79.91111111111111
  ],
  "rank_traj": []
}