{
  "method": "ptc_muon",
  "seed": 2,
  "early_acc": 60.82222222222223,
  "late_acc": 75.29444444444445,
  "late_test_acc": 70.82000000000001,
  "test_acc": [
    54.2,
    54.2,
    72.4,
    68.4,
    61.0,
    68.8,
    72.8,
    72.8,
    63.8,
    71.2,
    75.4,
    72.2,
    62.0,
    70.2,
    70.0,
    74.0,
    72.2,
    60.2,
    78.4,
    71.0,
    66.2,
    72.4,
    74.6,
    69.0,
    70.2
  ],
  "ntk": null,
  "plasticity_drop": -14.472222222222221,
  "mean_acc": 71.47066666666666,
  "task_acc": [
    53.71111111111111,
    49.9,
    68.35555555555555,
    66.33333333333333,
    65.81111111111112,
    68.84444444444445,
    72.43333333333334,
    74.62222222222222,
    74.94444444444444,
    74.58888888888889,
    73.84444444444445,
    73.42222222222222,
    70.96666666666667,
    72.12222222222222,
    73.92222222222222,
    77.42222222222222,
    76.46666666666667,
    70.85555555555555,
    77.84444444444445,
    74.82222222222222,
    72.84444444444445,
    76.88888888888889,
    78.27777777777777,
    73.28888888888889,
    74.23333333333333
  ],
  "rank_traj": []
}