{
  "method": "ptc_muon",
  "seed": 1,
  "early_acc": 51.43333333333332,
  "late_acc": 61.19555555555555,
  "late_test_acc": 68.12,
  "test_acc": [
    49.6,
    52.6,
    59.8,
    56.8,
    64.8,
    58.2,
    61.8,
    53.0,
    55.4,
    57.0,
    63.6,
    68.6,
    70.4,
    63.0,
    54.8,
    72.2,
    61.4,
    62.0,
    67.0,
    72.2,
    64.2,
    71.4,
    73.6,
    75.2,
    62.0
  ],
  "ntk": null,
  "plasticity_drop": -9.762222222222228,
  "mean_acc": 57.04,
  "task_acc": [
    54.3,
    45.21111111111111,
    49.48888888888889,
    51.63333333333333,
    56.53333333333333,
    51.37777777777778,
    57.86666666666667,
    51.27777777777778,
    53.06666666666667,
    53.833333333333336,
    53.955555555555556,
    58.3,
    61.58888888888889,
    60.266666666666666,
    55.34444444444444,
    62.21111111111111,
    53.53333333333333,
    62.01111111111111,
    65.08888888888889,
    63.27777777777778,
    60.05555555555556,
    64.72222222222223,
    58.577777777777776,
    64.71111111111111,
    57.766666666666666
  ],
  "rank_traj": []
}