{
  "method": "ptc_muon",
  "seed": 2,
  "early_acc": 53.42,
  "late_acc": 58.28777777777778,
  "late_test_acc": 64.41999999999999,
  "test_acc": [
    46.2,
    44.2,
    69.6,
    61.0,
    54.6,
    60.0,
    58.2,
    68.2,
    62.8,
    68.2,
    68.6,
    58.0,
    57.2,
    61.2,
    47.2,
    58.8,
    74.8,
    57.8,
    70.0,
    68.0,
    54.8,
    64.8,
    68.6,
    63.8,
    62.8
  ],
  "ntk": null,
  "plasticity_drop": -4.867777777777775,
  "mean_acc": 56.742222222222225,
  "task_acc": [
    52.58888888888889,
    45.87777777777778,
    61.333333333333336,
    53.577777777777776,
    53.72222222222222,
    58.56666666666667,
    55.888888888888886,
    61.03333333333333,
    56.77777777777778,
    60.7,
    57.58888888888889,
    56.58888888888889,
    50.233333333333334,
    58.86666666666667,
    52.333333333333336,
    56.144444444444446,
    63.2,
    54.46666666666667,
    65.18888888888888,
    58.266666666666666,
    53.75555555555555,
    61.477777777777774,
    61.9,
    58.355555555555554,
    50.12222222222222
  ],
  "rank_traj": []
}