{
  "method": "ptc_muon",
  "seed": 0,
  "early_acc": 53.66888888888889,
  "late_acc": 61.84222222222222,
  "late_test_acc": 70.03999999999999,
  "test_acc": [
    47.4,
    59.0,
    59.2,
    65.6,
    61.4,
    69.2,
    70.2,
    57.2,
    58.6,
    69.2,
    54.2,
    58.0,
    63.4,
    55.6,
    63.4,
    65.0,
    66.2,
    67.8,
    73.2,
    74.2,
    72.2,
    66.2,
    79.4,
    73.8,
    62.4
  ],
  "ntk": null,
  "plasticity_drop": -8.173333333333332,
  "mean_acc": 57.43955555555555,
  "task_acc": [
    47.91111111111111,
    53.87777777777778,
    54.48888888888889,
    57.03333333333333,
    55.03333333333333,
    57.72222222222222,
    61.24444444444445,
    49.2,
    52.17777777777778,
    63.87777777777778,
    46.44444444444444,
    58.955555555555556,
    55.955555555555556,
    49.644444444444446,
    54.0,
    60.56666666666667,
    58.37777777777778,
    55.477777777777774,
    63.78888888888889,
    65.56666666666666,
    63.544444444444444,
    59.0,
    68.24444444444444,
    66.02222222222223,
    57.833333333333336
  ],
  "rank_traj": []
}