{
  "method": "ptc_muon",
  "seed": 2,
  "early_acc": 58.56,
  "late_acc": 67.72333333333334,
  "late_test_acc": 63.339999999999996,
  "test_acc": [
    49.8,
    52.0,
    69.8,
    63.6,
    57.8,
    67.6,
    70.8,
    74.0,
    65.6,
    68.6,
    72.4,
    65.0,
    55.0,
    63.8,
    60.4,
    67.2,
    69.2,
    58.0,
    71.8,
    54.0,
    62.4,
    66.0,
    64.0,
    63.0,
    57.8
  ],
  "ntk": null,
  "plasticity_drop": -9.163333333333341,
  "mean_acc": 66.24444444444444,
  "task_acc": [
    53.34444444444444,
    48.455555555555556,
    65.71111111111111,
    62.05555555555556,
    63.233333333333334,
    65.02222222222223,
    68.42222222222222,
    71.34444444444445,
    70.94444444444444,
    72.5111111111111,
    69.91111111111111,
    68.1,
    65.07777777777778,
    69.4,
    65.34444444444445,
    71.24444444444444,
    70.08888888888889,
    64.52222222222223,
    70.83333333333333,
    67.11111111111111,
    64.88888888888889,
    69.95555555555555,
    68.97777777777777,
    65.9888888888889,
    63.62222222222222
  ],
  "rank_traj": []
}