{
  "method": "ptc_muon",
  "seed": 0,
  "early_acc": 57.59555555555555,
  "late_acc": 70.20777777777778,
  "late_test_acc": 67.94000000000001,
  "test_acc": [
    52.8,
    57.6,
    61.4,
    62.8,
    65.0,
    66.2,
    69.6,
    54.2,
    54.6,
    74.0,
    68.6,
    72.4,
    61.4,
    59.0,
    66.6,
    64.8,
    72.2,
    70.2,
    68.2,
    71.4,
    67.8,
    66.4,
    70.2,
    70.6,
    57.6
  ],
  "ntk": null,
  "plasticity_drop": -12.612222222222229,
  "mean_acc": 66.18400000000001,
  "task_acc": [
    47.67777777777778,
    55.1,
    58.06666666666667,
    64.72222222222223,
    62.41111111111111,
    65.38888888888889,
    68.22222222222223,
    57.77777777777778,
    58.71111111111111,
    73.44444444444444,
    62.63333333333333,
    74.27777777777777,
    66.9,
    66.16666666666667,
    71.02222222222223,
    72.32222222222222,
    70.25555555555556,
    68.41111111111111,
    69.14444444444445,
    74.23333333333333,
    70.62222222222222,
    67.34444444444445,
    72.47777777777777,
    70.5,
    66.76666666666667
  ],
  "rank_traj": []
}