{
  "method": "ptc_muon",
  "seed": 1,
  "early_acc": 57.80666666666666,
  "late_acc": 71.30777777777777,
  "late_test_acc": 65.66000000000001,
  "test_acc": [
    54.2,
    55.6,
    62.2,
    62.6,
    71.2,
    56.2,
    70.0,
    54.2,
    66.6,
    64.4,
    70.2,
    67.4,
    69.2,
    68.0,
    58.6,
    72.6,
    56.6,
    66.4,
    60.4,
    68.8,
    60.0,
    69.4,
    70.2,
    63.2,
    69.0
  ],
  "ntk": null,
  "plasticity_drop": -13.501111111111115,
  "mean_acc": 66.93333333333334,
  "task_acc": [
    55.27777777777778,
    51.62222222222222,
    54.8,
    61.766666666666666,
    65.56666666666666,
    60.25555555555555,
    66.53333333333333,
    65.58888888888889,
    64.42222222222222,
    64.63333333333334,
    67.67777777777778,
    70.12222222222222,
    75.08888888888889,
    71.28888888888889,
    65.61111111111111,
    72.56666666666666,
    65.42222222222222,
    72.6,
    73.5111111111111,
    69.91111111111111,
    70.1,
    72.42222222222222,
    70.23333333333333,
    74.46666666666667,
    71.84444444444445
  ],
  "rank_traj": []
}