{
  "method": "ptc_muon",
  "seed": 1,
  "early_acc": 55.413333333333334,
  "late_acc": 69.90111111111109,
  "late_test_acc": 72.66,
  "test_acc": [
    44.8,
    52.2,
    59.4,
    59.8,
    69.4,
    60.8,
    68.0,
    52.8,
    67.0,
    63.4,
    73.0,
    68.4,
    76.8,
    69.2,
    64.4,
    75.8,
    57.6,
    72.6,
    74.2,
    73.0,
    67.2,
    79.0,
    74.0,
    78.4,
    74.8
  ],
  "ntk": null,
  "plasticity_drop": -14.487777777777758,
  "mean_acc": 64.27733333333333,
  "task_acc": [
    57.144444444444446,
    47.36666666666667,
    51.63333333333333,
    55.888888888888886,
    65.03333333333333,
    55.87777777777778,
    61.41111111111111,
    58.888888888888886,
    61.2,
    59.86666666666667,
    62.577777777777776,
    68.53333333333333,
    70.82222222222222,
    69.44444444444444,
    62.233333333333334,
    68.68888888888888,
    63.63333333333333,
    71.32222222222222,
    71.28888888888889,
    70.47777777777777,
    67.3,
    71.34444444444445,
    69.62222222222222,
    74.03333333333333,
    71.3
  ],
  "rank_traj": []
}