{
  "method": "ptc_muon",
  "seed": 2,
  "early_acc": 58.291111111111114,
  "late_acc": 67.58777777777777,
  "late_test_acc": 69.49999999999999,
  "test_acc": [
    60.0,
    49.8,
    66.6,
    63.0,
    62.2,
    69.6,
    66.2,
    70.6,
    64.6,
    72.6,
    76.2,
    70.6,
    64.4,
    73.8,
    69.0,
    73.2,
    79.4,
    62.2,
    77.0,
    69.2,
    66.0,
    62.6,
    72.0,
    65.8,
    67.6
  ],
  "ntk": null,
  "plasticity_drop": -9.29666666666666,
  "mean_acc": 64.95688888888888,
  "task_acc": [
    55.65555555555556,
    48.21111111111111,
    65.81111111111112,
    61.01111111111111,
    60.766666666666666,
    61.86666666666667,
    62.18888888888889,
    67.85555555555555,
    66.15555555555555,
    68.96666666666667,
    66.35555555555555,
    64.75555555555556,
    63.48888888888889,
    68.72222222222223,
    66.23333333333333,
    68.5,
    69.9888888888889,
    62.111111111111114,
    72.35555555555555,
    67.68888888888888,
    63.22222222222222,
    69.56666666666666,
    69.93333333333334,
    67.02222222222223,
    65.4888888888889
  ],
  "rank_traj": []
}