{
  "method": "ptc_muon",
  "seed": 0,
  "early_acc": 57.70222222222221,
  "late_acc": 71.24333333333333,
  "late_test_acc": 75.66,
  "test_acc": [
    51.4,
    62.2,
    65.2,
    67.6,
    67.8,
    69.6,
    74.8,
    59.2,
    58.6,
    75.0,
    71.0,
    70.8,
    73.0,
    61.6,
    74.0,
    75.2,
    74.0,
    76.4,
    77.8,
    79.8,
    75.2,
    71.0,
    77.2,
    82.2,
    67.8
  ],
  "ntk": null,
  "plasticity_drop": -13.541111111111114,
  "mean_acc": 65.912,
  "task_acc": [
    49.24444444444445,
    57.28888888888889,
    57.233333333333334,
    63.355555555555554,
    61.388888888888886,
    63.03333333333333,
    67.81111111111112,
    57.144444444444446,
    56.077777777777776,
    72.14444444444445,
    61.166666666666664,
    70.14444444444445,
    67.52222222222223,
    63.355555555555554,
    68.45555555555555,
    71.74444444444444,
    69.71111111111111,
    69.27777777777777,
    71.4888888888889,
    74.87777777777778,
    71.45555555555555,
    69.66666666666667,
    73.0,
    72.92222222222222,
    68.28888888888889
  ],
  "rank_traj": []
}