{
  "method": "ptc_muon",
  "seed": 2,
  "early_acc": 48.577777777777776,
  "late_acc": 47.45777777777778,
  "late_test_acc": 50.72,
  "test_acc": [
    47.4,
    37.4,
    40.8,
    52.4,
    49.4,
    47.2,
    50.2,
    63.2,
    50.8,
    53.4,
    55.0,
    57.8,
    40.6,
    57.4,
    46.8,
    52.6,
    62.6,
    51.2,
    60.2,
    47.4,
    43.0,
    47.6,
    49.4,
    53.8,
    39.4
  ],
  "ntk": null,
  "plasticity_drop": 1.1199999999999974,
  "mean_acc": 48.26533333333333,
  "task_acc": [
    52.34444444444444,
    38.21111111111111,
    57.34444444444444,
    47.44444444444444,
    47.544444444444444,
    51.34444444444444,
    44.733333333333334,
    53.27777777777778,
    52.28888888888889,
    53.333333333333336,
    47.477777777777774,
    48.98888888888889,
    40.77777777777778,
    54.13333333333333,
    42.81111111111111,
    46.01111111111111,
    50.71111111111111,
    42.37777777777778,
    56.355555555555554,
    49.96666666666667,
    42.24444444444445,
    51.1,
    46.12222222222222,
    48.77777777777778,
    40.91111111111111
  ],
  "rank_traj": []
}