{
  "method": "ptc_muon",
  "seed": 0,
  "early_acc": 50.09111111111112,
  "late_acc": 50.84777777777778,
  "late_test_acc": 56.4,
  "test_acc": [
    52.2,
    47.0,
    57.0,
    56.8,
    53.2,
    59.6,
    54.4,
    42.6,
    48.2,
    65.8,
    48.0,
    55.2,
    46.8,
    36.4,
    53.4,
    45.6,
    53.6,
    58.0,
    55.8,
    54.2,
    61.0,
    51.4,
    68.4,
    59.4,
    56.6
  ],
  "ntk": null,
  "plasticity_drop": -0.7566666666666606,
  "mean_acc": 49.211999999999996,
  "task_acc": [
    46.91111111111111,
    48.74444444444445,
    48.888888888888886,
    53.82222222222222,
    52.08888888888889,
    50.922222222222224,
    51.144444444444446,
    39.888888888888886,
    45.044444444444444,
    57.666666666666664,
    39.74444444444445,
    49.78888888888889,
    46.0,
    43.6,
    47.56666666666667,
    52.355555555555554,
    48.13333333333333,
    47.36666666666667,
    50.28888888888889,
    53.74444444444445,
    52.422222222222224,
    50.28888888888889,
    60.266666666666666,
    48.022222222222226,
    45.58888888888889
  ],
  "rank_traj": []
}