{
  "method": "ptc_muon",
  "seed": 1,
  "early_acc": 48.120000000000005,
  "late_acc": 51.81333333333333,
  "late_test_acc": 55.82000000000001,
  "test_acc": [
    61.2,
    47.0,
    57.8,
    48.4,
    59.6,
    35.4,
    58.6,
    42.8,
    52.0,
    53.8,
    48.6,
    61.0,
    48.2,
    55.4,
    51.4,
    55.8,
    44.8,
    56.0,
    52.6,
    47.4,
    61.4,
    63.2,
    63.0,
    60.8,
    53.2
  ],
  "ntk": null,
  "plasticity_drop": -3.693333333333328,
  "mean_acc": 49.43866666666668,
  "task_acc": [
    53.422222222222224,
    44.522222222222226,
    48.44444444444444,
    46.333333333333336,
    47.87777777777778,
    43.388888888888886,
    47.37777777777778,
    46.111111111111114,
    44.18888888888889,
    45.37777777777778,
    46.98888888888889,
    51.81111111111111,
    54.13333333333333,
    51.1,
    46.75555555555555,
    50.46666666666667,
    46.43333333333333,
    50.13333333333333,
    52.18888888888889,
    52.81111111111111,
    51.0,
    56.67777777777778,
    52.71111111111111,
    53.544444444444444,
    52.166666666666664
  ],
  "rank_traj": []
}