{
  "arch": "kan",
  "hidden": 64,
  "nparam": 457344,
  "seed": 2,
  "early_acc": 55.966796875,
  "late_acc": 44.69970703125,
  "late_rank": 40.61508026123047,
  "task_acc": [
    56.93359375,
    56.4697265625,
    57.275390625,
    53.857421875,
    55.2978515625,
    52.9541015625,
    53.3203125,
    57.177734375,
    52.9541015625,
    49.6826171875,
    53.2958984375,
    54.3701171875,
    50.87890625,
    46.09375,
    47.900390625,
    43.65234375,
    48.095703125,
    47.216796875,
    48.2421875,
    45.80078125,
    49.3408203125,
    45.849609375,
    43.75,
    48.9990234375,
    44.580078125,
    47.16796875,
    43.2373046875,
    47.5341796875,
    44.23828125,
    46.6064453125,
    46.875,
    42.87109375,
    44.7265625,
    45.7763671875,
    42.7001953125,
    47.021484375,
    41.7724609375,
    43.2861328125,
    47.5341796875,
    44.43359375
  ],
  "rank_traj": [
    44.829524993896484,
    43.25014877319336,
    42.67207717895508,
    42.802207946777344,
    42.40592956542969,
    41.6800422668457,
    41.52051544189453,
    41.41856384277344,
    41.62044143676758,
    41.726715087890625,
    40.97517776489258,
    41.56001281738281,
    40.935325622558594,
    40.842472076416016,
    41.07600021362305,
    40.403778076171875,
    40.11500549316406,
    40.872955322265625,
    41.00865936279297,
    40.23269271850586,
    40.432064056396484,
    40.623592376708984,
    40.62233352661133,
    40.699501037597656,
    40.41352844238281,
    40.22395706176758,
    40.93271255493164,
    40.242835998535156,
    39.638240814208984,
    40.743202209472656,
    40.22709274291992,
    40.46970748901367,
    40.61799240112305,
    40.48303985595703,
    41.33354949951172,
    40.230430603027344,
    40.99628448486328,
    40.77534866333008,
    40.36797332763672,
    40.649383544921875
  ]
}