{
  "arch": "kan",
  "hidden": 64,
  "nparam": 457344,
  "seed": 4,
  "early_acc": 52.177734375,
  "late_acc": 42.69775390625,
  "late_rank": 40.256571197509764,
  "task_acc": [
    51.07421875,
    55.4443359375,
    53.02734375,
    50.2685546875,
    51.07421875,
    51.4892578125,
    51.123046875,
    50.48828125,
    49.755859375,
    47.021484375,
    52.4169921875,
    49.072265625,
    46.9482421875,
    50.4638671875,
    48.388671875,
    47.7294921875,
    50.390625,
    45.7763671875,
    43.0419921875,
    46.8017578125,
    46.630859375,
    46.0693359375,
    42.431640625,
    45.1171875,
    36.8408203125,
    41.9921875,
    45.2392578125,
    48.5595703125,
    42.333984375,
    37.5732421875,
    45.947265625,
    41.6015625,
    40.8447265625,
    35.3759765625,
    44.23828125,
    38.6962890625,
    46.6552734375,
    44.4091796875,
    44.23828125,
    44.970703125
  ],
  "rank_traj": [
    45.00974655151367,
    43.17531967163086,
    42.79951095581055,
    42.32286834716797,
    41.2901611328125,
    41.61472702026367,
    41.49562072753906,
    42.33057403564453,
    41.139305114746094,
    40.4281120300293,
    40.94129180908203,
    40.88658905029297,
    40.428775787353516,
    40.939964294433594,
    40.26087951660156,
    40.13282012939453,
    40.14398956298828,
    40.504146575927734,
    40.16773223876953,
    40.78126907348633,
    40.54186248779297,
    40.29042434692383,
    40.86871337890625,
    39.535240173339844,
    41.42504119873047,
    40.12002944946289,
    39.99332809448242,
    40.360408782958984,
    40.4467658996582,
    40.81422424316406,
    39.75831985473633,
    40.654327392578125,
    40.546688079833984,
    40.48866653442383,
    40.554386138916016,
    40.55143737792969,
    40.33585739135742,
    39.780914306640625,
    39.59986877441406,
    40.29524612426758
  ]
}