{
  "arch": "kan",
  "hidden": 64,
  "nparam": 457344,
  "seed": 1,
  "early_acc": 54.873046875,
  "late_acc": 42.8515625,
  "late_rank": 40.07332572937012,
  "task_acc": [
    52.0263671875,
    55.419921875,
    53.9794921875,
    56.54296875,
    56.396484375,
    52.099609375,
    54.78515625,
    57.763671875,
    52.6123046875,
    51.5380859375,
    49.7314453125,
    52.2216796875,
    54.78515625,
    50.830078125,
    43.75,
    47.900390625,
    40.478515625,
    45.3857421875,
    52.099609375,
    46.09375,
    44.7021484375,
    47.36328125,
    47.509765625,
    45.849609375,
    47.509765625,
    45.4833984375,
    44.7998046875,
    49.072265625,
    41.69921875,
    43.84765625,
    44.5068359375,
    43.9453125,
    44.9951171875,
    42.6025390625,
    36.81640625,
    44.482421875,
    42.138671875,
    43.408203125,
    43.2373046875,
    42.3828125
  ],
  "rank_traj": [
    45.119239807128906,
    43.799442291259766,
    43.1384162902832,
    42.318382263183594,
    42.06947326660156,
    41.91156768798828,
    41.47896194458008,
    41.831634521484375,
    40.95558547973633,
    40.83750915527344,
    41.5755729675293,
    40.82578659057617,
    40.997528076171875,
    40.87226104736328,
    41.32475662231445,
    41.38418197631836,
    41.17844009399414,
    40.96232986450195,
    40.4543571472168,
    40.3929328918457,
    41.07549285888672,
    40.65707015991211,
    40.0509033203125,
    39.82002639770508,
    40.108909606933594,
    40.156097412109375,
    40.92099380493164,
    41.15054702758789,
    40.88139343261719,
    40.434810638427734,
    40.44874572753906,
    40.531349182128906,
    40.04222106933594,
    40.65488815307617,
    39.93572998046875,
    39.58389663696289,
    39.823875427246094,
    39.50869369506836,
    40.268653869628906,
    39.935203552246094
  ]
}