{
  "arch": "kan",
  "hidden": 64,
  "nparam": 457344,
  "seed": 3,
  "early_acc": 54.2138671875,
  "late_acc": 41.77734375,
  "late_rank": 41.21513137817383,
  "task_acc": [
    51.7578125,
    55.078125,
    54.150390625,
    56.25,
    53.8330078125,
    52.1728515625,
    50.439453125,
    49.9755859375,
    47.1923828125,
    50.537109375,
    55.2490234375,
    46.728515625,
    51.5869140625,
    50.6591796875,
    47.36328125,
    49.755859375,
    48.5595703125,
    48.486328125,
    47.0458984375,
    46.7041015625,
    43.603515625,
    43.2373046875,
    46.337890625,
    45.166015625,
    44.189453125,
    43.8720703125,
    45.654296875,
    47.7783203125,
    44.677734375,
    41.9677734375,
    42.724609375,
    44.3359375,
    41.2841796875,
    38.9404296875,
    42.822265625,
    41.0400390625,
    41.5771484375,
    42.4072265625,
    41.40625,
    41.2353515625
  ],
  "rank_traj": [
    45.78240966796875,
    43.603458404541016,
    42.98398208618164,
    42.27275466918945,
    42.18731689453125,
    41.32777404785156,
    41.530555725097656,
    41.97861099243164,
    41.734554290771484,
    41.147911071777344,
    41.14371109008789,
    41.77797317504883,
    40.790584564208984,
    41.4035758972168,
    41.161888122558594,
    41.72245788574219,
    40.717689514160156,
    41.78335952758789,
    41.603416442871094,
    40.9407844543457,
    41.11858367919922,
    41.54676818847656,
    41.41960906982422,
    41.39817810058594,
    40.692203521728516,
    40.501220703125,
    41.43642044067383,
    40.76644515991211,
    41.19951248168945,
    41.335609436035156,
    41.32202911376953,
    41.09668731689453,
    40.462562561035156,
    41.82404327392578,
    40.534122467041016,
    41.14763259887695,
    41.82183837890625,
    41.103981018066406,
    41.23918533325195,
    41.5992317199707
  ]
}