{
  "arch": "kan",
  "hidden": 64,
  "nparam": 457344,
  "seed": 0,
  "early_acc": 55.087890625,
  "late_acc": 44.41650390625,
  "late_rank": 40.55145492553711,
  "task_acc": [
    55.322265625,
    55.95703125,
    53.9306640625,
    56.5673828125,
    53.662109375,
    52.880859375,
    51.5625,
    53.5888671875,
    51.0009765625,
    49.072265625,
    47.8759765625,
    51.5869140625,
    47.0458984375,
    44.5556640625,
    42.724609375,
    48.1689453125,
    49.072265625,
    45.99609375,
    44.9462890625,
    45.01953125,
    46.4599609375,
    45.6298828125,
    38.5986328125,
    43.0419921875,
    40.3076171875,
    42.3095703125,
    43.701171875,
    41.015625,
    44.43359375,
    42.67578125,
    36.767578125,
    50.390625,
    47.5830078125,
    43.9453125,
    43.1640625,
    44.53125,
    41.064453125,
    45.849609375,
    43.3837890625,
    47.4853515625
  ],
  "rank_traj": [
    45.6468620300293,
    44.13124465942383,
    43.498565673828125,
    42.800899505615234,
    42.626949310302734,
    42.084381103515625,
    42.183650970458984,
    42.1139030456543,
    41.81557846069336,
    41.506935119628906,
    41.632530212402344,
    41.29273986816406,
    41.69208908081055,
    41.42107009887695,
    41.27915573120117,
    41.961517333984375,
    40.8896484375,
    40.59754943847656,
    40.609214782714844,
    41.28288650512695,
    40.17446517944336,
    40.977054595947266,
    40.79965591430664,
    41.17155838012695,
    40.700531005859375,
    41.46391296386719,
    41.21841049194336,
    40.586669921875,
    39.54202651977539,
    41.37140655517578,
    40.44097137451172,
    41.19724655151367,
    40.889461517333984,
    40.15547561645508,
    40.200927734375,
    40.674522399902344,
    40.72209930419922,
    40.68743133544922,
    40.15125274658203,
    40.39516067504883
  ]
}