{
  "arch": "mlp",
  "hidden": 256,
  "nparam": 203530,
  "seed": 2,
  "early_acc": 65.1416015625,
  "late_acc": 55.9326171875,
  "late_rank": 58.49559707641602,
  "task_acc": [
    72.2900390625,
    65.91796875,
    63.4033203125,
    63.6962890625,
    60.400390625,
    63.0126953125,
    60.44921875,
    62.158203125,
    55.517578125,
    52.4658203125,
    55.56640625,
    53.662109375,
    53.9794921875,
    50.048828125,
    51.416015625,
    48.8525390625,
    56.005859375,
    55.322265625,
    54.7607421875,
    51.025390625,
    58.8623046875,
    51.66015625,
    52.8564453125,
    52.7587890625,
    51.66015625,
    53.564453125,
    50.634765625,
    56.005859375,
    55.1025390625,
    55.8349609375,
    57.91015625,
    55.46875,
    54.931640625,
    55.9814453125,
    54.638671875,
    55.7861328125,
    52.9052734375,
    59.130859375,
    56.4208984375,
    56.15234375
  ],
  "rank_traj": [
    72.96183776855469,
    75.15999603271484,
    79.70893859863281,
    76.98442840576172,
    80.36449432373047,
    78.02437591552734,
    76.34614562988281,
    76.32489013671875,
    77.15608978271484,
    67.84906768798828,
    67.5018081665039,
    71.06653594970703,
    67.59811401367188,
    65.28812408447266,
    60.7128791809082,
    60.576534271240234,
    64.70700073242188,
    68.9753646850586,
    64.02909088134766,
    61.496742248535156,
    61.21841812133789,
    59.30683517456055,
    64.62332153320312,
    57.6614990234375,
    57.002010345458984,
    59.37986755371094,
    59.79073715209961,
    61.317657470703125,
    59.89666748046875,
    59.9000358581543,
    53.249351501464844,
    57.57215881347656,
    55.52136993408203,
    60.72203063964844,
    58.000877380371094,
    66.57886505126953,
    59.65194320678711,
    57.50545883178711,
    55.83167266845703,
    60.322242736816406
  ]
}