{
  "arch": "mlp",
  "hidden": 256,
  "nparam": 203530,
  "seed": 3,
  "early_acc": 64.765625,
  "late_acc": 54.62646484375,
  "late_rank": 56.204769134521484,
  "task_acc": [
    69.2626953125,
    66.845703125,
    61.62109375,
    64.3798828125,
    61.71875,
    58.7158203125,
    56.6162109375,
    60.1806640625,
    57.2509765625,
    57.177734375,
    58.935546875,
    51.3427734375,
    57.2265625,
    54.78515625,
    55.3466796875,
    55.322265625,
    53.076171875,
    55.9814453125,
    52.5634765625,
    54.4921875,
    51.8310546875,
    52.3193359375,
    56.73828125,
    54.19921875,
    52.7587890625,
    53.173828125,
    52.1240234375,
    54.8583984375,
    52.7587890625,
    54.58984375,
    53.2958984375,
    58.0810546875,
    55.6640625,
    54.3701171875,
    55.2001953125,
    53.0029296875,
    55.810546875,
    53.6376953125,
    54.6142578125,
    52.587890625
  ],
  "rank_traj": [
    72.90018463134766,
    72.18336486816406,
    77.14861297607422,
    75.49124145507812,
    78.49491119384766,
    79.32636260986328,
    74.87136840820312,
    74.3634262084961,
    73.16487884521484,
    69.53208923339844,
    71.29853820800781,
    65.10575866699219,
    69.09017944335938,
    67.9775390625,
    63.70712661743164,
    64.53641510009766,
    63.89638900756836,
    66.09603118896484,
    67.54289245605469,
    59.49470901489258,
    58.48210906982422,
    57.62948226928711,
    59.39867401123047,
    56.64686584472656,
    57.35391616821289,
    57.037845611572266,
    57.17424392700195,
    55.016136169433594,
    50.838050842285156,
    54.40279769897461,
    55.237972259521484,
    57.76764678955078,
    53.86496353149414,
    54.34710693359375,
    57.79864501953125,
    55.95013427734375,
    58.28227996826172,
    56.00413131713867,
    56.47123718261719,
    56.32357406616211
  ]
}