{
  "arch": "mlp",
  "hidden": 256,
  "nparam": 203530,
  "seed": 0,
  "early_acc": 64.27734375,
  "late_acc": 54.2138671875,
  "late_rank": 59.439964294433594,
  "task_acc": [
    70.458984375,
    64.6484375,
    61.8896484375,
    61.7919921875,
    62.59765625,
    59.716796875,
    58.10546875,
    63.6474609375,
    58.154296875,
    57.0068359375,
    53.466796875,
    54.6142578125,
    53.9306640625,
    51.611328125,
    47.55859375,
    53.8818359375,
    56.591796875,
    53.1982421875,
    49.365234375,
    50.5615234375,
    51.7333984375,
    52.7587890625,
    51.3671875,
    52.978515625,
    52.1728515625,
    55.9326171875,
    52.294921875,
    49.3408203125,
    53.125,
    50.5859375,
    50.2685546875,
    60.83984375,
    55.37109375,
    53.7353515625,
    50.2197265625,
    56.4208984375,
    53.076171875,
    54.248046875,
    53.6376953125,
    54.3212890625
  ],
  "rank_traj": [
    74.22218322753906,
    76.14131927490234,
    77.2640609741211,
    78.323486328125,
    75.93055725097656,
    76.10389709472656,
    74.55622100830078,
    73.39091491699219,
    76.72676086425781,
    74.98462677001953,
    72.42156219482422,
    66.34225463867188,
    69.1756591796875,
    65.48601531982422,
    59.956268310546875,
    69.23377227783203,
    64.8761215209961,
    60.66157531738281,
    56.35344314575195,
    59.56695556640625,
    53.597198486328125,
    53.7078971862793,
    56.39857864379883,
    57.82392501831055,
    56.55129623413086,
    62.52516174316406,
    55.05167007446289,
    56.79058074951172,
    54.670074462890625,
    58.63009262084961,
    56.55501937866211,
    64.51411437988281,
    59.30641174316406,
    55.81178665161133,
    59.283226013183594,
    58.492618560791016,
    55.831748962402344,
    63.63583755493164,
    58.14914321899414,
    62.81973648071289
  ]
}