{
  "arch": "mlp",
  "hidden": 256,
  "nparam": 203530,
  "seed": 4,
  "early_acc": 63.6376953125,
  "late_acc": 54.66552734375,
  "late_rank": 58.72527885437012,
  "task_acc": [
    71.1181640625,
    66.2109375,
    63.9404296875,
    59.2041015625,
    57.71484375,
    59.033203125,
    58.5205078125,
    58.0810546875,
    54.296875,
    54.39453125,
    59.0576171875,
    54.8095703125,
    54.150390625,
    53.0029296875,
    51.611328125,
    53.1494140625,
    54.9560546875,
    54.5166015625,
    53.0029296875,
    53.564453125,
    55.2734375,
    50.7568359375,
    48.92578125,
    54.00390625,
    48.6328125,
    51.6357421875,
    56.8603515625,
    59.912109375,
    52.9052734375,
    50.9521484375,
    58.5205078125,
    52.1240234375,
    50.2197265625,
    51.025390625,
    58.1787109375,
    56.4453125,
    57.6171875,
    51.2939453125,
    55.810546875,
    55.419921875
  ],
  "rank_traj": [
    71.76107025146484,
    74.68277740478516,
    77.69139862060547,
    78.9980239868164,
    79.3876953125,
    77.16373443603516,
    77.30866241455078,
    75.1820068359375,
    73.91780853271484,
    73.2905502319336,
    72.8659439086914,
    69.11090850830078,
    71.7480697631836,
    68.33522033691406,
    65.1400375366211,
    66.56298828125,
    63.83885955810547,
    65.17757415771484,
    58.47636413574219,
    61.71601104736328,
    66.37601470947266,
    64.25594329833984,
    56.53139877319336,
    64.76688385009766,
    59.96816635131836,
    61.30096435546875,
    61.31637191772461,
    63.68434143066406,
    57.840721130371094,
    60.64748764038086,
    63.86388397216797,
    59.077362060546875,
    55.56803894042969,
    57.232425689697266,
    57.99824905395508,
    57.05868148803711,
    55.868099212646484,
    61.06899642944336,
    59.10044479370117,
    60.41660690307617
  ]
}