{
  "arch": "mlp",
  "hidden": 256,
  "nparam": 203530,
  "seed": 1,
  "early_acc": 65.205078125,
  "late_acc": 51.68701171875,
  "late_rank": 53.883920669555664,
  "task_acc": [
    68.212890625,
    65.5517578125,
    64.208984375,
    63.8427734375,
    64.208984375,
    59.2529296875,
    60.7421875,
    59.8876953125,
    56.6650390625,
    57.4951171875,
    56.4453125,
    56.787109375,
    59.4970703125,
    57.12890625,
    50.439453125,
    55.3466796875,
    48.4130859375,
    51.2939453125,
    54.833984375,
    52.9052734375,
    49.658203125,
    53.271484375,
    52.8076171875,
    54.8828125,
    52.8564453125,
    51.806640625,
    56.0302734375,
    55.1025390625,
    51.0986328125,
    52.0263671875,
    51.85546875,
    52.587890625,
    52.4169921875,
    52.734375,
    49.9755859375,
    53.857421875,
    51.7822265625,
    49.2431640625,
    50.146484375,
    52.2705078125
  ],
  "rank_traj": [
    72.21562194824219,
    73.29530334472656,
    76.08499145507812,
    77.49614715576172,
    76.96945190429688,
    76.50948333740234,
    71.51498413085938,
    73.88933563232422,
    73.22808837890625,
    72.98065948486328,
    73.2762222290039,
    70.60611724853516,
    74.45901489257812,
    73.03646850585938,
    68.83677673339844,
    67.70870971679688,
    58.282196044921875,
    65.78314208984375,
    60.05241012573242,
    62.38242721557617,
    58.24454879760742,
    60.62802505493164,
    56.6558837890625,
    61.479034423828125,
    57.54246139526367,
    57.70149230957031,
    60.93914031982422,
    64.2098159790039,
    56.97111511230469,
    61.39536666870117,
    59.69744110107422,
    57.17884826660156,
    56.78681564331055,
    55.31691360473633,
    50.179901123046875,
    52.517822265625,
    51.44036865234375,
    52.270145416259766,
    51.84943389892578,
    51.60151672363281
  ]
}