{
  "arch": "mlp",
  "hidden": 64,
  "nparam": 50890,
  "seed": 4,
  "early_acc": 57.1435546875,
  "late_acc": 43.50341796875,
  "late_rank": 21.342631912231447,
  "task_acc": [
    59.130859375,
    59.619140625,
    58.0078125,
    57.9833984375,
    50.9765625,
    53.466796875,
    54.052734375,
    51.85546875,
    49.609375,
    48.9990234375,
    54.541015625,
    47.607421875,
    49.2919921875,
    49.2431640625,
    45.6298828125,
    46.728515625,
    49.658203125,
    47.265625,
    43.701171875,
    49.4873046875,
    46.8505859375,
    42.9443359375,
    42.0654296875,
    42.7978515625,
    38.9404296875,
    44.43359375,
    45.3125,
    46.8017578125,
    41.064453125,
    41.0888671875,
    48.974609375,
    41.0400390625,
    38.4033203125,
    37.0361328125,
    47.8515625,
    39.0625,
    49.21875,
    41.69921875,
    44.1650390625,
    47.5830078125
  ],
  "rank_traj": [
    26.844898223876953,
    26.385969161987305,
    26.063434600830078,
    25.938968658447266,
    26.914316177368164,
    25.837642669677734,
    26.303943634033203,
    25.606117248535156,
    24.55211067199707,
    24.875558853149414,
    26.539928436279297,
    24.12091827392578,
    24.511425018310547,
    24.61046600341797,
    24.199338912963867,
    25.22770881652832,
    23.30052947998047,
    24.233640670776367,
    24.19744110107422,
    23.15873908996582,
    26.12578582763672,
    23.177827835083008,
    21.70041847229004,
    25.33265495300293,
    23.581661224365234,
    23.507923126220703,
    25.103031158447266,
    24.224773406982422,
    23.365478515625,
    25.856414794921875,
    24.22540283203125,
    23.117319107055664,
    22.101930618286133,
    20.99300765991211,
    22.372556686401367,
    20.32257843017578,
    20.22966766357422,
    20.024944305419922,
    20.380582809448242,
    19.658329010009766
  ]
}