{
  "arch": "mlp",
  "hidden": 64,
  "nparam": 50890,
  "seed": 0,
  "early_acc": 57.041015625,
  "late_acc": 41.75537109375,
  "late_rank": 21.889118194580078,
  "task_acc": [
    59.1796875,
    58.0810546875,
    55.46875,
    55.9326171875,
    56.54296875,
    52.4658203125,
    52.4658203125,
    57.5927734375,
    52.1240234375,
    50.6103515625,
    46.3134765625,
    48.876953125,
    47.314453125,
    45.6787109375,
    40.087890625,
    48.583984375,
    50.048828125,
    44.2626953125,
    41.845703125,
    41.9189453125,
    42.0166015625,
    45.01953125,
    41.2841796875,
    44.4580078125,
    41.357421875,
    43.6279296875,
    41.4306640625,
    39.013671875,
    41.796875,
    40.8447265625,
    35.4248046875,
    49.9755859375,
    46.2646484375,
    38.76953125,
    40.380859375,
    40.4296875,
    38.28125,
    44.62890625,
    40.13671875,
    43.26171875
  ],
  "rank_traj": [
    27.037595748901367,
    26.48312759399414,
    25.689531326293945,
    25.362194061279297,
    24.89432144165039,
    24.758647918701172,
    25.425342559814453,
    25.181869506835938,
    26.03904914855957,
    25.772193908691406,
    25.895374298095703,
    25.42139434814453,
    25.85733985900879,
    25.33557891845703,
    25.174198150634766,
    25.095090866088867,
    25.704448699951172,
    25.011383056640625,
    23.287002563476562,
    23.184284210205078,
    21.778610229492188,
    23.184913635253906,
    23.309810638427734,
    22.0187931060791,
    22.944650650024414,
    23.323240280151367,
    21.407573699951172,
    19.23935317993164,
    20.16425132751465,
    20.886579513549805,
    20.278120040893555,
    22.251672744750977,
    21.799264907836914,
    22.771602630615234,
    22.370695114135742,
    21.09629249572754,
    21.734643936157227,
    22.219812393188477,
    22.55763053894043,
    21.811447143554688
  ]
}