{
  "arch": "mlp",
  "hidden": 64,
  "nparam": 50890,
  "seed": 2,
  "early_acc": 58.49609375,
  "late_acc": 44.89501953125,
  "late_rank": 22.540461540222168,
  "task_acc": [
    60.693359375,
    59.326171875,
    58.9111328125,
    57.958984375,
    55.5908203125,
    57.71484375,
    55.4443359375,
    57.1044921875,
    52.8076171875,
    47.8759765625,
    51.5869140625,
    50.6591796875,
    50.9033203125,
    45.263671875,
    47.802734375,
    44.2138671875,
    50.537109375,
    48.73046875,
    48.2177734375,
    45.0927734375,
    50.9521484375,
    44.3115234375,
    42.6025390625,
    44.6044921875,
    44.6533203125,
    47.9248046875,
    40.625,
    47.36328125,
    46.38671875,
    46.1181640625,
    45.21484375,
    44.189453125,
    43.1640625,
    45.4345703125,
    44.62890625,
    48.388671875,
    38.5498046875,
    46.728515625,
    45.703125,
    46.9482421875
  ],
  "rank_traj": [
    27.665685653686523,
    26.17445945739746,
    25.94685935974121,
    26.044353485107422,
    26.631263732910156,
    25.84859848022461,
    25.908966064453125,
    25.371423721313477,
    25.711360931396484,
    25.91704750061035,
    24.64162826538086,
    25.92011833190918,
    25.32598304748535,
    24.5252628326416,
    23.12290382385254,
    23.543527603149414,
    24.703781127929688,
    25.719558715820312,
    25.14824867248535,
    25.23735809326172,
    24.852684020996094,
    22.95318603515625,
    26.058748245239258,
    25.095836639404297,
    24.50369644165039,
    25.53606605529785,
    25.8149356842041,
    24.780506134033203,
    23.94626235961914,
    25.554105758666992,
    23.0745792388916,
    21.273799896240234,
    22.675336837768555,
    22.961210250854492,
    22.582685470581055,
    24.567651748657227,
    22.162797927856445,
    21.881534576416016,
    21.64640998840332,
    22.578609466552734
  ]
}