{
  "arch": "mlp",
  "hidden": 64,
  "nparam": 50890,
  "seed": 3,
  "early_acc": 59.404296875,
  "late_acc": 42.81494140625,
  "late_rank": 22.023331451416016,
  "task_acc": [
    64.6240234375,
    59.375,
    58.9599609375,
    58.30078125,
    55.76171875,
    54.58984375,
    51.0986328125,
    53.1494140625,
    50.927734375,
    51.220703125,
    55.17578125,
    44.9462890625,
    53.6376953125,
    49.4384765625,
    49.1455078125,
    48.828125,
    46.8505859375,
    49.7314453125,
    45.0927734375,
    45.8984375,
    44.6533203125,
    42.7978515625,
    45.1171875,
    44.3603515625,
    41.5771484375,
    41.4306640625,
    46.875,
    45.99609375,
    40.9912109375,
    42.919921875,
    43.45703125,
    45.458984375,
    45.068359375,
    43.0908203125,
    44.189453125,
    42.7734375,
    41.8701171875,
    41.9677734375,
    41.6259765625,
    38.6474609375
  ],
  "rank_traj": [
    27.40691375732422,
    26.494218826293945,
    25.515289306640625,
    25.63265609741211,
    25.34511947631836,
    25.289894104003906,
    25.386987686157227,
    25.143043518066406,
    25.349971771240234,
    24.517780303955078,
    24.65427589416504,
    24.870620727539062,
    24.225183486938477,
    25.004697799682617,
    24.694955825805664,
    24.46929168701172,
    25.08043670654297,
    23.638357162475586,
    24.49237632751465,
    23.16497802734375,
    22.99273109436035,
    22.26662254333496,
    22.795650482177734,
    22.789745330810547,
    24.138437271118164,
    23.6702938079834,
    23.19939422607422,
    24.50820541381836,
    21.008991241455078,
    20.69527244567871,
    22.29673957824707,
    22.407756805419922,
    21.835277557373047,
    21.694965362548828,
    22.997709274291992,
    21.333324432373047,
    22.615718841552734,
    21.69204330444336,
    21.06772232055664,
    22.292057037353516
  ]
}