{
  "arch": "mlp",
  "hidden": 64,
  "nparam": 50890,
  "seed": 1,
  "early_acc": 58.2470703125,
  "late_acc": 41.8505859375,
  "late_rank": 21.087461853027342,
  "task_acc": [
    60.546875,
    56.8359375,
    58.2763671875,
    57.8369140625,
    57.7392578125,
    53.9794921875,
    55.1513671875,
    54.1748046875,
    52.2216796875,
    53.0029296875,
    50.390625,
    50.537109375,
    53.7353515625,
    53.2470703125,
    46.2646484375,
    47.412109375,
    40.0634765625,
    44.189453125,
    47.2412109375,
    41.5283203125,
    40.087890625,
    44.384765625,
    43.2861328125,
    46.5087890625,
    45.8740234375,
    44.775390625,
    45.654296875,
    48.6572265625,
    42.919921875,
    44.140625,
    45.556640625,
    46.3134765625,
    44.4580078125,
    44.287109375,
    38.96484375,
    43.2861328125,
    37.451171875,
    38.9892578125,
    39.8681640625,
    39.3310546875
  ],
  "rank_traj": [
    26.234943389892578,
    26.345932006835938,
    26.481815338134766,
    26.104005813598633,
    26.847349166870117,
    25.669933319091797,
    26.113449096679688,
    25.876956939697266,
    25.98246192932129,
    25.751436233520508,
    26.64283561706543,
    26.204288482666016,
    26.052759170532227,
    25.387163162231445,
    25.177873611450195,
    25.49062728881836,
    23.19046401977539,
    24.45761489868164,
    22.70226287841797,
    23.067399978637695,
    23.865846633911133,
    23.70805549621582,
    21.554489135742188,
    24.543338775634766,
    23.422531127929688,
    23.699872970581055,
    23.5883731842041,
    24.069625854492188,
    21.638612747192383,
    24.761507034301758,
    24.0123233795166,
    21.337087631225586,
    22.47095489501953,
    21.64222526550293,
    20.281723022460938,
    20.4399356842041,
    20.5510311126709,
    19.720016479492188,
    20.279376983642578,
    20.139944076538086
  ]
}