{
  "method": "adam",
  "seed": 2,
  "early_acc": 55.02962962962963,
  "late_acc": 54.07925925925925,
  "late_test_acc": 59.64000000000001,
  "test_acc": [
    56.4,
    40.8,
    69.2,
    58.0,
    62.6,
    63.6,
    59.4,
    58.0,
    57.8,
    63.8,
    67.0,
    65.0,
    56.0,
    56.0,
    56.0,
    64.4,
    65.4,
    53.0,
    73.8,
    61.4,
    50.6,
    63.6,
    54.4,
    58.2,
    51.6
  ],
  "ntk": null,
  "blockrank": null,
  "adapt_traj": [
    [
      34.6,
      62.4,
      56.4
    ],
    [
      36.2,
      37.8,
      40.8
    ],
    [
      47.6,
      58.6,
      69.2
    ],
    [
      46.8,
      45.6,
      58.0
    ],
    [
      48.8,
      47.0,
      62.6
    ],
    [
      43.4,
      54.0,
      63.6
    ],
    [
      45.4,
      64.6,
      59.4
    ],
    [
      48.0,
      62.0,
      58.0
    ],
    [
      52.0,
      59.8,
      57.8
    ],
    [
      51.4,
      64.6,
      63.8
    ],
    [
      58.4,
      60.8,
      67.0
    ],
    [
      49.4,
      61.8,
      65.0
    ],
    [
      43.6,
      49.0,
      56.0
    ],
    [
      50.4,
      58.2,
      56.0
    ],
    [
      40.4,
      50.4,
      56.0
    ],
    [
      43.4,
      52.2,
      64.4
    ],
    [
      50.8,
      64.2,
      65.4
    ],
    [
      39.2,
      55.6,
      53.0
    ],
    [
      62.2,
      56.8,
      73.8
    ],
    [
      50.4,
      58.0,
      61.4
    ],
    [
      46.8,
      54.0,
      50.6
    ],
    [
      51.6,
      60.8,
      63.6
    ],
    [
      50.8,
      54.2,
      54.4
    ],
    [
      48.0,
      55.2,
      58.2
    ],
    [
      36.6,
      49.0,
      51.6
    ]
  ],
  "plasticity_drop": 0.9503703703703792,
  "mean_acc": 55.180148148148156,
  "task_acc": [
    56.237037037037034,
    44.34074074074074,
    60.80740740740741,
    56.525925925925925,
    57.237037037037034,
    56.592592592592595,
    58.03703703703704,
    61.407407407407405,
    59.31111111111111,
    59.60740740740741,
    56.71111111111111,
    56.65925925925926,
    49.55555555555556,
    57.53333333333333,
    48.148148148148145,
    53.56296296296296,
    58.7037037037037,
    51.385185185185186,
    61.11851851851852,
    54.44444444444444,
    51.01481481481481,
    56.96296296296296,
    55.474074074074075,
    51.57037037037037,
    46.55555555555556
  ],
  "rank_traj": []
}