{
  "method": "adamo",
  "seed": 0,
  "early_acc": 66.71259259259259,
  "late_acc": 79.81333333333333,
  "late_test_acc": 71.64000000000001,
  "test_acc": [
    45.6,
    56.6,
    61.0,
    72.0,
    62.8,
    66.6,
    68.2,
    51.2,
    53.4,
    69.6,
    69.0,
    67.6,
    59.0,
    56.0,
    68.2,
    68.4,
    67.4,
    64.2,
    76.2,
    77.2,
    77.6,
    71.6,
    68.8,
    79.0,
    66.0
  ],
  "ntk": null,
  "blockrank": null,
  "adapt_traj": [
    [
      42.2,
      46.6,
      45.6
    ],
    [
      50.6,
      61.6,
      56.6
    ],
    [
      58.2,
      60.0,
      61.0
    ],
    [
      57.0,
      65.4,
      72.0
    ],
    [
      62.0,
      55.6,
      62.8
    ],
    [
      58.2,
      71.8,
      66.6
    ],
    [
      58.0,
      67.4,
      68.2
    ],
    [
      54.0,
      52.8,
      51.2
    ],
    [
      50.6,
      54.8,
      53.4
    ],
    [
      69.8,
      73.6,
      69.6
    ],
    [
      58.0,
      68.2,
      69.0
    ],
    [
      71.6,
      70.2,
      67.6
    ],
    [
      58.8,
      61.4,
      59.0
    ],
    [
      50.0,
      49.2,
      56.0
    ],
    [
      65.0,
      64.4,
      68.2
    ],
    [
      69.2,
      60.6,
      68.4
    ],
    [
      55.0,
      66.8,
      67.4
    ],
    [
      63.6,
      68.4,
      64.2
    ],
    [
      56.4,
      74.8,
      76.2
    ],
    [
      66.8,
      75.6,
      77.2
    ],
    [
      66.2,
      73.2,
      77.6
    ],
    [
      63.4,
      66.0,
      71.6
    ],
    [
      59.6,
      69.6,
      68.8
    ],
    [
      67.8,
      72.4,
      79.0
    ],
    [
      61.2,
      59.4,
      66.0
    ]
  ],
  "plasticity_drop": -13.100740740740747,
  "mean_acc": 75.35703703703703,
  "task_acc": [
    56.31111111111111,
    65.0,
    68.5111111111111,
    73.21481481481482,
    70.52592592592593,
    74.5037037037037,
    77.05925925925926,
    67.47407407407407,
    68.95555555555555,
    80.46666666666667,
    71.46666666666667,
    81.17037037037036,
    77.14814814814815,
    74.27407407407408,
    79.71111111111111,
    80.31851851851852,
    76.65185185185184,
    77.58518518518518,
    80.24444444444444,
    82.44444444444444,
    80.84444444444445,
    78.27407407407408,
    80.75555555555556,
    82.45185185185186,
    78.56296296296296
  ],
  "rank_traj": []
}