{
  "method": "adam",
  "seed": 0,
  "early_acc": 56.882962962962964,
  "late_acc": 57.23777777777777,
  "late_test_acc": 65.78,
  "test_acc": [
    51.8,
    57.8,
    60.0,
    61.8,
    58.0,
    63.0,
    60.2,
    60.0,
    58.4,
    71.6,
    62.8,
    65.0,
    49.0,
    57.0,
    60.0,
    62.6,
    65.4,
    61.6,
    59.0,
    71.8,
    71.8,
    63.8,
    71.8,
    69.4,
    60.6
  ],
  "ntk": null,
  "blockrank": null,
  "adapt_traj": [
    [
      36.2,
      47.4,
      51.8
    ],
    [
      48.6,
      47.2,
      57.8
    ],
    [
      43.0,
      64.2,
      60.0
    ],
    [
      49.0,
      63.2,
      61.8
    ],
    [
      51.4,
      54.2,
      58.0
    ],
    [
      50.2,
      50.8,
      63.0
    ],
    [
      52.6,
      58.8,
      60.2
    ],
    [
      39.0,
      40.2,
      60.0
    ],
    [
      44.0,
      53.6,
      58.4
    ],
    [
      57.0,
      70.0,
      71.6
    ],
    [
      42.4,
      52.6,
      62.8
    ],
    [
      54.8,
      59.4,
      65.0
    ],
    [
      45.6,
      54.0,
      49.0
    ],
    [
      45.4,
      52.2,
      57.0
    ],
    [
      47.4,
      58.8,
      60.0
    ],
    [
      51.4,
      58.0,
      62.6
    ],
    [
      53.2,
      57.6,
      65.4
    ],
    [
      51.0,
      59.6,
      61.6
    ],
    [
      52.4,
      55.2,
      59.0
    ],
    [
      52.6,
      65.0,
      71.8
    ],
    [
      57.4,
      61.0,
      71.8
    ],
    [
      49.0,
      65.4,
      63.8
    ],
    [
      52.6,
      69.4,
      71.8
    ],
    [
      52.8,
      66.0,
      69.4
    ],
    [
      49.0,
      50.6,
      60.6
    ]
  ],
  "plasticity_drop": -0.3548148148148087,
  "mean_acc": 56.16562962962964,
  "task_acc": [
    51.28888888888889,
    56.48148148148148,
    58.37777777777778,
    63.044444444444444,
    55.22222222222222,
    58.977777777777774,
    57.71111111111111,
    45.74074074074074,
    51.733333333333334,
    63.525925925925925,
    50.05925925925926,
    57.044444444444444,
    56.98518518518519,
    51.41481481481482,
    54.15555555555556,
    58.60740740740741,
    55.54814814814815,
    52.785185185185185,
    57.84444444444444,
    58.111111111111114,
    59.42962962962963,
    55.24444444444445,
    65.06666666666666,
    57.46666666666667,
    52.27407407407407
  ],
  "rank_traj": []
}