{
  "method": "adamo",
  "seed": 1,
  "early_acc": 64.75703703703704,
  "late_acc": 79.84962962962965,
  "late_test_acc": 71.20000000000002,
  "test_acc": [
    67.8,
    56.0,
    62.0,
    63.6,
    62.8,
    62.8,
    65.6,
    53.8,
    64.8,
    64.0,
    69.8,
    74.4,
    72.0,
    71.0,
    62.8,
    75.6,
    64.4,
    74.0,
    77.6,
    75.6,
    62.4,
    79.4,
    79.4,
    60.4,
    63.2
  ],
  "ntk": null,
  "blockrank": null,
  "adapt_traj": [
    [
      52.0,
      63.8,
      67.8
    ],
    [
      48.4,
      58.6,
      56.0
    ],
    [
      56.0,
      54.6,
      62.0
    ],
    [
      50.2,
      67.2,
      63.6
    ],
    [
      64.6,
      60.6,
      62.8
    ],
    [
      55.2,
      60.6,
      62.8
    ],
    [
      54.6,
      68.0,
      65.6
    ],
    [
      54.4,
      56.8,
      53.8
    ],
    [
      48.2,
      61.8,
      64.8
    ],
    [
      47.6,
      58.2,
      64.0
    ],
    [
      67.0,
      67.2,
      69.8
    ],
    [
      67.2,
      76.6,
      74.4
    ],
    [
      65.4,
      72.6,
      72.0
    ],
    [
      66.0,
      68.8,
      71.0
    ],
    [
      55.2,
      40.4,
      62.8
    ],
    [
      74.2,
      77.2,
      75.6
    ],
    [
      53.2,
      60.4,
      64.4
    ],
    [
      66.8,
      61.4,
      74.0
    ],
    [
      68.2,
      63.0,
      77.6
    ],
    [
      66.2,
      74.0,
      75.6
    ],
    [
      60.8,
      69.6,
      62.4
    ],
    [
      73.2,
      72.8,
      79.4
    ],
    [
      57.2,
      71.4,
      79.4
    ],
    [
      70.6,
      59.8,
      60.4
    ],
    [
      58.2,
      72.0,
      63.2
    ]
  ],
  "plasticity_drop": -15.09259259259261,
  "mean_acc": 75.20148148148148,
  "task_acc": [
    62.19259259259259,
    58.22962962962963,
    61.044444444444444,
    69.4074074074074,
    72.91111111111111,
    69.2,
    76.06666666666666,
    72.91851851851852,
    75.68148148148148,
    73.4,
    77.4074074074074,
    78.12592592592593,
    81.03703703703704,
    79.45185185185186,
    74.46666666666667,
    80.60740740740741,
    75.64444444444445,
    81.51851851851852,
    80.99259259259259,
    81.67407407407407,
    78.4888888888889,
    81.55555555555556,
    80.60740740740741,
    80.4962962962963,
    76.91111111111111
  ],
  "rank_traj": []
}