{
  "method": "adam",
  "seed": 1,
  "early_acc": 54.48740740740741,
  "late_acc": 56.559259259259264,
  "late_test_acc": 61.98,
  "test_acc": [
    67.4,
    55.8,
    55.2,
    58.4,
    51.6,
    56.6,
    62.4,
    53.8,
    55.8,
    51.4,
    52.2,
    74.8,
    67.0,
    59.8,
    59.4,
    68.4,
    56.2,
    64.4,
    48.0,
    54.8,
    60.8,
    70.6,
    66.8,
    67.0,
    62.8
  ],
  "ntk": null,
  "blockrank": null,
  "adapt_traj": [
    [
      36.0,
      54.4,
      67.4
    ],
    [
      43.0,
      53.4,
      55.8
    ],
    [
      47.0,
      51.4,
      55.2
    ],
    [
      50.0,
      60.0,
      58.4
    ],
    [
      54.6,
      60.4,
      51.6
    ],
    [
      41.6,
      48.0,
      56.6
    ],
    [
      50.4,
      64.0,
      62.4
    ],
    [
      43.2,
      49.2,
      53.8
    ],
    [
      51.2,
      60.0,
      55.8
    ],
    [
      44.6,
      51.6,
      51.4
    ],
    [
      44.6,
      56.2,
      52.2
    ],
    [
      56.0,
      67.4,
      74.8
    ],
    [
      52.0,
      59.0,
      67.0
    ],
    [
      51.4,
      58.0,
      59.8
    ],
    [
      49.4,
      52.8,
      59.4
    ],
    [
      43.6,
      59.6,
      68.4
    ],
    [
      46.0,
      54.4,
      56.2
    ],
    [
      49.4,
      66.4,
      64.4
    ],
    [
      48.4,
      54.2,
      48.0
    ],
    [
      52.6,
      63.2,
      54.8
    ],
    [
      42.4,
      58.6,
      60.8
    ],
    [
      61.6,
      69.8,
      70.6
    ],
    [
      47.2,
      58.0,
      66.8
    ],
    [
      57.4,
      59.6,
      67.0
    ],
    [
      48.0,
      58.8,
      62.8
    ]
  ],
  "plasticity_drop": -2.0718518518518536,
  "mean_acc": 55.823407407407416,
  "task_acc": [
    58.82222222222222,
    49.82962962962963,
    50.1037037037037,
    54.303703703703704,
    59.37777777777778,
    50.77037037037037,
    58.91111111111111,
    51.266666666666666,
    57.18518518518518,
    51.696296296296296,
    54.82222222222222,
    60.385185185185186,
    61.46666666666667,
    57.45185185185185,
    53.6,
    57.57037037037037,
    52.888888888888886,
    59.577777777777776,
    54.925925925925924,
    55.318518518518516,
    53.82962962962963,
    60.80740740740741,
    57.696296296296296,
    59.56296296296296,
    53.41481481481482
  ],
  "rank_traj": []
}