{
  "method": "adamo",
  "seed": 2,
  "early_acc": 66.78962962962962,
  "late_acc": 77.29629629629629,
  "late_test_acc": 65.85999999999999,
  "test_acc": [
    56.0,
    53.0,
    73.0,
    68.6,
    52.6,
    62.2,
    63.2,
    65.8,
    60.0,
    65.6,
    61.8,
    69.4,
    42.4,
    65.6,
    63.8,
    70.6,
    73.8,
    63.0,
    66.0,
    68.6,
    59.8,
    64.8,
    70.0,
    63.0,
    59.0
  ],
  "ntk": null,
  "blockrank": null,
  "adapt_traj": [
    [
      39.0,
      60.8,
      56.0
    ],
    [
      40.0,
      40.6,
      53.0
    ],
    [
      58.6,
      72.0,
      73.0
    ],
    [
      63.6,
      57.8,
      68.6
    ],
    [
      57.4,
      57.6,
      52.6
    ],
    [
      61.6,
      63.6,
      62.2
    ],
    [
      49.2,
      63.8,
      63.2
    ],
    [
      65.2,
      66.0,
      65.8
    ],
    [
      55.0,
      53.2,
      60.0
    ],
    [
      59.0,
      69.2,
      65.6
    ],
    [
      52.6,
      61.6,
      61.8
    ],
    [
      65.0,
      67.8,
      69.4
    ],
    [
      52.6,
      63.8,
      42.4
    ],
    [
      60.0,
      59.6,
      65.6
    ],
    [
      57.2,
      61.2,
      63.8
    ],
    [
      56.6,
      58.6,
      70.6
    ],
    [
      64.6,
      69.8,
      73.8
    ],
    [
      59.0,
      53.6,
      63.0
    ],
    [
      57.8,
      68.4,
      66.0
    ],
    [
      63.8,
      59.2,
      68.6
    ],
    [
      52.6,
      52.8,
      59.8
    ],
    [
      59.6,
      60.0,
      64.8
    ],
    [
      63.6,
      64.4,
      70.0
    ],
    [
      63.0,
      56.8,
      63.0
    ],
    [
      46.4,
      55.8,
      59.0
    ]
  ],
  "plasticity_drop": -10.506666666666675,
  "mean_acc": 74.38844444444445,
  "task_acc": [
    60.94814814814815,
    55.577777777777776,
    73.97777777777777,
    71.05185185185185,
    72.39259259259259,
    73.58518518518518,
    75.4962962962963,
    77.57037037037037,
    76.14814814814815,
    76.32592592592593,
    74.76296296296296,
    76.27407407407408,
    72.1037037037037,
    75.57777777777778,
    74.95555555555555,
    79.99259259259259,
    79.8962962962963,
    74.99259259259259,
    80.99259259259259,
    75.60740740740741,
    75.39259259259259,
    80.1037037037037,
    79.99259259259259,
    72.68888888888888,
    73.3037037037037
  ],
  "rank_traj": []
}