{
  "method": "ptc_muon",
  "seed": 0,
  "early_acc": 70.2325925925926,
  "late_acc": 83.50666666666667,
  "late_test_acc": 73.96,
  "test_acc": [
    58.8,
    62.2,
    62.6,
    72.0,
    65.6,
    73.0,
    72.4,
    61.0,
    58.8,
    76.4,
    69.8,
    70.2,
    65.8,
    65.4,
    69.6,
    74.8,
    66.8,
    71.8,
    74.4,
    77.0,
    71.0,
    72.0,
    80.8,
    83.2,
    67.8
  ],
  "ntk": null,
  "blockrank": null,
  "adapt_traj": [
    [
      25.0,
      51.6,
      58.8
    ],
    [
      58.8,
      64.0,
      62.2
    ],
    [
      66.0,
      74.6,
      62.6
    ],
    [
      69.0,
      67.0,
      72.0
    ],
    [
      55.8,
      62.8,
      65.6
    ],
    [
      67.6,
      73.4,
      73.0
    ],
    [
      61.6,
      70.4,
      72.4
    ],
    [
      58.4,
      60.4,
      61.0
    ],
    [
      46.6,
      54.4,
      58.8
    ],
    [
      64.6,
      74.8,
      76.4
    ],
    [
      59.8,
      66.6,
      69.8
    ],
    [
      65.0,
      72.8,
      70.2
    ],
    [
      56.8,
      62.4,
      65.8
    ],
    [
      55.4,
      62.6,
      65.4
    ],
    [
      46.4,
      72.0,
      69.6
    ],
    [
      63.4,
      68.6,
      74.8
    ],
    [
      64.6,
      71.0,
      66.8
    ],
    [
      57.6,
      64.8,
      71.8
    ],
    [
      69.4,
      77.0,
      74.4
    ],
    [
      71.0,
      77.6,
      77.0
    ],
    [
      73.2,
      75.2,
      71.0
    ],
    [
      58.0,
      67.2,
      72.0
    ],
    [
      71.2,
      78.2,
      80.8
    ],
    [
      72.8,
      82.6,
      83.2
    ],
    [
      54.6,
      65.8,
      67.8
    ]
  ],
  "plasticity_drop": -13.274074074074079,
  "mean_acc": 79.34814814814814,
  "task_acc": [
    53.57037037037037,
    68.42962962962963,
    72.77037037037037,
    79.3037037037037,
    77.08888888888889,
    79.46666666666667,
    80.22962962962963,
    73.65185185185184,
    75.96296296296296,
    83.70370370370371,
    78.8,
    83.62222222222222,
    81.41481481481482,
    78.51851851851852,
    82.1037037037037,
    83.5037037037037,
    82.25185185185185,
    81.84444444444445,
    83.86666666666666,
    85.97037037037038,
    82.68888888888888,
    82.33333333333333,
    85.08888888888889,
    85.77037037037037,
    81.74814814814815
  ],
  "rank_traj": []
}