{
  "method": "ptc_muon",
  "seed": 1,
  "early_acc": 69.79555555555555,
  "late_acc": 83.04444444444445,
  "late_test_acc": 71.91999999999999,
  "test_acc": [
    63.8,
    60.6,
    61.2,
    67.0,
    75.4,
    60.4,
    71.2,
    55.4,
    63.8,
    63.0,
    72.6,
    74.4,
    63.6,
    71.0,
    64.0,
    76.6,
    61.8,
    73.4,
    69.8,
    75.4,
    71.6,
    69.2,
    71.8,
    74.4,
    75.2
  ],
  "ntk": null,
  "blockrank": null,
  "adapt_traj": [
    [
      39.8,
      44.0,
      63.8
    ],
    [
      50.4,
      59.0,
      60.6
    ],
    [
      52.4,
      65.6,
      61.2
    ],
    [
      62.4,
      65.8,
      67.0
    ],
    [
      71.0,
      76.8,
      75.4
    ],
    [
      56.2,
      64.0,
      60.4
    ],
    [
      51.6,
      74.0,
      71.2
    ],
    [
      53.6,
      55.4,
      55.4
    ],
    [
      55.6,
      62.6,
      63.8
    ],
    [
      57.2,
      65.2,
      63.0
    ],
    [
      66.0,
      71.2,
      72.6
    ],
    [
      67.4,
      72.8,
      74.4
    ],
    [
      73.2,
      64.8,
      63.6
    ],
    [
      54.4,
      70.6,
      71.0
    ],
    [
      41.8,
      64.2,
      64.0
    ],
    [
      62.2,
      76.4,
      76.6
    ],
    [
      54.4,
      64.0,
      61.8
    ],
    [
      67.0,
      73.2,
      73.4
    ],
    [
      67.4,
      71.2,
      69.8
    ],
    [
      71.2,
      71.2,
      75.4
    ],
    [
      68.0,
      70.0,
      71.6
    ],
    [
      66.2,
      75.4,
      69.2
    ],
    [
      53.8,
      75.4,
      71.8
    ],
    [
      61.2,
      73.6,
      74.4
    ],
    [
      64.6,
      71.8,
      75.2
    ]
  ],
  "plasticity_drop": -13.2488888888889,
  "mean_acc": 78.86755555555555,
  "task_acc": [
    62.1037037037037,
    63.0,
    68.6962962962963,
    76.36296296296297,
    78.81481481481481,
    75.31111111111112,
    78.87407407407407,
    78.14814814814815,
    78.41481481481482,
    78.06666666666666,
    79.36296296296297,
    81.31851851851852,
    82.81481481481481,
    81.34074074074074,
    78.61481481481482,
    82.62962962962963,
    79.96296296296296,
    83.92592592592592,
    83.27407407407408,
    82.74814814814815,
    82.61481481481482,
    83.17777777777778,
    83.46666666666667,
    85.32592592592593,
    83.31851851851852
  ],
  "rank_traj": []
}