{
  "method": "ptc_muon",
  "seed": 2,
  "early_acc": 70.5911111111111,
  "late_acc": 81.3911111111111,
  "late_test_acc": 68.6,
  "test_acc": [
    59.4,
    59.6,
    73.8,
    69.6,
    63.4,
    68.8,
    70.0,
    70.6,
    68.0,
    70.8,
    73.2,
    72.0,
    57.8,
    72.0,
    68.0,
    66.6,
    74.8,
    69.8,
    73.6,
    69.2,
    63.2,
    64.8,
    70.6,
    64.2,
    69.2
  ],
  "ntk": null,
  "blockrank": null,
  "adapt_traj": [
    [
      32.4,
      56.0,
      59.4
    ],
    [
      34.6,
      56.4,
      59.6
    ],
    [
      54.8,
      74.2,
      73.8
    ],
    [
      68.4,
      75.6,
      69.6
    ],
    [
      59.2,
      64.8,
      63.4
    ],
    [
      64.2,
      67.4,
      68.8
    ],
    [
      63.6,
      67.6,
      70.0
    ],
    [
      68.4,
      73.4,
      70.6
    ],
    [
      50.6,
      67.6,
      68.0
    ],
    [
      63.4,
      67.8,
      70.8
    ],
    [
      59.6,
      71.4,
      73.2
    ],
    [
      68.0,
      77.6,
      72.0
    ],
    [
      51.4,
      61.8,
      57.8
    ],
    [
      61.6,
      65.2,
      72.0
    ],
    [
      62.6,
      67.2,
      68.0
    ],
    [
      59.2,
      71.0,
      66.6
    ],
    [
      69.0,
      75.2,
      74.8
    ],
    [
      57.2,
      64.6,
      69.8
    ],
    [
      60.8,
      70.6,
      73.6
    ],
    [
      58.0,
      61.6,
      69.2
    ],
    [
      61.6,
      61.4,
      63.2
    ],
    [
      57.0,
      67.4,
      64.8
    ],
    [
      62.0,
      63.4,
      70.6
    ],
    [
      54.8,
      59.2,
      64.2
    ],
    [
      51.6,
      68.6,
      69.2
    ]
  ],
  "plasticity_drop": -10.799999999999997,
  "mean_acc": 78.7442962962963,
  "task_acc": [
    58.63703703703704,
    60.681481481481484,
    77.71111111111111,
    78.17777777777778,
    77.74814814814815,
    77.29629629629629,
    80.07407407407408,
    81.42222222222222,
    80.25185185185185,
    81.57037037037037,
    81.0962962962963,
    81.44444444444444,
    78.85185185185185,
    79.47407407407407,
    80.25925925925925,
    82.42962962962963,
    82.64444444444445,
    79.13333333333334,
    82.97777777777777,
    81.06666666666666,
    80.75555555555556,
    82.27407407407408,
    83.60740740740741,
    79.78518518518518,
    79.23703703703704
  ],
  "rank_traj": []
}