{
  "method": "adamo",
  "seed": 1,
  "early_acc": 52.220000000000006,
  "late_acc": 71.00200000000001,
  "ntk": null,
  "plasticity_drop": -18.782000000000004,
  "mean_acc": 63.6924,
  "task_acc": [
    51.4,
    45.75,
    49.97,
    54.0,
    59.98,
    49.88,
    58.93,
    55.76,
    58.91,
    59.54,
    66.12,
    71.19,
    69.91,
    67.59,
    63.36,
    71.28,
    63.7,
    73.42,
    71.92,
    70.37,
    70.32,
    71.84,
    73.03,
    74.24,
    69.9
  ],
  "rank_traj": []
}