{
  "method": "adam",
  "seed": 2,
  "early_acc": 42.550000000000004,
  "late_acc": 40.201,
  "ntk": null,
  "plasticity_drop": 2.3490000000000038,
  "mean_acc": 41.1132,
  "task_acc": [
    48.61,
    34.73,
    49.14,
    40.12,
    40.15,
    43.65,
    39.66,
    41.71,
    41.89,
    42.72,
    44.0,
    41.08,
    33.83,
    48.21,
    36.32,
    41.79,
    41.54,
    33.75,
    45.69,
    42.94,
    37.68,
    43.22,
    39.35,
    43.26,
    32.79
  ],
  "rank_traj": []
}