{
  "method": "ptc_adamo",
  "seed": 1,
  "early_acc": 54.47399999999999,
  "late_acc": 71.09400000000001,
  "ntk": null,
  "plasticity_drop": -16.62000000000002,
  "mean_acc": 65.52680000000001,
  "task_acc": [
    51.7,
    46.15,
    52.79,
    58.33,
    63.4,
    57.21,
    63.92,
    59.12,
    65.05,
    65.64,
    68.11,
    70.81,
    71.66,
    68.14,
    65.2,
    73.89,
    64.49,
    70.97,
    68.7,
    71.74,
    69.59,
    73.28,
    73.28,
    72.33,
    72.67
  ],
  "rank_traj": []
}