{
  "method": "adamo",
  "seed": 0,
  "early_acc": 53.338,
  "late_acc": 71.75300000000001,
  "ntk": null,
  "plasticity_drop": -18.415000000000013,
  "mean_acc": 65.07600000000001,
  "task_acc": [
    47.91,
    49.51,
    53.85,
    57.4,
    58.02,
    61.27,
    65.48,
    55.15,
    58.25,
    73.1,
    63.1,
    71.87,
    66.21,
    60.78,
    67.47,
    69.77,
    67.52,
    67.55,
    73.55,
    77.54,
    70.46,
    70.62,
    75.18,
    75.94,
    69.4
  ],
  "rank_traj": []
}