{
  "method": "adam",
  "seed": 0,
  "early_acc": 40.936,
  "late_acc": 38.979,
  "ntk": null,
  "plasticity_drop": 1.9570000000000007,
  "mean_acc": 38.283199999999994,
  "task_acc": [
    43.24,
    39.6,
    37.96,
    41.24,
    42.64,
    39.68,
    36.98,
    32.5,
    32.33,
    43.68,
    31.53,
    43.76,
    36.18,
    35.16,
    30.81,
    45.21,
    35.1,
    35.35,
    35.21,
    41.99,
    41.54,
    34.49,
    48.41,
    39.55,
    32.94
  ],
  "rank_traj": []
}