{
  "method": "muon",
  "seed": 0,
  "early_acc": 57.048,
  "late_acc": 63.189,
  "ntk": null,
  "plasticity_drop": -6.140999999999998,
  "mean_acc": 61.556400000000004,
  "task_acc": [
    48.24,
    56.28,
    59.08,
    62.1,
    59.54,
    62.12,
    63.4,
    56.35,
    59.08,
    66.72,
    59.1,
    70.88,
    61.21,
    58.52,
    64.4,
    68.95,
    61.47,
    65.02,
    61.79,
    66.71,
    61.69,
    60.96,
    66.64,
    63.25,
    55.41
  ],
  "rank_traj": []
}