{
  "method": "muon",
  "seed": 2,
  "early_acc": 59.342,
  "late_acc": 60.611000000000004,
  "ntk": null,
  "plasticity_drop": -1.2690000000000055,
  "mean_acc": 61.5564,
  "task_acc": [
    53.9,
    50.18,
    67.27,
    63.32,
    62.04,
    64.6,
    62.6,
    65.57,
    65.57,
    66.88,
    66.14,
    62.53,
    57.72,
    63.98,
    60.5,
    66.7,
    66.21,
    58.03,
    62.4,
    58.5,
    55.43,
    63.05,
    64.03,
    59.99,
    51.77
  ],
  "rank_traj": []
}