{
  "method": "ptc_muon",
  "seed": 2,
  "early_acc": 63.040000000000006,
  "late_acc": 78.94300000000001,
  "ntk": null,
  "plasticity_drop": -15.903000000000006,
  "mean_acc": 74.2068,
  "task_acc": [
    53.49,
    51.98,
    69.9,
    71.23,
    68.6,
    68.71,
    74.29,
    74.95,
    75.37,
    77.63,
    76.24,
    77.42,
    73.66,
    75.85,
    76.42,
    81.0,
    79.14,
    75.24,
    81.54,
    79.74,
    77.19,
    79.58,
    81.79,
    76.33,
    77.88
  ],
  "rank_traj": []
}