{
  "method": "ptc_muon",
  "seed": 1,
  "early_acc": 61.501999999999995,
  "late_acc": 81.345,
  "ntk": null,
  "plasticity_drop": -19.843000000000004,
  "mean_acc": 74.7912,
  "task_acc": [
    54.73,
    54.81,
    60.55,
    66.39,
    71.03,
    67.32,
    72.9,
    70.27,
    73.01,
    73.28,
    76.56,
    78.51,
    81.65,
    78.97,
    76.35,
    80.08,
    75.68,
    81.98,
    82.19,
    81.7,
    80.61,
    81.94,
    81.96,
    84.61,
    82.7
  ],
  "rank_traj": []
}