{
  "method": "ptc_muon",
  "seed": 0,
  "early_acc": 63.620000000000005,
  "late_acc": 81.34400000000001,
  "ntk": null,
  "plasticity_drop": -17.724000000000004,
  "mean_acc": 75.586,
  "task_acc": [
    48.3,
    63.83,
    62.42,
    73.05,
    70.5,
    74.75,
    77.14,
    69.47,
    69.35,
    79.58,
    74.91,
    79.82,
    77.45,
    76.56,
    79.08,
    80.74,
    80.54,
    80.54,
    81.55,
    83.36,
    81.56,
    79.83,
    83.11,
    83.68,
    78.53
  ],
  "rank_traj": []
}